[INFO][AppLauncher]: Using device: cuda:0
[INFO][AppLauncher]: Loading experience file: /home/xiexuhui/IsaacLab-Instinct/apps/isaaclab.python.headless.kit
Loading user config located at: '/home/xiexuhui/miniconda3/envs/instinctlab/lib/python3.11/site-packages/isaacsim/kit/data/Kit/Isaac-Sim/5.1/user.config.json'
[Info] [carb] Logging to file: /home/xiexuhui/miniconda3/envs/instinctlab/lib/python3.11/site-packages/isaacsim/kit/logs/Kit/Isaac-Sim/5.1/kit_20260924_222817.log
2026-09-24T14:28:17Z [65ms] [Warning] [omni.usd_config.extension] Enable omni.materialx.libs extension to use MaterialX
2026-09-24T14:28:17Z [415ms] [Warning] [carb] Acquiring non optional plugin interface which is not listed as dependency: [omni::physx::IPhysxBenchmarks v1.0] (plugin: <default plugin>), by client: omni.physics.physx.plugin. Add it to CARB_PLUGIN_IMPL_DEPS() macro of a client.
2026-09-24T14:28:17Z [422ms] [Warning] [omni.isaac.dynamic_control] omni.isaac.dynamic_control is deprecated as of Isaac Sim 4.5. No action is needed from end-users.
2026-09-24T14:28:20Z [2,644ms] [Warning] [gpu.foundation.plugin] Skipping unsupported non-NVIDIA GPU: Intel(R) Graphics (ARL)
2026-09-24T14:28:20Z [2,644ms] [Warning] [gpu.foundation.plugin] Skipping unsupported non-NVIDIA GPU: Intel(R) Graphics (ARL)

|---------------------------------------------------------------------------------------------|
| Driver Version: 580.173.02    | Graphics API: Vulkan
|=============================================================================================|
| GPU | Name                             | Active | LDA | GPU Memory | Vendor-ID | LUID       |
|     |                                  |        |     |            | Device-ID | UUID       |
|     |                                  |        |     |            | Bus-ID    |            |
|---------------------------------------------------------------------------------------------|
| 0   | NVIDIA GeForce RTX 5070 Laptop.. | Yes: 0 |     | 8151    MB | 10de      | 0          |
|     |                                  |        |     |            | 2d58      | e21cdd6c.. |
|     |                                  |        |     |            | 2         |            |
|---------------------------------------------------------------------------------------------|
| 1   | Intel(R) Graphics (ARL)          |        |     | 23633   MB | 8086      | 0          |
|     |                                  |        |     |            | 7d67      | 8680677d.. |
|     |                                  |        |     |            | 0         |            |
|=============================================================================================|
| OS: 24.04.3 LTS (Noble Numbat) ubuntu, Version: 24.04.3, Kernel: 7.0.0-30-generic
| XServer Vendor: The X.Org Foundation, XServer Version: 12101011 (1.21.1.11)
| Processor: Intel(R) Core(TM) Ultra 9 275HX
| Cores: 24 | Logical Cores: 24
|---------------------------------------------------------------------------------------------|
| Total Memory (MB): 31511 | Free Memory: 23255
| Total Page/Swap (MB): 15624 | Free Page/Swap: 15624
|---------------------------------------------------------------------------------------------|
2026-09-24T14:28:20Z [2,895ms] [Warning] [gpu.foundation.plugin] CPU performance profile is set to powersave. This profile sets the CPU to the lowest frequency reducing performance.
2026-09-24T14:28:20Z [2,904ms] [Warning] [gpu.foundation.plugin] PCIe link width current (8) and maximum (16) for device 0 don't match.
2026-09-24T14:28:20Z [2,904ms] [Warning] [gpu.foundation.plugin] IOMMU is enabled.
2026-09-24T14:28:20Z [2,904ms] [Warning] [gpu.foundation.plugin] Detected IOMMU is enabled. Running CUDA peer-to-peer bandwidth and latency validation.
Unidirectional P2P=Enabled Bandwidth (P2P Writes) Matrix (GB/s)
   D\D     0 
     0 263.14 
P2P=Enabled Latency (P2P Writes) Matrix (us)
   GPU     0 
     0   2.09 

   CPU     0 
     0   1.58 
Failed to import RslRlVecEnvWrapper, ignoring...
[INFO]: Parsing configuration from: <class 'instinctlab.tasks.locomotion.config.g1.forward_research_env_cfg.G1ForwardResearchEnvCfg'>
[INFO]: Parsing configuration from: instinctlab.tasks.locomotion.config.g1.agents.instinct_rl_ppo_cfg:G1FlatPPORunnerCfg
[INFO] Logging experiment in directory: /home/xiexuhui/InstinctLab/logs/e1-d8/fixed_lr_20260924/train

[36m======================================================================================[0m
[36m[1m[INFO][IsaacLab]: Logging to file: /tmp/isaaclab/logs/isaaclab_2026-09-24_22-28-22.log[0m
[36m======================================================================================[0m

[33m22:28:22 [simulation_context.py] WARNING: The `enable_external_forces_every_iteration` parameter in the PhysxCfg is set to False. If you are experiencing noisy velocities, consider enabling this flag. You may need to slightly increase the number of velocity iterations (setting it to 1 or 2 rather than 0), together with this flag, to improve the accuracy of velocity updates.[0m
[INFO]: Base environment:
	Environment device    : cuda:0
	Environment seed      : 42
	Physics step-size     : 0.005
	Rendering step-size   : 0.02
	Environment step-size : 0.02
2026-09-24T14:28:25Z [8,391ms] [Warning] [gpu.foundation.plugin] Skipping unsupported non-NVIDIA GPU: Intel(R) Graphics (ARL)
2026-09-24T14:28:25Z [8,391ms] [Warning] [gpu.foundation.plugin] Skipping unsupported non-NVIDIA GPU: Intel(R) Graphics (ARL)

|---------------------------------------------------------------------------------------------|
| Driver Version: 580.173.02    | Graphics API: Vulkan
|=============================================================================================|
| GPU | Name                             | Active | LDA | GPU Memory | Vendor-ID | LUID       |
|     |                                  |        |     |            | Device-ID | UUID       |
|     |                                  |        |     |            | Bus-ID    |            |
|---------------------------------------------------------------------------------------------|
| 0   | NVIDIA GeForce RTX 5070 Laptop.. | Yes: 0 |     | 8151    MB | 10de      | 0          |
|     |                                  |        |     |            | 2d58      | e21cdd6c.. |
|     |                                  |        |     |            | 2         |            |
|---------------------------------------------------------------------------------------------|
| 1   | Intel(R) Graphics (ARL)          |        |     | 23633   MB | 8086      | 0          |
|     |                                  |        |     |            | 7d67      | 8680677d.. |
|     |                                  |        |     |            | 0         |            |
|=============================================================================================|
| OS: 24.04.3 LTS (Noble Numbat) ubuntu, Version: 24.04.3, Kernel: 7.0.0-30-generic
| XServer Vendor: The X.Org Foundation, XServer Version: 12101011 (1.21.1.11)
| Processor: Intel(R) Core(TM) Ultra 9 275HX
| Cores: 24 | Logical Cores: 24
|---------------------------------------------------------------------------------------------|
| Total Memory (MB): 31511 | Free Memory: 22870
| Total Page/Swap (MB): 15624 | Free Page/Swap: 15624
|---------------------------------------------------------------------------------------------|
2026-09-24T14:28:26Z [8,704ms] [Warning] [gpu.foundation.plugin] CPU performance profile is set to powersave. This profile sets the CPU to the lowest frequency reducing performance.
2026-09-24T14:28:26Z [8,705ms] [Warning] [gpu.foundation.plugin] PCIe link width current (8) and maximum (16) for device 0 don't match.
Unidirectional P2P=Enabled Bandwidth (P2P Writes) Matrix (GB/s)
   D\D     0 
     0 240.36 
P2P=Enabled Latency (P2P Writes) Matrix (us)
   GPU     0 
     0   2.07 

   CPU     0 
     0   1.68 
2026-09-24T14:28:26Z [8,716ms] [Warning] [gpu.foundation.plugin] IOMMU is enabled.
2026-09-24T14:28:26Z [8,716ms] [Warning] [gpu.foundation.plugin] Detected IOMMU is enabled. Running CUDA peer-to-peer bandwidth and latency validation.
Unidirectional P2P=Enabled Bandwidth (P2P Writes) Matrix (GB/s)
   D\D     0 
     0 240.68 
P2P=Enabled Latency (P2P Writes) Matrix (us)
   GPU     0 
     0   2.09 

   CPU     0 
     0   1.54 
2026-09-24T14:28:26Z [9,426ms] [Warning] [omni.graph.visualization.nodes._impl.extension] No Viewport Window to add omni.graph.visualization.nodes-2.1.3 scene to
2026-09-24T14:28:26Z [9,474ms] [Warning] [isaacsim.asset.importer.urdf] DEPRECATION WARNING: Merging bodies with inertia is deprecated. This will be removed in a future release.
2026-09-24T14:28:26Z [9,474ms] [Warning] [isaacsim.asset.importer.urdf] link head_link has body properties (mass, inertia, or collisions) and is being merged into torso_link
2026-09-24T14:28:26Z [9,474ms] [Warning] [isaacsim.asset.importer.urdf] DEPRECATION WARNING: Merging bodies with inertia is deprecated. This will be removed in a future release.
2026-09-24T14:28:26Z [9,474ms] [Warning] [isaacsim.asset.importer.urdf] link imu_in_torso has body properties (mass, inertia, or collisions) and is being merged into torso_link
2026-09-24T14:28:26Z [9,474ms] [Warning] [isaacsim.asset.importer.urdf] DEPRECATION WARNING: Merging bodies with inertia is deprecated. This will be removed in a future release.
2026-09-24T14:28:26Z [9,474ms] [Warning] [isaacsim.asset.importer.urdf] link left_rubber_hand has body properties (mass, inertia, or collisions) and is being merged into left_wrist_yaw_link
2026-09-24T14:28:26Z [9,474ms] [Warning] [isaacsim.asset.importer.urdf] DEPRECATION WARNING: Merging bodies with inertia is deprecated. This will be removed in a future release.
2026-09-24T14:28:26Z [9,474ms] [Warning] [isaacsim.asset.importer.urdf] link logo_link has body properties (mass, inertia, or collisions) and is being merged into torso_link
2026-09-24T14:28:26Z [9,474ms] [Warning] [isaacsim.asset.importer.urdf] DEPRECATION WARNING: Merging bodies with inertia is deprecated. This will be removed in a future release.
2026-09-24T14:28:26Z [9,474ms] [Warning] [isaacsim.asset.importer.urdf] link mid360_link has body properties (mass, inertia, or collisions) and is being merged into torso_link
2026-09-24T14:28:26Z [9,474ms] [Warning] [isaacsim.asset.importer.urdf] DEPRECATION WARNING: Merging bodies with inertia is deprecated. This will be removed in a future release.
2026-09-24T14:28:26Z [9,474ms] [Warning] [isaacsim.asset.importer.urdf] link right_rubber_hand has body properties (mass, inertia, or collisions) and is being merged into right_wrist_yaw_link
2026-09-24T14:28:26Z [9,474ms] [Warning] [isaacsim.asset.importer.urdf] DEPRECATION WARNING: Merging bodies with inertia is deprecated. This will be removed in a future release.
2026-09-24T14:28:26Z [9,474ms] [Warning] [isaacsim.asset.importer.urdf] link imu_in_pelvis has body properties (mass, inertia, or collisions) and is being merged into pelvis
2026-09-24T14:28:26Z [9,474ms] [Warning] [isaacsim.asset.importer.urdf] DEPRECATION WARNING: Merging bodies with inertia is deprecated. This will be removed in a future release.
2026-09-24T14:28:26Z [9,474ms] [Warning] [isaacsim.asset.importer.urdf] link LL_FOOT has body properties (mass, inertia, or collisions) and is being merged into left_ankle_roll_link
2026-09-24T14:28:26Z [9,474ms] [Warning] [isaacsim.asset.importer.urdf] DEPRECATION WARNING: Merging bodies with inertia is deprecated. This will be removed in a future release.
2026-09-24T14:28:26Z [9,474ms] [Warning] [isaacsim.asset.importer.urdf] link pelvis_contour_link has body properties (mass, inertia, or collisions) and is being merged into pelvis
2026-09-24T14:28:26Z [9,474ms] [Warning] [isaacsim.asset.importer.urdf] DEPRECATION WARNING: Merging bodies with inertia is deprecated. This will be removed in a future release.
2026-09-24T14:28:26Z [9,474ms] [Warning] [isaacsim.asset.importer.urdf] link LR_FOOT has body properties (mass, inertia, or collisions) and is being merged into right_ankle_roll_link
[INFO]: Time taken for scene creation : 5.415176 seconds
[INFO]: Scene manager:  <class InteractiveScene>
	Number of environments: 64
	Environment spacing   : 2.5
	Source prim name      : /World/envs/env_0
	Global prim paths     : ['/World/ground']
	Replicate physics     : True
[INFO]: Starting the simulation. This may take a few seconds. Please wait...
[INFO]: Time taken for simulation start : 0.584397 seconds
[INFO] Command Manager:  <CommandManager> contains 1 active terms.
+------------------------------------------------+
|              Active Command Terms              |
+-------+---------------+------------------------+
| Index | Name          |          Type          |
+-------+---------------+------------------------+
|   0   | base_velocity | UniformVelocityCommand |
+-------+---------------+------------------------+

[INFO] Event Manager:  <EventManager> contains 3 active terms.
+--------------------------------------+
| Active Event Terms in Mode: 'startup' |
+----------+---------------------------+
|  Index   | Name                      |
+----------+---------------------------+
|    0     | physics_material          |
|    1     | add_base_mass             |
+----------+---------------------------+
+---------------------------------------+
|  Active Event Terms in Mode: 'reset'  |
+--------+------------------------------+
| Index  | Name                         |
+--------+------------------------------+
|   0    | base_external_force_torque   |
|   1    | reset_base                   |
|   2    | reset_robot_joints           |
+--------+------------------------------+
+----------------------------------------------+
|    Active Event Terms in Mode: 'interval'    |
+-------+------------+-------------------------+
| Index | Name       | Interval time range (s) |
+-------+------------+-------------------------+
|   0   | push_robot |       (10.0, 15.0)      |
+-------+------------+-------------------------+

[INFO] Recorder Manager:  <RecorderManager> contains 0 active terms.
+---------------------+
| Active Recorder Terms |
+-----------+---------+
|   Index   | Name    |
+-----------+---------+
+-----------+---------+

[INFO] Action Manager:  <ActionManager> contains 1 active terms.
+------------------------------------+
|  Active Action Terms (shape: 29)   |
+--------+-------------+-------------+
| Index  | Name        |   Dimension |
+--------+-------------+-------------+
|   0    | joint_pos   |          29 |
+--------+-------------+-------------+

[INFO] Observation Manager: <ObservationManager> contains 2 groups.
+---------------------------------------------+
| Active Observation Terms in Group: 'policy' |
+---------+-------------------------+---------+
|  Index  | Name                    |  Shape  |
+---------+-------------------------+---------+
|    0    | base_ang_vel            |   (3,)  |
|    1    | projected_gravity       |   (3,)  |
|    2    | velocity_commands       |   (3,)  |
|    3    | joint_pos               |  (29,)  |
|    4    | joint_vel               |  (29,)  |
|    5    | actions                 |  (29,)  |
+---------+-------------------------+---------+
+---------------------------------------------+
| Active Observation Terms in Group: 'critic' |
+---------+-------------------------+---------+
|  Index  | Name                    |  Shape  |
+---------+-------------------------+---------+
|    0    | base_lin_vel            |   (3,)  |
|    1    | base_ang_vel            |   (3,)  |
|    2    | projected_gravity       |   (3,)  |
|    3    | velocity_commands       |   (3,)  |
|    4    | joint_pos               |  (29,)  |
|    5    | joint_vel               |  (29,)  |
|    6    | actions                 |  (29,)  |
+---------+-------------------------+---------+

[INFO] Termination Manager:  <TerminationManager> contains 2 active terms.
+---------------------------------+
|     Active Termination Terms    |
+-------+--------------+----------+
| Index | Name         | Time Out |
+-------+--------------+----------+
|   0   | time_out     |   True   |
|   1   | primary_fall |  False   |
+-------+--------------+----------+

[INFO] Reward Manager:  <RewardManager> contains 16 active terms.
+----------------------------------------+
|          Active Reward Terms           |
+-------+-----------------------+--------+
| Index | Name                  | Weight |
+-------+-----------------------+--------+
|   0   | termination_penalty   | -200.0 |
|   1   | track_lin_vel_xy_exp  |    1.0 |
|   2   | track_ang_vel_z_exp   |    1.0 |
|   3   | feet_air_time         |    1.0 |
|   4   | feet_slide            |   -0.1 |
|   5   | flat_orientation_l2   |   -1.0 |
|   6   | stand_still           |   -0.8 |
|   7   | dof_pos_limits        |   -1.0 |
|   8   | joint_deviation_hip   |   -0.1 |
|   9   | joint_deviation_arms  |   -0.1 |
|   10  | joint_deviation_torso |   -0.1 |
|   11  | joint_deviation_knee  |  -0.05 |
|   12  | lin_vel_z_l2          |   -0.1 |
|   13  | action_rate_l2        |  -0.05 |
|   14  | dof_acc_l2            | -2e-07 |
|   15  | dof_torques_l2        | -4e-06 |
+-------+-----------------------+--------+

[INFO] Curriculum Manager:  <CurriculumManager> contains 0 active terms.
+----------------------+
| Active Curriculum Terms |
+-----------+----------+
|   Index   | Name     |
+-----------+----------+
+-----------+----------+

[INFO] Monitor Manager:  <MonitorManager> contains 0 active groups.
+------------------------+
|  Active Monitor Terms  |
+--------+-------+-------+
| Index  |  Name |  Func |
+--------+-------+-------+
+--------+-------+-------+

[INFO]: Completed setting up the environment...
2026-09-24T14:28:30Z [12,740ms] [Warning] [omni.physx.fabric.plugin] FabricManager::initializePointInstancer mismatched prototypes on point instancer: /Visuals/Command/velocity_current.
2026-09-24T14:28:30Z [12,740ms] [Warning] [omni.physx.fabric.plugin] FabricManager::initializePointInstancer mismatched prototypes on point instancer: /Visuals/Command/velocity_goal.
obs_format to build ActorCritic: {'policy': {'base_ang_vel': (3,), 'projected_gravity': (3,), 'velocity_commands': (3,), 'joint_pos': (29,), 'joint_vel': (29,), 'actions': (29,)}, 'critic': {'base_lin_vel': (3,), 'base_ang_vel': (3,), 'projected_gravity': (3,), 'velocity_commands': (3,), 'joint_pos': (29,), 'joint_vel': (29,), 'actions': (29,)}}
Actor MLP: Sequential(
  (0): Linear(in_features=96, out_features=256, bias=True)
  (1): ELU(alpha=1.0)
  (2): Linear(in_features=256, out_features=128, bias=True)
  (3): ELU(alpha=1.0)
  (4): Linear(in_features=128, out_features=128, bias=True)
  (5): ELU(alpha=1.0)
  (6): Linear(in_features=128, out_features=29, bias=True)
)
Critic MLP: Sequential(
  (0): Linear(in_features=99, out_features=256, bias=True)
  (1): ELU(alpha=1.0)
  (2): Linear(in_features=256, out_features=128, bias=True)
  (3): ELU(alpha=1.0)
  (4): Linear(in_features=128, out_features=128, bias=True)
  (5): ELU(alpha=1.0)
  (6): Linear(in_features=128, out_features=1, bias=True)
)
[INFO]: Initialization done, start learning.
NOTE: you may see a bunch of `NaN or Inf found in input tensor` once and appears in the log. Just ignore it if it does not affect the performance.
Storing git diff for 'instinct_rl' in: /home/xiexuhui/InstinctLab/logs/e1-d8/fixed_lr_20260924/train/20260924_222822_G1ForwardResearch_E1_D8_ForwardResearch_fixed_lr_s42/git/instinct_rl_ba45ed2.diff
Storing git diff for 'InstinctLab' in: /home/xiexuhui/InstinctLab/logs/e1-d8/fixed_lr_20260924/train/20260924_222822_G1ForwardResearch_E1_D8_ForwardResearch_fixed_lr_s42/git/InstinctLab_ba28d3d.diff
################################################################################
                      [1m Learning iteration 0/1302 [0m                       

                       Computation: 956 steps/s (collection: 1.364s, learning 0.242s)
                     surrogate_loss -0.0814
                         value_loss 0.0099
                            entropy 5.5013
                         total_loss -0.0275
               Value function loss: 0.0099
                    Surrogate loss: -0.0814
             Mean action noise std: 0.20
Mean episode Episode_Reward/termination_penalty: 0.0000
Mean episode Episode_Reward/track_lin_vel_xy_exp: 0.0000
Mean episode Episode_Reward/track_ang_vel_z_exp: 0.0000
Mean episode Episode_Reward/feet_air_time: 0.0000
Mean episode Episode_Reward/feet_slide: 0.0000
Mean episode Episode_Reward/flat_orientation_l2: 0.0000
Mean episode Episode_Reward/stand_still: 0.0000
Mean episode Episode_Reward/dof_pos_limits: 0.0000
Mean episode Episode_Reward/joint_deviation_hip: 0.0000
Mean episode Episode_Reward/joint_deviation_arms: 0.0000
Mean episode Episode_Reward/joint_deviation_torso: 0.0000
Mean episode Episode_Reward/joint_deviation_knee: 0.0000
Mean episode Episode_Reward/lin_vel_z_l2: 0.0000
Mean episode Episode_Reward/action_rate_l2: 0.0000
Mean episode Episode_Reward/dof_acc_l2: 0.0000
Mean episode Episode_Reward/dof_torques_l2: 0.0000
Mean episode Metrics/base_velocity/error_vel_xy: 0.0000
Mean episode Metrics/base_velocity/error_vel_yaw: 0.0000
Mean episode Episode_Termination/time_out: 0.0000
Mean episode Episode_Termination/primary_fall: 0.0000
--------------------------------------------------------------------------------
                   Total timesteps: 1536
                    Iteration time: 1.61s
                        Total time: 1.61s
                               ETA: 2090.5s

################################################################################
                      [1m Learning iteration 10/1302 [0m                      

                       Computation: 1209 steps/s (collection: 1.180s, learning 0.090s)
                     surrogate_loss -0.0600
                         value_loss 0.3039
                            entropy 5.2111
                         total_loss 0.2856
             Mean action noise std: 0.20
                       Mean reward: -3.84
               Mean episode length: 48.50
Mean episode Episode_Reward/termination_penalty: -0.2000
Mean episode Episode_Reward/track_lin_vel_xy_exp: 0.0101
Mean episode Episode_Reward/track_ang_vel_z_exp: 0.0207
Mean episode Episode_Reward/feet_air_time: 0.0001
Mean episode Episode_Reward/feet_slide: -0.0009
Mean episode Episode_Reward/flat_orientation_l2: -0.0088
Mean episode Episode_Reward/stand_still: 0.0000
Mean episode Episode_Reward/dof_pos_limits: -0.0008
Mean episode Episode_Reward/joint_deviation_hip: -0.0012
Mean episode Episode_Reward/joint_deviation_arms: -0.0025
Mean episode Episode_Reward/joint_deviation_torso: -0.0013
Mean episode Episode_Reward/joint_deviation_knee: -0.0007
Mean episode Episode_Reward/lin_vel_z_l2: -0.0003
Mean episode Episode_Reward/action_rate_l2: -0.0062
Mean episode Episode_Reward/dof_acc_l2: -0.0001
Mean episode Episode_Reward/dof_torques_l2: -0.0002
Mean episode Metrics/base_velocity/error_vel_xy: 0.0094
Mean episode Metrics/base_velocity/error_vel_yaw: 0.0065
Mean episode Episode_Termination/time_out: 0.0000
Mean episode Episode_Termination/primary_fall: 1.0000
--------------------------------------------------------------------------------
                   Total timesteps: 3072
                    Iteration time: 1.27s
                        Total time: 13.26s
                               ETA: 1557.7s

################################################################################
                      [1m Learning iteration 20/1302 [0m                      

                       Computation: 1299 steps/s (collection: 1.096s, learning 0.086s)
                     surrogate_loss -0.0668
                         value_loss 0.0724
                            entropy 5.1329
                         total_loss 0.0466
             Mean action noise std: 0.20
                       Mean reward: -3.81
               Mean episode length: 48.10
Mean episode Episode_Reward/termination_penalty: -0.2000
Mean episode Episode_Reward/track_lin_vel_xy_exp: 0.0071
Mean episode Episode_Reward/track_ang_vel_z_exp: 0.0189
Mean episode Episode_Reward/feet_air_time: 0.0001
Mean episode Episode_Reward/feet_slide: -0.0009
Mean episode Episode_Reward/flat_orientation_l2: -0.0068
Mean episode Episode_Reward/stand_still: 0.0000
Mean episode Episode_Reward/dof_pos_limits: -0.0006
Mean episode Episode_Reward/joint_deviation_hip: -0.0014
Mean episode Episode_Reward/joint_deviation_arms: -0.0023
Mean episode Episode_Reward/joint_deviation_torso: -0.0012
Mean episode Episode_Reward/joint_deviation_knee: -0.0006
Mean episode Episode_Reward/lin_vel_z_l2: -0.0004
Mean episode Episode_Reward/action_rate_l2: -0.0061
Mean episode Episode_Reward/dof_acc_l2: -0.0001
Mean episode Episode_Reward/dof_torques_l2: -0.0002
Mean episode Metrics/base_velocity/error_vel_xy: 0.0097
Mean episode Metrics/base_velocity/error_vel_yaw: 0.0064
Mean episode Episode_Termination/time_out: 0.0000
Mean episode Episode_Termination/primary_fall: 1.0000
--------------------------------------------------------------------------------
                   Total timesteps: 4608
                    Iteration time: 1.18s
                        Total time: 25.38s
                               ETA: 1549.4s

################################################################################
                      [1m Learning iteration 30/1302 [0m                      

                       Computation: 1283 steps/s (collection: 1.109s, learning 0.088s)
                     surrogate_loss -0.0610
                         value_loss 0.0464
                            entropy 5.0881
                         total_loss 0.0262
             Mean action noise std: 0.20
                       Mean reward: -3.80
               Mean episode length: 48.46
Mean episode Episode_Reward/termination_penalty: -0.2000
Mean episode Episode_Reward/track_lin_vel_xy_exp: 0.0094
Mean episode Episode_Reward/track_ang_vel_z_exp: 0.0208
Mean episode Episode_Reward/feet_air_time: 0.0001
Mean episode Episode_Reward/feet_slide: -0.0010
Mean episode Episode_Reward/flat_orientation_l2: -0.0072
Mean episode Episode_Reward/stand_still: 0.0000
Mean episode Episode_Reward/dof_pos_limits: -0.0007
Mean episode Episode_Reward/joint_deviation_hip: -0.0014
Mean episode Episode_Reward/joint_deviation_arms: -0.0026
Mean episode Episode_Reward/joint_deviation_torso: -0.0013
Mean episode Episode_Reward/joint_deviation_knee: -0.0007
Mean episode Episode_Reward/lin_vel_z_l2: -0.0004
Mean episode Episode_Reward/action_rate_l2: -0.0067
Mean episode Episode_Reward/dof_acc_l2: -0.0001
Mean episode Episode_Reward/dof_torques_l2: -0.0002
Mean episode Metrics/base_velocity/error_vel_xy: 0.0097
Mean episode Metrics/base_velocity/error_vel_yaw: 0.0068
Mean episode Episode_Termination/time_out: 0.0000
Mean episode Episode_Termination/primary_fall: 1.0000
--------------------------------------------------------------------------------
                   Total timesteps: 6144
                    Iteration time: 1.20s
                        Total time: 37.30s
                               ETA: 1530.3s

################################################################################
                      [1m Learning iteration 40/1302 [0m                      

                       Computation: 1297 steps/s (collection: 1.095s, learning 0.089s)
                     surrogate_loss -0.0642
                         value_loss 0.0384
                            entropy 4.9695
                         total_loss 0.0139
             Mean action noise std: 0.20
                       Mean reward: -3.81
               Mean episode length: 50.56
Mean episode Episode_Reward/termination_penalty: -0.2000
Mean episode Episode_Reward/track_lin_vel_xy_exp: 0.0099
Mean episode Episode_Reward/track_ang_vel_z_exp: 0.0207
Mean episode Episode_Reward/feet_air_time: 0.0001
Mean episode Episode_Reward/feet_slide: -0.0011
Mean episode Episode_Reward/flat_orientation_l2: -0.0072
Mean episode Episode_Reward/stand_still: 0.0000
Mean episode Episode_Reward/dof_pos_limits: -0.0008
Mean episode Episode_Reward/joint_deviation_hip: -0.0013
Mean episode Episode_Reward/joint_deviation_arms: -0.0025
Mean episode Episode_Reward/joint_deviation_torso: -0.0015
Mean episode Episode_Reward/joint_deviation_knee: -0.0007
Mean episode Episode_Reward/lin_vel_z_l2: -0.0004
Mean episode Episode_Reward/action_rate_l2: -0.0070
Mean episode Episode_Reward/dof_acc_l2: -0.0001
Mean episode Episode_Reward/dof_torques_l2: -0.0002
Mean episode Metrics/base_velocity/error_vel_xy: 0.0091
Mean episode Metrics/base_velocity/error_vel_yaw: 0.0064
Mean episode Episode_Termination/time_out: 0.0000
Mean episode Episode_Termination/primary_fall: 1.0000
--------------------------------------------------------------------------------
                   Total timesteps: 7680
                    Iteration time: 1.18s
                        Total time: 49.23s
                               ETA: 1515.4s

################################################################################
                      [1m Learning iteration 50/1302 [0m                      

                       Computation: 1290 steps/s (collection: 1.099s, learning 0.091s)
                     surrogate_loss -0.0626
                         value_loss 0.0415
                            entropy 4.7592
                         total_loss 0.0170
             Mean action noise std: 0.21
                       Mean reward: -3.74
               Mean episode length: 49.63
Mean episode Episode_Reward/termination_penalty: -0.2000
Mean episode Episode_Reward/track_lin_vel_xy_exp: 0.0130
Mean episode Episode_Reward/track_ang_vel_z_exp: 0.0212
Mean episode Episode_Reward/feet_air_time: 0.0001
Mean episode Episode_Reward/feet_slide: -0.0010
Mean episode Episode_Reward/flat_orientation_l2: -0.0057
Mean episode Episode_Reward/stand_still: 0.0000
Mean episode Episode_Reward/dof_pos_limits: -0.0009
Mean episode Episode_Reward/joint_deviation_hip: -0.0014
Mean episode Episode_Reward/joint_deviation_arms: -0.0026
Mean episode Episode_Reward/joint_deviation_torso: -0.0015
Mean episode Episode_Reward/joint_deviation_knee: -0.0006
Mean episode Episode_Reward/lin_vel_z_l2: -0.0004
Mean episode Episode_Reward/action_rate_l2: -0.0074
Mean episode Episode_Reward/dof_acc_l2: -0.0001
Mean episode Episode_Reward/dof_torques_l2: -0.0002
Mean episode Metrics/base_velocity/error_vel_xy: 0.0089
Mean episode Metrics/base_velocity/error_vel_yaw: 0.0061
Mean episode Episode_Termination/time_out: 0.0000
Mean episode Episode_Termination/primary_fall: 1.0000
--------------------------------------------------------------------------------
                   Total timesteps: 9216
                    Iteration time: 1.19s
                        Total time: 61.18s
                               ETA: 1502.0s

################################################################################
                      [1m Learning iteration 60/1302 [0m                      

                       Computation: 1293 steps/s (collection: 1.104s, learning 0.083s)
                     surrogate_loss -0.0633
                         value_loss 0.0287
                            entropy 4.6123
                         total_loss 0.0023
             Mean action noise std: 0.21
                       Mean reward: -3.81
               Mean episode length: 50.14
Mean episode Episode_Reward/termination_penalty: -0.2000
Mean episode Episode_Reward/track_lin_vel_xy_exp: 0.0109
Mean episode Episode_Reward/track_ang_vel_z_exp: 0.0230
Mean episode Episode_Reward/feet_air_time: 0.0001
Mean episode Episode_Reward/feet_slide: -0.0010
Mean episode Episode_Reward/flat_orientation_l2: -0.0078
Mean episode Episode_Reward/stand_still: 0.0000
Mean episode Episode_Reward/dof_pos_limits: -0.0005
Mean episode Episode_Reward/joint_deviation_hip: -0.0013
Mean episode Episode_Reward/joint_deviation_arms: -0.0026
Mean episode Episode_Reward/joint_deviation_torso: -0.0014
Mean episode Episode_Reward/joint_deviation_knee: -0.0006
Mean episode Episode_Reward/lin_vel_z_l2: -0.0004
Mean episode Episode_Reward/action_rate_l2: -0.0076
Mean episode Episode_Reward/dof_acc_l2: -0.0001
Mean episode Episode_Reward/dof_torques_l2: -0.0002
Mean episode Metrics/base_velocity/error_vel_xy: 0.0102
Mean episode Metrics/base_velocity/error_vel_yaw: 0.0066
Mean episode Episode_Termination/time_out: 0.0000
Mean episode Episode_Termination/primary_fall: 1.0000
--------------------------------------------------------------------------------
                   Total timesteps: 10752
                    Iteration time: 1.19s
                        Total time: 73.64s
                               ETA: 1499.3s

################################################################################
                      [1m Learning iteration 70/1302 [0m                      

                       Computation: 1310 steps/s (collection: 1.085s, learning 0.087s)
                     surrogate_loss -0.0637
                         value_loss 0.0283
                            entropy 4.4574
                         total_loss 0.0002
             Mean action noise std: 0.21
                       Mean reward: -3.79
               Mean episode length: 52.56
Mean episode Episode_Reward/termination_penalty: -0.2000
Mean episode Episode_Reward/track_lin_vel_xy_exp: 0.0119
Mean episode Episode_Reward/track_ang_vel_z_exp: 0.0227
Mean episode Episode_Reward/feet_air_time: 0.0001
Mean episode Episode_Reward/feet_slide: -0.0010
Mean episode Episode_Reward/flat_orientation_l2: -0.0057
Mean episode Episode_Reward/stand_still: 0.0000
Mean episode Episode_Reward/dof_pos_limits: -0.0007
Mean episode Episode_Reward/joint_deviation_hip: -0.0012
Mean episode Episode_Reward/joint_deviation_arms: -0.0025
Mean episode Episode_Reward/joint_deviation_torso: -0.0016
Mean episode Episode_Reward/joint_deviation_knee: -0.0006
Mean episode Episode_Reward/lin_vel_z_l2: -0.0004
Mean episode Episode_Reward/action_rate_l2: -0.0078
Mean episode Episode_Reward/dof_acc_l2: -0.0001
Mean episode Episode_Reward/dof_torques_l2: -0.0002
Mean episode Metrics/base_velocity/error_vel_xy: 0.0100
Mean episode Metrics/base_velocity/error_vel_yaw: 0.0065
Mean episode Episode_Termination/time_out: 0.0000
Mean episode Episode_Termination/primary_fall: 1.0000
--------------------------------------------------------------------------------
                   Total timesteps: 12288
                    Iteration time: 1.17s
                        Total time: 85.59s
                               ETA: 1485.2s

################################################################################
                      [1m Learning iteration 80/1302 [0m                      

                       Computation: 1229 steps/s (collection: 1.154s, learning 0.096s)
                     surrogate_loss -0.0647
                         value_loss 0.0238
                            entropy 4.3099
                         total_loss -0.0065
             Mean action noise std: 0.21
                       Mean reward: -3.76
               Mean episode length: 49.95
Mean episode Episode_Reward/termination_penalty: -0.2000
Mean episode Episode_Reward/track_lin_vel_xy_exp: 0.0114
Mean episode Episode_Reward/track_ang_vel_z_exp: 0.0221
Mean episode Episode_Reward/feet_air_time: 0.0001
Mean episode Episode_Reward/feet_slide: -0.0010
Mean episode Episode_Reward/flat_orientation_l2: -0.0066
Mean episode Episode_Reward/stand_still: 0.0000
Mean episode Episode_Reward/dof_pos_limits: -0.0005
Mean episode Episode_Reward/joint_deviation_hip: -0.0013
Mean episode Episode_Reward/joint_deviation_arms: -0.0022
Mean episode Episode_Reward/joint_deviation_torso: -0.0015
Mean episode Episode_Reward/joint_deviation_knee: -0.0005
Mean episode Episode_Reward/lin_vel_z_l2: -0.0004
Mean episode Episode_Reward/action_rate_l2: -0.0077
Mean episode Episode_Reward/dof_acc_l2: -0.0001
Mean episode Episode_Reward/dof_torques_l2: -0.0002
Mean episode Metrics/base_velocity/error_vel_xy: 0.0096
Mean episode Metrics/base_velocity/error_vel_yaw: 0.0063
Mean episode Episode_Termination/time_out: 0.0000
Mean episode Episode_Termination/primary_fall: 1.0000
--------------------------------------------------------------------------------
                   Total timesteps: 13824
                    Iteration time: 1.25s
                        Total time: 97.65s
                               ETA: 1473.1s

################################################################################
                      [1m Learning iteration 90/1302 [0m                      

                       Computation: 1275 steps/s (collection: 1.119s, learning 0.085s)
                     surrogate_loss -0.0620
                         value_loss 0.0303
                            entropy 4.2268
                         total_loss 0.0022
             Mean action noise std: 0.21
                       Mean reward: -3.78
               Mean episode length: 50.35
Mean episode Episode_Reward/termination_penalty: -0.2000
Mean episode Episode_Reward/track_lin_vel_xy_exp: 0.0092
Mean episode Episode_Reward/track_ang_vel_z_exp: 0.0193
Mean episode Episode_Reward/feet_air_time: 0.0001
Mean episode Episode_Reward/feet_slide: -0.0011
Mean episode Episode_Reward/flat_orientation_l2: -0.0042
Mean episode Episode_Reward/stand_still: 0.0000
Mean episode Episode_Reward/dof_pos_limits: -0.0004
Mean episode Episode_Reward/joint_deviation_hip: -0.0013
Mean episode Episode_Reward/joint_deviation_arms: -0.0022
Mean episode Episode_Reward/joint_deviation_torso: -0.0015
Mean episode Episode_Reward/joint_deviation_knee: -0.0005
Mean episode Episode_Reward/lin_vel_z_l2: -0.0005
Mean episode Episode_Reward/action_rate_l2: -0.0078
Mean episode Episode_Reward/dof_acc_l2: -0.0001
Mean episode Episode_Reward/dof_torques_l2: -0.0002
Mean episode Metrics/base_velocity/error_vel_xy: 0.0097
Mean episode Metrics/base_velocity/error_vel_yaw: 0.0069
Mean episode Episode_Termination/time_out: 0.0000
Mean episode Episode_Termination/primary_fall: 1.0000
--------------------------------------------------------------------------------
                   Total timesteps: 15360
                    Iteration time: 1.20s
                        Total time: 109.68s
                               ETA: 1460.8s

################################################################################
                     [1m Learning iteration 100/1302 [0m                      

                       Computation: 1267 steps/s (collection: 1.118s, learning 0.094s)
                     surrogate_loss -0.0663
                         value_loss 0.0284
                            entropy 3.9790
                         total_loss -0.0060
             Mean action noise std: 0.21
                       Mean reward: -3.77
               Mean episode length: 50.27
Mean episode Episode_Reward/termination_penalty: -0.2000
Mean episode Episode_Reward/track_lin_vel_xy_exp: 0.0152
Mean episode Episode_Reward/track_ang_vel_z_exp: 0.0231
Mean episode Episode_Reward/feet_air_time: 0.0001
Mean episode Episode_Reward/feet_slide: -0.0011
Mean episode Episode_Reward/flat_orientation_l2: -0.0044
Mean episode Episode_Reward/stand_still: 0.0000
Mean episode Episode_Reward/dof_pos_limits: -0.0006
Mean episode Episode_Reward/joint_deviation_hip: -0.0012
Mean episode Episode_Reward/joint_deviation_arms: -0.0025
Mean episode Episode_Reward/joint_deviation_torso: -0.0014
Mean episode Episode_Reward/joint_deviation_knee: -0.0005
Mean episode Episode_Reward/lin_vel_z_l2: -0.0004
Mean episode Episode_Reward/action_rate_l2: -0.0087
Mean episode Episode_Reward/dof_acc_l2: -0.0001
Mean episode Episode_Reward/dof_torques_l2: -0.0002
Mean episode Metrics/base_velocity/error_vel_xy: 0.0091
Mean episode Metrics/base_velocity/error_vel_yaw: 0.0064
Mean episode Episode_Termination/time_out: 0.0000
Mean episode Episode_Termination/primary_fall: 1.0000
--------------------------------------------------------------------------------
                   Total timesteps: 16896
                    Iteration time: 1.21s
                        Total time: 121.74s
                               ETA: 1448.8s

################################################################################
                     [1m Learning iteration 110/1302 [0m                      

                       Computation: 1267 steps/s (collection: 1.111s, learning 0.100s)
                     surrogate_loss -0.0644
                         value_loss 0.0209
                            entropy 3.8443
                         total_loss -0.0127
             Mean action noise std: 0.21
                       Mean reward: -3.71
               Mean episode length: 50.29
Mean episode Episode_Reward/termination_penalty: -0.2000
Mean episode Episode_Reward/track_lin_vel_xy_exp: 0.0088
Mean episode Episode_Reward/track_ang_vel_z_exp: 0.0203
Mean episode Episode_Reward/feet_air_time: 0.0002
Mean episode Episode_Reward/feet_slide: -0.0010
Mean episode Episode_Reward/flat_orientation_l2: -0.0042
Mean episode Episode_Reward/stand_still: 0.0000
Mean episode Episode_Reward/dof_pos_limits: -0.0005
Mean episode Episode_Reward/joint_deviation_hip: -0.0013
Mean episode Episode_Reward/joint_deviation_arms: -0.0022
Mean episode Episode_Reward/joint_deviation_torso: -0.0011
Mean episode Episode_Reward/joint_deviation_knee: -0.0004
Mean episode Episode_Reward/lin_vel_z_l2: -0.0004
Mean episode Episode_Reward/action_rate_l2: -0.0077
Mean episode Episode_Reward/dof_acc_l2: -0.0001
Mean episode Episode_Reward/dof_torques_l2: -0.0002
Mean episode Metrics/base_velocity/error_vel_xy: 0.0093
Mean episode Metrics/base_velocity/error_vel_yaw: 0.0057
Mean episode Episode_Termination/time_out: 0.0000
Mean episode Episode_Termination/primary_fall: 1.0000
--------------------------------------------------------------------------------
                   Total timesteps: 18432
                    Iteration time: 1.21s
                        Total time: 133.77s
                               ETA: 1436.5s

################################################################################
                     [1m Learning iteration 120/1302 [0m                      

                       Computation: 1262 steps/s (collection: 1.125s, learning 0.092s)
                     surrogate_loss -0.0635
                         value_loss 0.0247
                            entropy 3.7240
                         total_loss -0.0090
             Mean action noise std: 0.21
                       Mean reward: -3.73
               Mean episode length: 53.28
Mean episode Episode_Reward/termination_penalty: -0.2000
Mean episode Episode_Reward/track_lin_vel_xy_exp: 0.0109
Mean episode Episode_Reward/track_ang_vel_z_exp: 0.0235
Mean episode Episode_Reward/feet_air_time: 0.0001
Mean episode Episode_Reward/feet_slide: -0.0011
Mean episode Episode_Reward/flat_orientation_l2: -0.0035
Mean episode Episode_Reward/stand_still: 0.0000
Mean episode Episode_Reward/dof_pos_limits: -0.0004
Mean episode Episode_Reward/joint_deviation_hip: -0.0014
Mean episode Episode_Reward/joint_deviation_arms: -0.0025
Mean episode Episode_Reward/joint_deviation_torso: -0.0014
Mean episode Episode_Reward/joint_deviation_knee: -0.0005
Mean episode Episode_Reward/lin_vel_z_l2: -0.0005
Mean episode Episode_Reward/action_rate_l2: -0.0089
Mean episode Episode_Reward/dof_acc_l2: -0.0001
Mean episode Episode_Reward/dof_torques_l2: -0.0002
Mean episode Metrics/base_velocity/error_vel_xy: 0.0103
Mean episode Metrics/base_velocity/error_vel_yaw: 0.0064
Mean episode Episode_Termination/time_out: 0.0000
Mean episode Episode_Termination/primary_fall: 1.0000
--------------------------------------------------------------------------------
                   Total timesteps: 19968
                    Iteration time: 1.22s
                        Total time: 145.86s
                               ETA: 1424.9s

################################################################################
                     [1m Learning iteration 130/1302 [0m                      

                       Computation: 1262 steps/s (collection: 1.126s, learning 0.091s)
                     surrogate_loss -0.0638
                         value_loss 0.0175
                            entropy 3.4980
                         total_loss -0.0183
             Mean action noise std: 0.21
                       Mean reward: -3.71
               Mean episode length: 53.62
Mean episode Episode_Reward/termination_penalty: -0.2000
Mean episode Episode_Reward/track_lin_vel_xy_exp: 0.0097
Mean episode Episode_Reward/track_ang_vel_z_exp: 0.0241
Mean episode Episode_Reward/feet_air_time: 0.0002
Mean episode Episode_Reward/feet_slide: -0.0011
Mean episode Episode_Reward/flat_orientation_l2: -0.0041
Mean episode Episode_Reward/stand_still: 0.0000
Mean episode Episode_Reward/dof_pos_limits: -0.0004
Mean episode Episode_Reward/joint_deviation_hip: -0.0014
Mean episode Episode_Reward/joint_deviation_arms: -0.0025
Mean episode Episode_Reward/joint_deviation_torso: -0.0014
Mean episode Episode_Reward/joint_deviation_knee: -0.0005
Mean episode Episode_Reward/lin_vel_z_l2: -0.0004
Mean episode Episode_Reward/action_rate_l2: -0.0091
Mean episode Episode_Reward/dof_acc_l2: -0.0001
Mean episode Episode_Reward/dof_torques_l2: -0.0002
Mean episode Metrics/base_velocity/error_vel_xy: 0.0101
Mean episode Metrics/base_velocity/error_vel_yaw: 0.0061
Mean episode Episode_Termination/time_out: 0.0000
Mean episode Episode_Termination/primary_fall: 1.0000
--------------------------------------------------------------------------------
                   Total timesteps: 21504
                    Iteration time: 1.22s
                        Total time: 157.90s
                               ETA: 1412.7s

################################################################################
                     [1m Learning iteration 140/1302 [0m                      

                       Computation: 1290 steps/s (collection: 1.103s, learning 0.088s)
                     surrogate_loss -0.0664
                         value_loss 0.0209
                            entropy 3.3914
                         total_loss -0.0184
             Mean action noise std: 0.22
                       Mean reward: -3.71
               Mean episode length: 52.33
Mean episode Episode_Reward/termination_penalty: -0.2000
Mean episode Episode_Reward/track_lin_vel_xy_exp: 0.0115
Mean episode Episode_Reward/track_ang_vel_z_exp: 0.0251
Mean episode Episode_Reward/feet_air_time: 0.0001
Mean episode Episode_Reward/feet_slide: -0.0011
Mean episode Episode_Reward/flat_orientation_l2: -0.0048
Mean episode Episode_Reward/stand_still: 0.0000
Mean episode Episode_Reward/dof_pos_limits: -0.0004
Mean episode Episode_Reward/joint_deviation_hip: -0.0012
Mean episode Episode_Reward/joint_deviation_arms: -0.0026
Mean episode Episode_Reward/joint_deviation_torso: -0.0014
Mean episode Episode_Reward/joint_deviation_knee: -0.0005
Mean episode Episode_Reward/lin_vel_z_l2: -0.0003
Mean episode Episode_Reward/action_rate_l2: -0.0100
Mean episode Episode_Reward/dof_acc_l2: -0.0001
Mean episode Episode_Reward/dof_torques_l2: -0.0002
Mean episode Metrics/base_velocity/error_vel_xy: 0.0109
Mean episode Metrics/base_velocity/error_vel_yaw: 0.0064
Mean episode Episode_Termination/time_out: 0.0000
Mean episode Episode_Termination/primary_fall: 1.0000
--------------------------------------------------------------------------------
                   Total timesteps: 23040
                    Iteration time: 1.19s
                        Total time: 169.92s
                               ETA: 1400.3s

################################################################################
                     [1m Learning iteration 150/1302 [0m                      

                       Computation: 1279 steps/s (collection: 1.110s, learning 0.090s)
                     surrogate_loss -0.0633
                         value_loss 0.0231
                            entropy 3.2431
                         total_loss -0.0143
             Mean action noise std: 0.22
                       Mean reward: -3.69
               Mean episode length: 50.63
Mean episode Episode_Reward/termination_penalty: -0.2000
Mean episode Episode_Reward/track_lin_vel_xy_exp: 0.0119
Mean episode Episode_Reward/track_ang_vel_z_exp: 0.0221
Mean episode Episode_Reward/feet_air_time: 0.0002
Mean episode Episode_Reward/feet_slide: -0.0011
Mean episode Episode_Reward/flat_orientation_l2: -0.0046
Mean episode Episode_Reward/stand_still: 0.0000
Mean episode Episode_Reward/dof_pos_limits: -0.0005
Mean episode Episode_Reward/joint_deviation_hip: -0.0011
Mean episode Episode_Reward/joint_deviation_arms: -0.0026
Mean episode Episode_Reward/joint_deviation_torso: -0.0014
Mean episode Episode_Reward/joint_deviation_knee: -0.0004
Mean episode Episode_Reward/lin_vel_z_l2: -0.0004
Mean episode Episode_Reward/action_rate_l2: -0.0089
Mean episode Episode_Reward/dof_acc_l2: -0.0001
Mean episode Episode_Reward/dof_torques_l2: -0.0002
Mean episode Metrics/base_velocity/error_vel_xy: 0.0088
Mean episode Metrics/base_velocity/error_vel_yaw: 0.0062
Mean episode Episode_Termination/time_out: 0.0000
Mean episode Episode_Termination/primary_fall: 1.0000
--------------------------------------------------------------------------------
                   Total timesteps: 24576
                    Iteration time: 1.20s
                        Total time: 181.96s
                               ETA: 1388.2s

################################################################################
                     [1m Learning iteration 160/1302 [0m                      

                       Computation: 1283 steps/s (collection: 1.107s, learning 0.090s)
                     surrogate_loss -0.0636
                         value_loss 0.0179
                            entropy 3.0796
                         total_loss -0.0211
             Mean action noise std: 0.22
                       Mean reward: -3.67
               Mean episode length: 53.04
Mean episode Episode_Reward/termination_penalty: -0.2000
Mean episode Episode_Reward/track_lin_vel_xy_exp: 0.0102
Mean episode Episode_Reward/track_ang_vel_z_exp: 0.0234
Mean episode Episode_Reward/feet_air_time: 0.0002
Mean episode Episode_Reward/feet_slide: -0.0012
Mean episode Episode_Reward/flat_orientation_l2: -0.0044
Mean episode Episode_Reward/stand_still: 0.0000
Mean episode Episode_Reward/dof_pos_limits: -0.0004
Mean episode Episode_Reward/joint_deviation_hip: -0.0010
Mean episode Episode_Reward/joint_deviation_arms: -0.0025
Mean episode Episode_Reward/joint_deviation_torso: -0.0013
Mean episode Episode_Reward/joint_deviation_knee: -0.0004
Mean episode Episode_Reward/lin_vel_z_l2: -0.0004
Mean episode Episode_Reward/action_rate_l2: -0.0094
Mean episode Episode_Reward/dof_acc_l2: -0.0001
Mean episode Episode_Reward/dof_torques_l2: -0.0002
Mean episode Metrics/base_velocity/error_vel_xy: 0.0101
Mean episode Metrics/base_velocity/error_vel_yaw: 0.0059
Mean episode Episode_Termination/time_out: 0.0000
Mean episode Episode_Termination/primary_fall: 1.0000
--------------------------------------------------------------------------------
                   Total timesteps: 26112
                    Iteration time: 1.20s
                        Total time: 193.97s
                               ETA: 1375.9s

################################################################################
                     [1m Learning iteration 170/1302 [0m                      

                       Computation: 1299 steps/s (collection: 1.093s, learning 0.089s)
                     surrogate_loss -0.0600
                         value_loss 0.0199
                            entropy 2.8861
                         total_loss -0.0171
             Mean action noise std: 0.22
                       Mean reward: -3.71
               Mean episode length: 51.66
Mean episode Episode_Reward/termination_penalty: -0.2000
Mean episode Episode_Reward/track_lin_vel_xy_exp: 0.0151
Mean episode Episode_Reward/track_ang_vel_z_exp: 0.0280
Mean episode Episode_Reward/feet_air_time: 0.0002
Mean episode Episode_Reward/feet_slide: -0.0012
Mean episode Episode_Reward/flat_orientation_l2: -0.0042
Mean episode Episode_Reward/stand_still: 0.0000
Mean episode Episode_Reward/dof_pos_limits: -0.0004
Mean episode Episode_Reward/joint_deviation_hip: -0.0012
Mean episode Episode_Reward/joint_deviation_arms: -0.0028
Mean episode Episode_Reward/joint_deviation_torso: -0.0014
Mean episode Episode_Reward/joint_deviation_knee: -0.0005
Mean episode Episode_Reward/lin_vel_z_l2: -0.0004
Mean episode Episode_Reward/action_rate_l2: -0.0111
Mean episode Episode_Reward/dof_acc_l2: -0.0001
Mean episode Episode_Reward/dof_torques_l2: -0.0002
Mean episode Metrics/base_velocity/error_vel_xy: 0.0103
Mean episode Metrics/base_velocity/error_vel_yaw: 0.0061
Mean episode Episode_Termination/time_out: 0.0000
Mean episode Episode_Termination/primary_fall: 1.0000
--------------------------------------------------------------------------------
                   Total timesteps: 27648
                    Iteration time: 1.18s
                        Total time: 206.05s
                               ETA: 1364.1s

################################################################################
                     [1m Learning iteration 180/1302 [0m                      

                       Computation: 1260 steps/s (collection: 1.127s, learning 0.091s)
                     surrogate_loss -0.0604
                         value_loss 0.0203
                            entropy 2.7155
                         total_loss -0.0184
             Mean action noise std: 0.22
                       Mean reward: -3.64
               Mean episode length: 54.65
Mean episode Episode_Reward/termination_penalty: -0.2000
Mean episode Episode_Reward/track_lin_vel_xy_exp: 0.0133
Mean episode Episode_Reward/track_ang_vel_z_exp: 0.0268
Mean episode Episode_Reward/feet_air_time: 0.0001
Mean episode Episode_Reward/feet_slide: -0.0012
Mean episode Episode_Reward/flat_orientation_l2: -0.0041
Mean episode Episode_Reward/stand_still: 0.0000
Mean episode Episode_Reward/dof_pos_limits: -0.0003
Mean episode Episode_Reward/joint_deviation_hip: -0.0012
Mean episode Episode_Reward/joint_deviation_arms: -0.0028
Mean episode Episode_Reward/joint_deviation_torso: -0.0014
Mean episode Episode_Reward/joint_deviation_knee: -0.0005
Mean episode Episode_Reward/lin_vel_z_l2: -0.0005
Mean episode Episode_Reward/action_rate_l2: -0.0107
Mean episode Episode_Reward/dof_acc_l2: -0.0001
Mean episode Episode_Reward/dof_torques_l2: -0.0002
Mean episode Metrics/base_velocity/error_vel_xy: 0.0101
Mean episode Metrics/base_velocity/error_vel_yaw: 0.0061
Mean episode Episode_Termination/time_out: 0.0000
Mean episode Episode_Termination/primary_fall: 1.0000
--------------------------------------------------------------------------------
                   Total timesteps: 29184
                    Iteration time: 1.22s
                        Total time: 218.12s
                               ETA: 1352.1s

################################################################################
                     [1m Learning iteration 190/1302 [0m                      

                       Computation: 1283 steps/s (collection: 1.104s, learning 0.092s)
                     surrogate_loss -0.0593
                         value_loss 0.0196
                            entropy 2.5045
                         total_loss -0.0196
             Mean action noise std: 0.22
                       Mean reward: -3.64
               Mean episode length: 55.96
Mean episode Episode_Reward/termination_penalty: -0.2000
Mean episode Episode_Reward/track_lin_vel_xy_exp: 0.0167
Mean episode Episode_Reward/track_ang_vel_z_exp: 0.0244
Mean episode Episode_Reward/feet_air_time: 0.0002
Mean episode Episode_Reward/feet_slide: -0.0012
Mean episode Episode_Reward/flat_orientation_l2: -0.0036
Mean episode Episode_Reward/stand_still: 0.0000
Mean episode Episode_Reward/dof_pos_limits: -0.0004
Mean episode Episode_Reward/joint_deviation_hip: -0.0011
Mean episode Episode_Reward/joint_deviation_arms: -0.0028
Mean episode Episode_Reward/joint_deviation_torso: -0.0013
Mean episode Episode_Reward/joint_deviation_knee: -0.0005
Mean episode Episode_Reward/lin_vel_z_l2: -0.0005
Mean episode Episode_Reward/action_rate_l2: -0.0105
Mean episode Episode_Reward/dof_acc_l2: -0.0001
Mean episode Episode_Reward/dof_torques_l2: -0.0002
Mean episode Metrics/base_velocity/error_vel_xy: 0.0087
Mean episode Metrics/base_velocity/error_vel_yaw: 0.0056
Mean episode Episode_Termination/time_out: 0.0000
Mean episode Episode_Termination/primary_fall: 1.0000
--------------------------------------------------------------------------------
                   Total timesteps: 30720
                    Iteration time: 1.20s
                        Total time: 230.16s
                               ETA: 1340.0s

################################################################################
                     [1m Learning iteration 200/1302 [0m                      

                       Computation: 1297 steps/s (collection: 1.094s, learning 0.090s)
                     surrogate_loss -0.0635
                         value_loss 0.0166
                            entropy 2.3483
                         total_loss -0.0281
             Mean action noise std: 0.22
                       Mean reward: -3.63
               Mean episode length: 58.26
Mean episode Episode_Reward/termination_penalty: -0.2000
Mean episode Episode_Reward/track_lin_vel_xy_exp: 0.0092
Mean episode Episode_Reward/track_ang_vel_z_exp: 0.0259
Mean episode Episode_Reward/feet_air_time: 0.0003
Mean episode Episode_Reward/feet_slide: -0.0012
Mean episode Episode_Reward/flat_orientation_l2: -0.0034
Mean episode Episode_Reward/stand_still: 0.0000
Mean episode Episode_Reward/dof_pos_limits: -0.0003
Mean episode Episode_Reward/joint_deviation_hip: -0.0012
Mean episode Episode_Reward/joint_deviation_arms: -0.0028
Mean episode Episode_Reward/joint_deviation_torso: -0.0012
Mean episode Episode_Reward/joint_deviation_knee: -0.0004
Mean episode Episode_Reward/lin_vel_z_l2: -0.0005
Mean episode Episode_Reward/action_rate_l2: -0.0105
Mean episode Episode_Reward/dof_acc_l2: -0.0001
Mean episode Episode_Reward/dof_torques_l2: -0.0002
Mean episode Metrics/base_velocity/error_vel_xy: 0.0112
Mean episode Metrics/base_velocity/error_vel_yaw: 0.0058
Mean episode Episode_Termination/time_out: 0.0000
Mean episode Episode_Termination/primary_fall: 1.0000
--------------------------------------------------------------------------------
                   Total timesteps: 32256
                    Iteration time: 1.18s
                        Total time: 242.10s
                               ETA: 1327.3s

################################################################################
                     [1m Learning iteration 210/1302 [0m                      

                       Computation: 1302 steps/s (collection: 1.090s, learning 0.089s)
                     surrogate_loss -0.0615
                         value_loss 0.0196
                            entropy 2.1707
                         total_loss -0.0245
             Mean action noise std: 0.23
                       Mean reward: -3.63
               Mean episode length: 57.25
Mean episode Episode_Reward/termination_penalty: -0.2000
Mean episode Episode_Reward/track_lin_vel_xy_exp: 0.0133
Mean episode Episode_Reward/track_ang_vel_z_exp: 0.0255
Mean episode Episode_Reward/feet_air_time: 0.0002
Mean episode Episode_Reward/feet_slide: -0.0013
Mean episode Episode_Reward/flat_orientation_l2: -0.0037
Mean episode Episode_Reward/stand_still: 0.0000
Mean episode Episode_Reward/dof_pos_limits: -0.0003
Mean episode Episode_Reward/joint_deviation_hip: -0.0012
Mean episode Episode_Reward/joint_deviation_arms: -0.0030
Mean episode Episode_Reward/joint_deviation_torso: -0.0014
Mean episode Episode_Reward/joint_deviation_knee: -0.0005
Mean episode Episode_Reward/lin_vel_z_l2: -0.0005
Mean episode Episode_Reward/action_rate_l2: -0.0112
Mean episode Episode_Reward/dof_acc_l2: -0.0001
Mean episode Episode_Reward/dof_torques_l2: -0.0002
Mean episode Metrics/base_velocity/error_vel_xy: 0.0099
Mean episode Metrics/base_velocity/error_vel_yaw: 0.0059
Mean episode Episode_Termination/time_out: 0.0000
Mean episode Episode_Termination/primary_fall: 1.0000
--------------------------------------------------------------------------------
                   Total timesteps: 33792
                    Iteration time: 1.18s
                        Total time: 254.16s
                               ETA: 1315.4s

################################################################################
                     [1m Learning iteration 220/1302 [0m                      

                       Computation: 1301 steps/s (collection: 1.089s, learning 0.092s)
                     surrogate_loss -0.0615
                         value_loss 0.0225
                            entropy 1.9458
                         total_loss -0.0234
             Mean action noise std: 0.23
                       Mean reward: -3.60
               Mean episode length: 61.24
Mean episode Episode_Reward/termination_penalty: -0.2000
Mean episode Episode_Reward/track_lin_vel_xy_exp: 0.0185
Mean episode Episode_Reward/track_ang_vel_z_exp: 0.0331
Mean episode Episode_Reward/feet_air_time: 0.0002
Mean episode Episode_Reward/feet_slide: -0.0015
Mean episode Episode_Reward/flat_orientation_l2: -0.0036
Mean episode Episode_Reward/stand_still: 0.0000
Mean episode Episode_Reward/dof_pos_limits: -0.0004
Mean episode Episode_Reward/joint_deviation_hip: -0.0015
Mean episode Episode_Reward/joint_deviation_arms: -0.0040
Mean episode Episode_Reward/joint_deviation_torso: -0.0017
Mean episode Episode_Reward/joint_deviation_knee: -0.0007
Mean episode Episode_Reward/lin_vel_z_l2: -0.0006
Mean episode Episode_Reward/action_rate_l2: -0.0152
Mean episode Episode_Reward/dof_acc_l2: -0.0001
Mean episode Episode_Reward/dof_torques_l2: -0.0003
Mean episode Metrics/base_velocity/error_vel_xy: 0.0118
Mean episode Metrics/base_velocity/error_vel_yaw: 0.0079
Mean episode Episode_Termination/time_out: 0.0000
Mean episode Episode_Termination/primary_fall: 1.0000
--------------------------------------------------------------------------------
                   Total timesteps: 35328
                    Iteration time: 1.18s
                        Total time: 266.13s
                               ETA: 1303.0s

################################################################################
                     [1m Learning iteration 230/1302 [0m                      

                       Computation: 1282 steps/s (collection: 1.106s, learning 0.092s)
                     surrogate_loss -0.0612
                         value_loss 0.0222
                            entropy 1.8092
                         total_loss -0.0245
             Mean action noise std: 0.23
                       Mean reward: -3.59
               Mean episode length: 59.24
Mean episode Episode_Reward/termination_penalty: -0.2000
Mean episode Episode_Reward/track_lin_vel_xy_exp: 0.0138
Mean episode Episode_Reward/track_ang_vel_z_exp: 0.0294
Mean episode Episode_Reward/feet_air_time: 0.0001
Mean episode Episode_Reward/feet_slide: -0.0015
Mean episode Episode_Reward/flat_orientation_l2: -0.0025
Mean episode Episode_Reward/stand_still: 0.0000
Mean episode Episode_Reward/dof_pos_limits: -0.0002
Mean episode Episode_Reward/joint_deviation_hip: -0.0015
Mean episode Episode_Reward/joint_deviation_arms: -0.0032
Mean episode Episode_Reward/joint_deviation_torso: -0.0017
Mean episode Episode_Reward/joint_deviation_knee: -0.0005
Mean episode Episode_Reward/lin_vel_z_l2: -0.0010
Mean episode Episode_Reward/action_rate_l2: -0.0128
Mean episode Episode_Reward/dof_acc_l2: -0.0001
Mean episode Episode_Reward/dof_torques_l2: -0.0002
Mean episode Metrics/base_velocity/error_vel_xy: 0.0107
Mean episode Metrics/base_velocity/error_vel_yaw: 0.0059
Mean episode Episode_Termination/time_out: 0.0000
Mean episode Episode_Termination/primary_fall: 1.0000
--------------------------------------------------------------------------------
                   Total timesteps: 36864
                    Iteration time: 1.20s
                        Total time: 278.18s
                               ETA: 1291.0s

################################################################################
                     [1m Learning iteration 240/1302 [0m                      

                       Computation: 1293 steps/s (collection: 1.099s, learning 0.088s)
                     surrogate_loss -0.0604
                         value_loss 0.0173
                            entropy 1.6544
                         total_loss -0.0299
             Mean action noise std: 0.23
                       Mean reward: -3.61
               Mean episode length: 59.64
Mean episode Episode_Reward/termination_penalty: -0.2000
Mean episode Episode_Reward/track_lin_vel_xy_exp: 0.0186
Mean episode Episode_Reward/track_ang_vel_z_exp: 0.0317
Mean episode Episode_Reward/feet_air_time: 0.0002
Mean episode Episode_Reward/feet_slide: -0.0016
Mean episode Episode_Reward/flat_orientation_l2: -0.0025
Mean episode Episode_Reward/stand_still: 0.0000
Mean episode Episode_Reward/dof_pos_limits: -0.0004
Mean episode Episode_Reward/joint_deviation_hip: -0.0014
Mean episode Episode_Reward/joint_deviation_arms: -0.0038
Mean episode Episode_Reward/joint_deviation_torso: -0.0015
Mean episode Episode_Reward/joint_deviation_knee: -0.0006
Mean episode Episode_Reward/lin_vel_z_l2: -0.0007
Mean episode Episode_Reward/action_rate_l2: -0.0149
Mean episode Episode_Reward/dof_acc_l2: -0.0001
Mean episode Episode_Reward/dof_torques_l2: -0.0002
Mean episode Metrics/base_velocity/error_vel_xy: 0.0108
Mean episode Metrics/base_velocity/error_vel_yaw: 0.0070
Mean episode Episode_Termination/time_out: 0.0000
Mean episode Episode_Termination/primary_fall: 1.0000
--------------------------------------------------------------------------------
                   Total timesteps: 38400
                    Iteration time: 1.19s
                        Total time: 290.22s
                               ETA: 1278.9s

################################################################################
                     [1m Learning iteration 250/1302 [0m                      

                       Computation: 1311 steps/s (collection: 1.082s, learning 0.089s)
                     surrogate_loss -0.0589
                         value_loss 0.0221
                            entropy 1.5087
                         total_loss -0.0247
             Mean action noise std: 0.23
                       Mean reward: -3.59
               Mean episode length: 60.04
Mean episode Episode_Reward/termination_penalty: -0.2000
Mean episode Episode_Reward/track_lin_vel_xy_exp: 0.0197
Mean episode Episode_Reward/track_ang_vel_z_exp: 0.0248
Mean episode Episode_Reward/feet_air_time: 0.0003
Mean episode Episode_Reward/feet_slide: -0.0015
Mean episode Episode_Reward/flat_orientation_l2: -0.0026
Mean episode Episode_Reward/stand_still: 0.0000
Mean episode Episode_Reward/dof_pos_limits: -0.0005
Mean episode Episode_Reward/joint_deviation_hip: -0.0012
Mean episode Episode_Reward/joint_deviation_arms: -0.0036
Mean episode Episode_Reward/joint_deviation_torso: -0.0019
Mean episode Episode_Reward/joint_deviation_knee: -0.0006
Mean episode Episode_Reward/lin_vel_z_l2: -0.0009
Mean episode Episode_Reward/action_rate_l2: -0.0127
Mean episode Episode_Reward/dof_acc_l2: -0.0002
Mean episode Episode_Reward/dof_torques_l2: -0.0002
Mean episode Metrics/base_velocity/error_vel_xy: 0.0088
Mean episode Metrics/base_velocity/error_vel_yaw: 0.0066
Mean episode Episode_Termination/time_out: 0.0000
Mean episode Episode_Termination/primary_fall: 1.0000
--------------------------------------------------------------------------------
                   Total timesteps: 39936
                    Iteration time: 1.17s
                        Total time: 302.18s
                               ETA: 1266.5s

################################################################################
                     [1m Learning iteration 260/1302 [0m                      

                       Computation: 1288 steps/s (collection: 1.102s, learning 0.090s)
                     surrogate_loss -0.0571
                         value_loss 0.0212
                            entropy 1.3428
                         total_loss -0.0252
             Mean action noise std: 0.23
                       Mean reward: -3.56
               Mean episode length: 62.59
Mean episode Episode_Reward/termination_penalty: -0.2000
Mean episode Episode_Reward/track_lin_vel_xy_exp: 0.0209
Mean episode Episode_Reward/track_ang_vel_z_exp: 0.0314
Mean episode Episode_Reward/feet_air_time: 0.0002
Mean episode Episode_Reward/feet_slide: -0.0015
Mean episode Episode_Reward/flat_orientation_l2: -0.0024
Mean episode Episode_Reward/stand_still: 0.0000
Mean episode Episode_Reward/dof_pos_limits: -0.0005
Mean episode Episode_Reward/joint_deviation_hip: -0.0014
Mean episode Episode_Reward/joint_deviation_arms: -0.0036
Mean episode Episode_Reward/joint_deviation_torso: -0.0017
Mean episode Episode_Reward/joint_deviation_knee: -0.0006
Mean episode Episode_Reward/lin_vel_z_l2: -0.0007
Mean episode Episode_Reward/action_rate_l2: -0.0137
Mean episode Episode_Reward/dof_acc_l2: -0.0002
Mean episode Episode_Reward/dof_torques_l2: -0.0002
Mean episode Metrics/base_velocity/error_vel_xy: 0.0089
Mean episode Metrics/base_velocity/error_vel_yaw: 0.0059
Mean episode Episode_Termination/time_out: 0.0000
Mean episode Episode_Termination/primary_fall: 1.0000
--------------------------------------------------------------------------------
                   Total timesteps: 41472
                    Iteration time: 1.19s
                        Total time: 314.17s
                               ETA: 1254.3s

################################################################################
                     [1m Learning iteration 270/1302 [0m                      

                       Computation: 1285 steps/s (collection: 1.103s, learning 0.092s)
                     surrogate_loss -0.0572
                         value_loss 0.0163
                            entropy 1.1691
                         total_loss -0.0315
             Mean action noise std: 0.23
                       Mean reward: -3.61
               Mean episode length: 60.42
Mean episode Episode_Reward/termination_penalty: -0.2000
Mean episode Episode_Reward/track_lin_vel_xy_exp: 0.0206
Mean episode Episode_Reward/track_ang_vel_z_exp: 0.0329
Mean episode Episode_Reward/feet_air_time: 0.0002
Mean episode Episode_Reward/feet_slide: -0.0017
Mean episode Episode_Reward/flat_orientation_l2: -0.0027
Mean episode Episode_Reward/stand_still: 0.0000
Mean episode Episode_Reward/dof_pos_limits: -0.0003
Mean episode Episode_Reward/joint_deviation_hip: -0.0019
Mean episode Episode_Reward/joint_deviation_arms: -0.0040
Mean episode Episode_Reward/joint_deviation_torso: -0.0020
Mean episode Episode_Reward/joint_deviation_knee: -0.0007
Mean episode Episode_Reward/lin_vel_z_l2: -0.0009
Mean episode Episode_Reward/action_rate_l2: -0.0160
Mean episode Episode_Reward/dof_acc_l2: -0.0002
Mean episode Episode_Reward/dof_torques_l2: -0.0003
Mean episode Metrics/base_velocity/error_vel_xy: 0.0109
Mean episode Metrics/base_velocity/error_vel_yaw: 0.0074
Mean episode Episode_Termination/time_out: 0.0000
Mean episode Episode_Termination/primary_fall: 1.0000
--------------------------------------------------------------------------------
                   Total timesteps: 43008
                    Iteration time: 1.20s
                        Total time: 326.13s
                               ETA: 1241.9s

################################################################################
                     [1m Learning iteration 280/1302 [0m                      

                       Computation: 1302 steps/s (collection: 1.091s, learning 0.089s)
                     surrogate_loss -0.0582
                         value_loss 0.0196
                            entropy 1.0098
                         total_loss -0.0305
             Mean action noise std: 0.23
                       Mean reward: -3.51
               Mean episode length: 65.90
Mean episode Episode_Reward/termination_penalty: -0.2000
Mean episode Episode_Reward/track_lin_vel_xy_exp: 0.0220
Mean episode Episode_Reward/track_ang_vel_z_exp: 0.0312
Mean episode Episode_Reward/feet_air_time: 0.0002
Mean episode Episode_Reward/feet_slide: -0.0017
Mean episode Episode_Reward/flat_orientation_l2: -0.0027
Mean episode Episode_Reward/stand_still: 0.0000
Mean episode Episode_Reward/dof_pos_limits: -0.0002
Mean episode Episode_Reward/joint_deviation_hip: -0.0016
Mean episode Episode_Reward/joint_deviation_arms: -0.0040
Mean episode Episode_Reward/joint_deviation_torso: -0.0017
Mean episode Episode_Reward/joint_deviation_knee: -0.0006
Mean episode Episode_Reward/lin_vel_z_l2: -0.0006
Mean episode Episode_Reward/action_rate_l2: -0.0165
Mean episode Episode_Reward/dof_acc_l2: -0.0002
Mean episode Episode_Reward/dof_torques_l2: -0.0002
Mean episode Metrics/base_velocity/error_vel_xy: 0.0107
Mean episode Metrics/base_velocity/error_vel_yaw: 0.0075
Mean episode Episode_Termination/time_out: 0.0000
Mean episode Episode_Termination/primary_fall: 1.0000
--------------------------------------------------------------------------------
                   Total timesteps: 44544
                    Iteration time: 1.18s
                        Total time: 338.03s
                               ETA: 1229.4s

################################################################################
                     [1m Learning iteration 290/1302 [0m                      

                       Computation: 1181 steps/s (collection: 1.199s, learning 0.101s)
                     surrogate_loss -0.0607
                         value_loss 0.0177
                            entropy 0.7514
                         total_loss -0.0370
             Mean action noise std: 0.24
                       Mean reward: -3.58
               Mean episode length: 63.60
Mean episode Episode_Reward/termination_penalty: -0.2000
Mean episode Episode_Reward/track_lin_vel_xy_exp: 0.0237
Mean episode Episode_Reward/track_ang_vel_z_exp: 0.0322
Mean episode Episode_Reward/feet_air_time: 0.0002
Mean episode Episode_Reward/feet_slide: -0.0017
Mean episode Episode_Reward/flat_orientation_l2: -0.0025
Mean episode Episode_Reward/stand_still: 0.0000
Mean episode Episode_Reward/dof_pos_limits: -0.0003
Mean episode Episode_Reward/joint_deviation_hip: -0.0018
Mean episode Episode_Reward/joint_deviation_arms: -0.0041
Mean episode Episode_Reward/joint_deviation_torso: -0.0018
Mean episode Episode_Reward/joint_deviation_knee: -0.0007
Mean episode Episode_Reward/lin_vel_z_l2: -0.0008
Mean episode Episode_Reward/action_rate_l2: -0.0165
Mean episode Episode_Reward/dof_acc_l2: -0.0001
Mean episode Episode_Reward/dof_torques_l2: -0.0003
Mean episode Metrics/base_velocity/error_vel_xy: 0.0102
Mean episode Metrics/base_velocity/error_vel_yaw: 0.0071
Mean episode Episode_Termination/time_out: 0.0000
Mean episode Episode_Termination/primary_fall: 1.0000
--------------------------------------------------------------------------------
                   Total timesteps: 46080
                    Iteration time: 1.30s
                        Total time: 350.15s
                               ETA: 1217.7s

################################################################################
                     [1m Learning iteration 300/1302 [0m                      

                       Computation: 1294 steps/s (collection: 1.088s, learning 0.099s)
                     surrogate_loss -0.0600
                         value_loss 0.0243
                            entropy 0.6200
                         total_loss -0.0307
             Mean action noise std: 0.24
                       Mean reward: -3.57
               Mean episode length: 66.69
Mean episode Episode_Reward/termination_penalty: -0.2000
Mean episode Episode_Reward/track_lin_vel_xy_exp: 0.0199
Mean episode Episode_Reward/track_ang_vel_z_exp: 0.0359
Mean episode Episode_Reward/feet_air_time: 0.0002
Mean episode Episode_Reward/feet_slide: -0.0017
Mean episode Episode_Reward/flat_orientation_l2: -0.0035
Mean episode Episode_Reward/stand_still: 0.0000
Mean episode Episode_Reward/dof_pos_limits: -0.0001
Mean episode Episode_Reward/joint_deviation_hip: -0.0021
Mean episode Episode_Reward/joint_deviation_arms: -0.0045
Mean episode Episode_Reward/joint_deviation_torso: -0.0023
Mean episode Episode_Reward/joint_deviation_knee: -0.0007
Mean episode Episode_Reward/lin_vel_z_l2: -0.0009
Mean episode Episode_Reward/action_rate_l2: -0.0189
Mean episode Episode_Reward/dof_acc_l2: -0.0002
Mean episode Episode_Reward/dof_torques_l2: -0.0003
Mean episode Metrics/base_velocity/error_vel_xy: 0.0124
Mean episode Metrics/base_velocity/error_vel_yaw: 0.0078
Mean episode Episode_Termination/time_out: 0.0000
Mean episode Episode_Termination/primary_fall: 1.0000
--------------------------------------------------------------------------------
                   Total timesteps: 47616
                    Iteration time: 1.19s
                        Total time: 362.14s
                               ETA: 1205.5s

################################################################################
                     [1m Learning iteration 310/1302 [0m                      

                       Computation: 1327 steps/s (collection: 1.067s, learning 0.090s)
                     surrogate_loss -0.0583
                         value_loss 0.0273
                            entropy 0.3330
                         total_loss -0.0284
             Mean action noise std: 0.24
                       Mean reward: -3.50
               Mean episode length: 68.74
Mean episode Episode_Reward/termination_penalty: -0.2000
Mean episode Episode_Reward/track_lin_vel_xy_exp: 0.0254
Mean episode Episode_Reward/track_ang_vel_z_exp: 0.0355
Mean episode Episode_Reward/feet_air_time: 0.0003
Mean episode Episode_Reward/feet_slide: -0.0019
Mean episode Episode_Reward/flat_orientation_l2: -0.0044
Mean episode Episode_Reward/stand_still: 0.0000
Mean episode Episode_Reward/dof_pos_limits: -0.0002
Mean episode Episode_Reward/joint_deviation_hip: -0.0020
Mean episode Episode_Reward/joint_deviation_arms: -0.0047
Mean episode Episode_Reward/joint_deviation_torso: -0.0022
Mean episode Episode_Reward/joint_deviation_knee: -0.0007
Mean episode Episode_Reward/lin_vel_z_l2: -0.0009
Mean episode Episode_Reward/action_rate_l2: -0.0177
Mean episode Episode_Reward/dof_acc_l2: -0.0002
Mean episode Episode_Reward/dof_torques_l2: -0.0003
Mean episode Metrics/base_velocity/error_vel_xy: 0.0104
Mean episode Metrics/base_velocity/error_vel_yaw: 0.0078
Mean episode Episode_Termination/time_out: 0.0000
Mean episode Episode_Termination/primary_fall: 1.0000
--------------------------------------------------------------------------------
                   Total timesteps: 49152
                    Iteration time: 1.16s
                        Total time: 373.65s
                               ETA: 1191.8s

################################################################################
                     [1m Learning iteration 320/1302 [0m                      

                       Computation: 1321 steps/s (collection: 1.065s, learning 0.098s)
                     surrogate_loss -0.0600
                         value_loss 0.0148
                            entropy 0.1319
                         total_loss -0.0442
             Mean action noise std: 0.24
                       Mean reward: -3.53
               Mean episode length: 68.99
Mean episode Episode_Reward/termination_penalty: -0.2000
Mean episode Episode_Reward/track_lin_vel_xy_exp: 0.0243
Mean episode Episode_Reward/track_ang_vel_z_exp: 0.0313
Mean episode Episode_Reward/feet_air_time: 0.0003
Mean episode Episode_Reward/feet_slide: -0.0018
Mean episode Episode_Reward/flat_orientation_l2: -0.0025
Mean episode Episode_Reward/stand_still: 0.0000
Mean episode Episode_Reward/dof_pos_limits: -0.0002
Mean episode Episode_Reward/joint_deviation_hip: -0.0018
Mean episode Episode_Reward/joint_deviation_arms: -0.0042
Mean episode Episode_Reward/joint_deviation_torso: -0.0017
Mean episode Episode_Reward/joint_deviation_knee: -0.0005
Mean episode Episode_Reward/lin_vel_z_l2: -0.0009
Mean episode Episode_Reward/action_rate_l2: -0.0169
Mean episode Episode_Reward/dof_acc_l2: -0.0002
Mean episode Episode_Reward/dof_torques_l2: -0.0002
Mean episode Metrics/base_velocity/error_vel_xy: 0.0097
Mean episode Metrics/base_velocity/error_vel_yaw: 0.0068
Mean episode Episode_Termination/time_out: 0.0000
Mean episode Episode_Termination/primary_fall: 1.0000
--------------------------------------------------------------------------------
                   Total timesteps: 50688
                    Iteration time: 1.16s
                        Total time: 385.11s
                               ETA: 1178.1s

################################################################################
                     [1m Learning iteration 330/1302 [0m                      

                       Computation: 1315 steps/s (collection: 1.071s, learning 0.097s)
                     surrogate_loss -0.0593
                         value_loss 0.0217
                            entropy -0.0549
                         total_loss -0.0381
             Mean action noise std: 0.24
                       Mean reward: -3.55
               Mean episode length: 67.80
Mean episode Episode_Reward/termination_penalty: -0.2000
Mean episode Episode_Reward/track_lin_vel_xy_exp: 0.0254
Mean episode Episode_Reward/track_ang_vel_z_exp: 0.0304
Mean episode Episode_Reward/feet_air_time: 0.0002
Mean episode Episode_Reward/feet_slide: -0.0019
Mean episode Episode_Reward/flat_orientation_l2: -0.0026
Mean episode Episode_Reward/stand_still: 0.0000
Mean episode Episode_Reward/dof_pos_limits: -0.0002
Mean episode Episode_Reward/joint_deviation_hip: -0.0017
Mean episode Episode_Reward/joint_deviation_arms: -0.0043
Mean episode Episode_Reward/joint_deviation_torso: -0.0017
Mean episode Episode_Reward/joint_deviation_knee: -0.0005
Mean episode Episode_Reward/lin_vel_z_l2: -0.0008
Mean episode Episode_Reward/action_rate_l2: -0.0167
Mean episode Episode_Reward/dof_acc_l2: -0.0001
Mean episode Episode_Reward/dof_torques_l2: -0.0002
Mean episode Metrics/base_velocity/error_vel_xy: 0.0089
Mean episode Metrics/base_velocity/error_vel_yaw: 0.0067
Mean episode Episode_Termination/time_out: 0.0000
Mean episode Episode_Termination/primary_fall: 1.0000
--------------------------------------------------------------------------------
                   Total timesteps: 52224
                    Iteration time: 1.17s
                        Total time: 396.67s
                               ETA: 1164.8s

################################################################################
                     [1m Learning iteration 340/1302 [0m                      

                       Computation: 1325 steps/s (collection: 1.065s, learning 0.094s)
                     surrogate_loss -0.0569
                         value_loss 0.0218
                            entropy -0.2794
                         total_loss -0.0373
             Mean action noise std: 0.25
                       Mean reward: -3.59
               Mean episode length: 74.79
Mean episode Episode_Reward/termination_penalty: -0.2000
Mean episode Episode_Reward/track_lin_vel_xy_exp: 0.0243
Mean episode Episode_Reward/track_ang_vel_z_exp: 0.0337
Mean episode Episode_Reward/feet_air_time: 0.0001
Mean episode Episode_Reward/feet_slide: -0.0019
Mean episode Episode_Reward/flat_orientation_l2: -0.0035
Mean episode Episode_Reward/stand_still: 0.0000
Mean episode Episode_Reward/dof_pos_limits: -0.0002
Mean episode Episode_Reward/joint_deviation_hip: -0.0019
Mean episode Episode_Reward/joint_deviation_arms: -0.0050
Mean episode Episode_Reward/joint_deviation_torso: -0.0021
Mean episode Episode_Reward/joint_deviation_knee: -0.0006
Mean episode Episode_Reward/lin_vel_z_l2: -0.0011
Mean episode Episode_Reward/action_rate_l2: -0.0182
Mean episode Episode_Reward/dof_acc_l2: -0.0002
Mean episode Episode_Reward/dof_torques_l2: -0.0003
Mean episode Metrics/base_velocity/error_vel_xy: 0.0103
Mean episode Metrics/base_velocity/error_vel_yaw: 0.0074
Mean episode Episode_Termination/time_out: 0.0000
Mean episode Episode_Termination/primary_fall: 1.0000
--------------------------------------------------------------------------------
                   Total timesteps: 53760
                    Iteration time: 1.16s
                        Total time: 408.19s
                               ETA: 1151.6s

################################################################################
                     [1m Learning iteration 350/1302 [0m                      

                       Computation: 1345 steps/s (collection: 1.048s, learning 0.094s)
                     surrogate_loss -0.0576
                         value_loss 0.0316
                            entropy -0.4712
                         total_loss -0.0298
             Mean action noise std: 0.25
                       Mean reward: -3.54
               Mean episode length: 75.94
Mean episode Episode_Reward/termination_penalty: -0.2000
Mean episode Episode_Reward/track_lin_vel_xy_exp: 0.0229
Mean episode Episode_Reward/track_ang_vel_z_exp: 0.0337
Mean episode Episode_Reward/feet_air_time: 0.0002
Mean episode Episode_Reward/feet_slide: -0.0020
Mean episode Episode_Reward/flat_orientation_l2: -0.0031
Mean episode Episode_Reward/stand_still: 0.0000
Mean episode Episode_Reward/dof_pos_limits: -0.0001
Mean episode Episode_Reward/joint_deviation_hip: -0.0023
Mean episode Episode_Reward/joint_deviation_arms: -0.0050
Mean episode Episode_Reward/joint_deviation_torso: -0.0018
Mean episode Episode_Reward/joint_deviation_knee: -0.0006
Mean episode Episode_Reward/lin_vel_z_l2: -0.0007
Mean episode Episode_Reward/action_rate_l2: -0.0203
Mean episode Episode_Reward/dof_acc_l2: -0.0002
Mean episode Episode_Reward/dof_torques_l2: -0.0003
Mean episode Metrics/base_velocity/error_vel_xy: 0.0118
Mean episode Metrics/base_velocity/error_vel_yaw: 0.0081
Mean episode Episode_Termination/time_out: 0.0000
Mean episode Episode_Termination/primary_fall: 1.0000
--------------------------------------------------------------------------------
                   Total timesteps: 55296
                    Iteration time: 1.14s
                        Total time: 419.69s
                               ETA: 1138.3s

################################################################################
                     [1m Learning iteration 360/1302 [0m                      

                       Computation: 1342 steps/s (collection: 1.052s, learning 0.092s)
                     surrogate_loss -0.0598
                         value_loss 0.0356
                            entropy -0.6412
                         total_loss -0.0293
             Mean action noise std: 0.25
                       Mean reward: -3.54
               Mean episode length: 70.10
Mean episode Episode_Reward/termination_penalty: -0.2000
Mean episode Episode_Reward/track_lin_vel_xy_exp: 0.0187
Mean episode Episode_Reward/track_ang_vel_z_exp: 0.0321
Mean episode Episode_Reward/feet_air_time: 0.0003
Mean episode Episode_Reward/feet_slide: -0.0021
Mean episode Episode_Reward/flat_orientation_l2: -0.0030
Mean episode Episode_Reward/stand_still: 0.0000
Mean episode Episode_Reward/dof_pos_limits: -0.0001
Mean episode Episode_Reward/joint_deviation_hip: -0.0022
Mean episode Episode_Reward/joint_deviation_arms: -0.0044
Mean episode Episode_Reward/joint_deviation_torso: -0.0018
Mean episode Episode_Reward/joint_deviation_knee: -0.0006
Mean episode Episode_Reward/lin_vel_z_l2: -0.0009
Mean episode Episode_Reward/action_rate_l2: -0.0192
Mean episode Episode_Reward/dof_acc_l2: -0.0002
Mean episode Episode_Reward/dof_torques_l2: -0.0003
Mean episode Metrics/base_velocity/error_vel_xy: 0.0113
Mean episode Metrics/base_velocity/error_vel_yaw: 0.0071
Mean episode Episode_Termination/time_out: 0.0000
Mean episode Episode_Termination/primary_fall: 1.0000
--------------------------------------------------------------------------------
                   Total timesteps: 56832
                    Iteration time: 1.14s
                        Total time: 431.17s
                               ETA: 1125.1s

################################################################################
                     [1m Learning iteration 370/1302 [0m                      

                       Computation: 1338 steps/s (collection: 1.052s, learning 0.095s)
                     surrogate_loss -0.0584
                         value_loss 0.0237
                            entropy -0.8757
                         total_loss -0.0418
             Mean action noise std: 0.25
                       Mean reward: -3.53
               Mean episode length: 70.61
Mean episode Episode_Reward/termination_penalty: -0.2000
Mean episode Episode_Reward/track_lin_vel_xy_exp: 0.0252
Mean episode Episode_Reward/track_ang_vel_z_exp: 0.0350
Mean episode Episode_Reward/feet_air_time: 0.0003
Mean episode Episode_Reward/feet_slide: -0.0021
Mean episode Episode_Reward/flat_orientation_l2: -0.0041
Mean episode Episode_Reward/stand_still: 0.0000
Mean episode Episode_Reward/dof_pos_limits: -0.0002
Mean episode Episode_Reward/joint_deviation_hip: -0.0023
Mean episode Episode_Reward/joint_deviation_arms: -0.0054
Mean episode Episode_Reward/joint_deviation_torso: -0.0017
Mean episode Episode_Reward/joint_deviation_knee: -0.0006
Mean episode Episode_Reward/lin_vel_z_l2: -0.0008
Mean episode Episode_Reward/action_rate_l2: -0.0210
Mean episode Episode_Reward/dof_acc_l2: -0.0002
Mean episode Episode_Reward/dof_torques_l2: -0.0003
Mean episode Metrics/base_velocity/error_vel_xy: 0.0108
Mean episode Metrics/base_velocity/error_vel_yaw: 0.0082
Mean episode Episode_Termination/time_out: 0.0000
Mean episode Episode_Termination/primary_fall: 1.0000
--------------------------------------------------------------------------------
                   Total timesteps: 58368
                    Iteration time: 1.15s
                        Total time: 442.64s
                               ETA: 1112.0s

################################################################################
                     [1m Learning iteration 380/1302 [0m                      

                       Computation: 1348 steps/s (collection: 1.044s, learning 0.095s)
                     surrogate_loss -0.0575
                         value_loss 0.0310
                            entropy -1.1284
                         total_loss -0.0355
             Mean action noise std: 0.25
                       Mean reward: -3.56
               Mean episode length: 78.16
Mean episode Episode_Reward/termination_penalty: -0.2000
Mean episode Episode_Reward/track_lin_vel_xy_exp: 0.0229
Mean episode Episode_Reward/track_ang_vel_z_exp: 0.0467
Mean episode Episode_Reward/feet_air_time: 0.0012
Mean episode Episode_Reward/feet_slide: -0.0023
Mean episode Episode_Reward/flat_orientation_l2: -0.0035
Mean episode Episode_Reward/stand_still: 0.0000
Mean episode Episode_Reward/dof_pos_limits: -0.0002
Mean episode Episode_Reward/joint_deviation_hip: -0.0042
Mean episode Episode_Reward/joint_deviation_arms: -0.0064
Mean episode Episode_Reward/joint_deviation_torso: -0.0021
Mean episode Episode_Reward/joint_deviation_knee: -0.0008
Mean episode Episode_Reward/lin_vel_z_l2: -0.0008
Mean episode Episode_Reward/action_rate_l2: -0.0279
Mean episode Episode_Reward/dof_acc_l2: -0.0002
Mean episode Episode_Reward/dof_torques_l2: -0.0005
Mean episode Metrics/base_velocity/error_vel_xy: 0.0154
Mean episode Metrics/base_velocity/error_vel_yaw: 0.0100
Mean episode Episode_Termination/time_out: 0.0000
Mean episode Episode_Termination/primary_fall: 1.0000
--------------------------------------------------------------------------------
                   Total timesteps: 59904
                    Iteration time: 1.14s
                        Total time: 454.17s
                               ETA: 1099.1s

################################################################################
                     [1m Learning iteration 390/1302 [0m                      

                       Computation: 1339 steps/s (collection: 1.053s, learning 0.094s)
                     surrogate_loss -0.0565
                         value_loss 0.0255
                            entropy -1.3240
                         total_loss -0.0415
             Mean action noise std: 0.25
                       Mean reward: -3.47
               Mean episode length: 78.94
Mean episode Episode_Reward/termination_penalty: -0.2000
Mean episode Episode_Reward/track_lin_vel_xy_exp: 0.0359
Mean episode Episode_Reward/track_ang_vel_z_exp: 0.0494
Mean episode Episode_Reward/feet_air_time: 0.0001
Mean episode Episode_Reward/feet_slide: -0.0024
Mean episode Episode_Reward/flat_orientation_l2: -0.0040
Mean episode Episode_Reward/stand_still: 0.0000
Mean episode Episode_Reward/dof_pos_limits: -0.0001
Mean episode Episode_Reward/joint_deviation_hip: -0.0035
Mean episode Episode_Reward/joint_deviation_arms: -0.0065
Mean episode Episode_Reward/joint_deviation_torso: -0.0023
Mean episode Episode_Reward/joint_deviation_knee: -0.0008
Mean episode Episode_Reward/lin_vel_z_l2: -0.0007
Mean episode Episode_Reward/action_rate_l2: -0.0278
Mean episode Episode_Reward/dof_acc_l2: -0.0002
Mean episode Episode_Reward/dof_torques_l2: -0.0004
Mean episode Metrics/base_velocity/error_vel_xy: 0.0128
Mean episode Metrics/base_velocity/error_vel_yaw: 0.0091
Mean episode Episode_Termination/time_out: 0.0000
Mean episode Episode_Termination/primary_fall: 1.0000
--------------------------------------------------------------------------------
                   Total timesteps: 61440
                    Iteration time: 1.15s
                        Total time: 465.56s
                               ETA: 1085.9s

################################################################################
                     [1m Learning iteration 400/1302 [0m                      

                       Computation: 1332 steps/s (collection: 1.058s, learning 0.094s)
                     surrogate_loss -0.0546
                         value_loss 0.0247
                            entropy -1.4989
                         total_loss -0.0419
             Mean action noise std: 0.26
                       Mean reward: -3.49
               Mean episode length: 85.52
Mean episode Episode_Reward/termination_penalty: -0.2000
Mean episode Episode_Reward/track_lin_vel_xy_exp: 0.0303
Mean episode Episode_Reward/track_ang_vel_z_exp: 0.0437
Mean episode Episode_Reward/feet_air_time: 0.0005
Mean episode Episode_Reward/feet_slide: -0.0024
Mean episode Episode_Reward/flat_orientation_l2: -0.0041
Mean episode Episode_Reward/stand_still: 0.0000
Mean episode Episode_Reward/dof_pos_limits: -0.0001
Mean episode Episode_Reward/joint_deviation_hip: -0.0030
Mean episode Episode_Reward/joint_deviation_arms: -0.0065
Mean episode Episode_Reward/joint_deviation_torso: -0.0023
Mean episode Episode_Reward/joint_deviation_knee: -0.0007
Mean episode Episode_Reward/lin_vel_z_l2: -0.0006
Mean episode Episode_Reward/action_rate_l2: -0.0273
Mean episode Episode_Reward/dof_acc_l2: -0.0002
Mean episode Episode_Reward/dof_torques_l2: -0.0004
Mean episode Metrics/base_velocity/error_vel_xy: 0.0133
Mean episode Metrics/base_velocity/error_vel_yaw: 0.0095
Mean episode Episode_Termination/time_out: 0.0000
Mean episode Episode_Termination/primary_fall: 1.0000
--------------------------------------------------------------------------------
                   Total timesteps: 62976
                    Iteration time: 1.15s
                        Total time: 476.97s
                               ETA: 1072.9s

################################################################################
                     [1m Learning iteration 410/1302 [0m                      

                       Computation: 1343 steps/s (collection: 1.056s, learning 0.088s)
                     surrogate_loss -0.0522
                         value_loss 0.0398
                            entropy -1.7810
                         total_loss -0.0267
             Mean action noise std: 0.26
                       Mean reward: -3.56
               Mean episode length: 81.12
Mean episode Episode_Reward/termination_penalty: -0.2000
Mean episode Episode_Reward/track_lin_vel_xy_exp: 0.0284
Mean episode Episode_Reward/track_ang_vel_z_exp: 0.0497
Mean episode Episode_Reward/feet_air_time: 0.0003
Mean episode Episode_Reward/feet_slide: -0.0024
Mean episode Episode_Reward/flat_orientation_l2: -0.0033
Mean episode Episode_Reward/stand_still: 0.0000
Mean episode Episode_Reward/dof_pos_limits: -0.0001
Mean episode Episode_Reward/joint_deviation_hip: -0.0029
Mean episode Episode_Reward/joint_deviation_arms: -0.0068
Mean episode Episode_Reward/joint_deviation_torso: -0.0023
Mean episode Episode_Reward/joint_deviation_knee: -0.0008
Mean episode Episode_Reward/lin_vel_z_l2: -0.0007
Mean episode Episode_Reward/action_rate_l2: -0.0311
Mean episode Episode_Reward/dof_acc_l2: -0.0002
Mean episode Episode_Reward/dof_torques_l2: -0.0004
Mean episode Metrics/base_velocity/error_vel_xy: 0.0149
Mean episode Metrics/base_velocity/error_vel_yaw: 0.0098
Mean episode Episode_Termination/time_out: 0.0000
Mean episode Episode_Termination/primary_fall: 1.0000
--------------------------------------------------------------------------------
                   Total timesteps: 64512
                    Iteration time: 1.14s
                        Total time: 488.36s
                               ETA: 1059.9s

################################################################################
                     [1m Learning iteration 420/1302 [0m                      

                       Computation: 1345 steps/s (collection: 1.050s, learning 0.091s)
                     surrogate_loss -0.0606
                         value_loss 0.0400
                            entropy -2.0072
                         total_loss -0.0367
             Mean action noise std: 0.26
                       Mean reward: -3.49
               Mean episode length: 86.27
Mean episode Episode_Reward/termination_penalty: -0.2000
Mean episode Episode_Reward/track_lin_vel_xy_exp: 0.0406
Mean episode Episode_Reward/track_ang_vel_z_exp: 0.0568
Mean episode Episode_Reward/feet_air_time: 0.0002
Mean episode Episode_Reward/feet_slide: -0.0029
Mean episode Episode_Reward/flat_orientation_l2: -0.0038
Mean episode Episode_Reward/stand_still: 0.0000
Mean episode Episode_Reward/dof_pos_limits: -0.0001
Mean episode Episode_Reward/joint_deviation_hip: -0.0035
Mean episode Episode_Reward/joint_deviation_arms: -0.0081
Mean episode Episode_Reward/joint_deviation_torso: -0.0024
Mean episode Episode_Reward/joint_deviation_knee: -0.0008
Mean episode Episode_Reward/lin_vel_z_l2: -0.0008
Mean episode Episode_Reward/action_rate_l2: -0.0352
Mean episode Episode_Reward/dof_acc_l2: -0.0003
Mean episode Episode_Reward/dof_torques_l2: -0.0005
Mean episode Metrics/base_velocity/error_vel_xy: 0.0146
Mean episode Metrics/base_velocity/error_vel_yaw: 0.0108
Mean episode Episode_Termination/time_out: 0.0000
Mean episode Episode_Termination/primary_fall: 1.0000
--------------------------------------------------------------------------------
                   Total timesteps: 66048
                    Iteration time: 1.14s
                        Total time: 499.69s
                               ETA: 1046.9s

################################################################################
                     [1m Learning iteration 430/1302 [0m                      

                       Computation: 1366 steps/s (collection: 1.028s, learning 0.097s)
                     surrogate_loss -0.0587
                         value_loss 0.0474
                            entropy -2.1476
                         total_loss -0.0285
             Mean action noise std: 0.26
                       Mean reward: -3.46
               Mean episode length: 100.57
Mean episode Episode_Reward/termination_penalty: -0.2000
Mean episode Episode_Reward/track_lin_vel_xy_exp: 0.0429
Mean episode Episode_Reward/track_ang_vel_z_exp: 0.0701
Mean episode Episode_Reward/feet_air_time: 0.0002
Mean episode Episode_Reward/feet_slide: -0.0031
Mean episode Episode_Reward/flat_orientation_l2: -0.0051
Mean episode Episode_Reward/stand_still: 0.0000
Mean episode Episode_Reward/dof_pos_limits: -0.0002
Mean episode Episode_Reward/joint_deviation_hip: -0.0038
Mean episode Episode_Reward/joint_deviation_arms: -0.0105
Mean episode Episode_Reward/joint_deviation_torso: -0.0033
Mean episode Episode_Reward/joint_deviation_knee: -0.0011
Mean episode Episode_Reward/lin_vel_z_l2: -0.0006
Mean episode Episode_Reward/action_rate_l2: -0.0460
Mean episode Episode_Reward/dof_acc_l2: -0.0003
Mean episode Episode_Reward/dof_torques_l2: -0.0006
Mean episode Metrics/base_velocity/error_vel_xy: 0.0196
Mean episode Metrics/base_velocity/error_vel_yaw: 0.0139
Mean episode Episode_Termination/time_out: 0.0000
Mean episode Episode_Termination/primary_fall: 1.0000
--------------------------------------------------------------------------------
                   Total timesteps: 67584
                    Iteration time: 1.12s
                        Total time: 511.03s
                               ETA: 1033.9s

################################################################################
                     [1m Learning iteration 440/1302 [0m                      

                       Computation: 1344 steps/s (collection: 1.052s, learning 0.090s)
                     surrogate_loss -0.0554
                         value_loss 0.0451
                            entropy -2.2929
                         total_loss -0.0286
             Mean action noise std: 0.26
                       Mean reward: -3.55
               Mean episode length: 83.75
Mean episode Episode_Reward/termination_penalty: -0.2000
Mean episode Episode_Reward/track_lin_vel_xy_exp: 0.0280
Mean episode Episode_Reward/track_ang_vel_z_exp: 0.0324
Mean episode Episode_Reward/feet_air_time: 0.0002
Mean episode Episode_Reward/feet_slide: -0.0020
Mean episode Episode_Reward/flat_orientation_l2: -0.0032
Mean episode Episode_Reward/stand_still: 0.0000
Mean episode Episode_Reward/dof_pos_limits: -0.0001
Mean episode Episode_Reward/joint_deviation_hip: -0.0023
Mean episode Episode_Reward/joint_deviation_arms: -0.0053
Mean episode Episode_Reward/joint_deviation_torso: -0.0020
Mean episode Episode_Reward/joint_deviation_knee: -0.0005
Mean episode Episode_Reward/lin_vel_z_l2: -0.0007
Mean episode Episode_Reward/action_rate_l2: -0.0232
Mean episode Episode_Reward/dof_acc_l2: -0.0002
Mean episode Episode_Reward/dof_torques_l2: -0.0002
Mean episode Metrics/base_velocity/error_vel_xy: 0.0099
Mean episode Metrics/base_velocity/error_vel_yaw: 0.0075
Mean episode Episode_Termination/time_out: 0.0000
Mean episode Episode_Termination/primary_fall: 1.0000
--------------------------------------------------------------------------------
                   Total timesteps: 69120
                    Iteration time: 1.14s
                        Total time: 522.47s
                               ETA: 1021.2s

################################################################################
                     [1m Learning iteration 450/1302 [0m                      

                       Computation: 1362 steps/s (collection: 1.033s, learning 0.094s)
                     surrogate_loss -0.0560
                         value_loss 0.0472
                            entropy -2.4676
                         total_loss -0.0286
             Mean action noise std: 0.27
                       Mean reward: -3.52
               Mean episode length: 93.36
Mean episode Episode_Reward/termination_penalty: -0.2000
Mean episode Episode_Reward/track_lin_vel_xy_exp: 0.0486
Mean episode Episode_Reward/track_ang_vel_z_exp: 0.0569
Mean episode Episode_Reward/feet_air_time: 0.0002
Mean episode Episode_Reward/feet_slide: -0.0030
Mean episode Episode_Reward/flat_orientation_l2: -0.0046
Mean episode Episode_Reward/stand_still: 0.0000
Mean episode Episode_Reward/dof_pos_limits: -0.0002
Mean episode Episode_Reward/joint_deviation_hip: -0.0041
Mean episode Episode_Reward/joint_deviation_arms: -0.0095
Mean episode Episode_Reward/joint_deviation_torso: -0.0028
Mean episode Episode_Reward/joint_deviation_knee: -0.0009
Mean episode Episode_Reward/lin_vel_z_l2: -0.0007
Mean episode Episode_Reward/action_rate_l2: -0.0394
Mean episode Episode_Reward/dof_acc_l2: -0.0003
Mean episode Episode_Reward/dof_torques_l2: -0.0005
Mean episode Metrics/base_velocity/error_vel_xy: 0.0148
Mean episode Metrics/base_velocity/error_vel_yaw: 0.0132
Mean episode Episode_Termination/time_out: 0.0000
Mean episode Episode_Termination/primary_fall: 1.0000
--------------------------------------------------------------------------------
                   Total timesteps: 70656
                    Iteration time: 1.13s
                        Total time: 533.90s
                               ETA: 1008.6s

################################################################################
                     [1m Learning iteration 460/1302 [0m                      

                       Computation: 1342 steps/s (collection: 1.051s, learning 0.093s)
                     surrogate_loss -0.0549
                         value_loss 0.0469
                            entropy -2.6599
                         total_loss -0.0293
             Mean action noise std: 0.27
                       Mean reward: -3.64
               Mean episode length: 86.90
Mean episode Episode_Reward/termination_penalty: -0.2000
Mean episode Episode_Reward/track_lin_vel_xy_exp: 0.0274
Mean episode Episode_Reward/track_ang_vel_z_exp: 0.0464
Mean episode Episode_Reward/feet_air_time: 0.0005
Mean episode Episode_Reward/feet_slide: -0.0024
Mean episode Episode_Reward/flat_orientation_l2: -0.0040
Mean episode Episode_Reward/stand_still: 0.0000
Mean episode Episode_Reward/dof_pos_limits: -0.0003
Mean episode Episode_Reward/joint_deviation_hip: -0.0034
Mean episode Episode_Reward/joint_deviation_arms: -0.0067
Mean episode Episode_Reward/joint_deviation_torso: -0.0022
Mean episode Episode_Reward/joint_deviation_knee: -0.0007
Mean episode Episode_Reward/lin_vel_z_l2: -0.0006
Mean episode Episode_Reward/action_rate_l2: -0.0320
Mean episode Episode_Reward/dof_acc_l2: -0.0003
Mean episode Episode_Reward/dof_torques_l2: -0.0004
Mean episode Metrics/base_velocity/error_vel_xy: 0.0144
Mean episode Metrics/base_velocity/error_vel_yaw: 0.0092
Mean episode Episode_Termination/time_out: 0.0000
Mean episode Episode_Termination/primary_fall: 1.0000
--------------------------------------------------------------------------------
                   Total timesteps: 72192
                    Iteration time: 1.14s
                        Total time: 545.20s
                               ETA: 995.8s

################################################################################
                     [1m Learning iteration 470/1302 [0m                      

                       Computation: 1368 steps/s (collection: 1.032s, learning 0.091s)
                     surrogate_loss -0.0593
                         value_loss 0.0410
                            entropy -2.8740
                         total_loss -0.0413
             Mean action noise std: 0.27
                       Mean reward: -3.39
               Mean episode length: 114.20
Mean episode Episode_Reward/termination_penalty: -0.2000
Mean episode Episode_Reward/track_lin_vel_xy_exp: 0.0252
Mean episode Episode_Reward/track_ang_vel_z_exp: 0.0457
Mean episode Episode_Reward/feet_air_time: 0.0002
Mean episode Episode_Reward/feet_slide: -0.0025
Mean episode Episode_Reward/flat_orientation_l2: -0.0053
Mean episode Episode_Reward/stand_still: 0.0000
Mean episode Episode_Reward/dof_pos_limits: -0.0002
Mean episode Episode_Reward/joint_deviation_hip: -0.0036
Mean episode Episode_Reward/joint_deviation_arms: -0.0070
Mean episode Episode_Reward/joint_deviation_torso: -0.0022
Mean episode Episode_Reward/joint_deviation_knee: -0.0007
Mean episode Episode_Reward/lin_vel_z_l2: -0.0005
Mean episode Episode_Reward/action_rate_l2: -0.0328
Mean episode Episode_Reward/dof_acc_l2: -0.0002
Mean episode Episode_Reward/dof_torques_l2: -0.0004
Mean episode Metrics/base_velocity/error_vel_xy: 0.0157
Mean episode Metrics/base_velocity/error_vel_yaw: 0.0096
Mean episode Episode_Termination/time_out: 0.0000
Mean episode Episode_Termination/primary_fall: 1.0000
--------------------------------------------------------------------------------
                   Total timesteps: 73728
                    Iteration time: 1.12s
                        Total time: 556.52s
                               ETA: 983.1s

################################################################################
                     [1m Learning iteration 480/1302 [0m                      

                       Computation: 1368 steps/s (collection: 1.026s, learning 0.096s)
                     surrogate_loss -0.0573
                         value_loss 0.0616
                            entropy -3.0398
                         total_loss -0.0200
             Mean action noise std: 0.27
                       Mean reward: -3.25
               Mean episode length: 129.15
Mean episode Episode_Reward/termination_penalty: -0.2000
Mean episode Episode_Reward/track_lin_vel_xy_exp: 0.0204
Mean episode Episode_Reward/track_ang_vel_z_exp: 0.0323
Mean episode Episode_Reward/feet_air_time: 0.0001
Mean episode Episode_Reward/feet_slide: -0.0020
Mean episode Episode_Reward/flat_orientation_l2: -0.0037
Mean episode Episode_Reward/stand_still: 0.0000
Mean episode Episode_Reward/dof_pos_limits: -0.0000
Mean episode Episode_Reward/joint_deviation_hip: -0.0021
Mean episode Episode_Reward/joint_deviation_arms: -0.0053
Mean episode Episode_Reward/joint_deviation_torso: -0.0020
Mean episode Episode_Reward/joint_deviation_knee: -0.0005
Mean episode Episode_Reward/lin_vel_z_l2: -0.0006
Mean episode Episode_Reward/action_rate_l2: -0.0241
Mean episode Episode_Reward/dof_acc_l2: -0.0002
Mean episode Episode_Reward/dof_torques_l2: -0.0003
Mean episode Metrics/base_velocity/error_vel_xy: 0.0120
Mean episode Metrics/base_velocity/error_vel_yaw: 0.0074
Mean episode Episode_Termination/time_out: 0.0156
Mean episode Episode_Termination/primary_fall: 0.9844
--------------------------------------------------------------------------------
                   Total timesteps: 75264
                    Iteration time: 1.12s
                        Total time: 567.82s
                               ETA: 970.4s

################################################################################
                     [1m Learning iteration 490/1302 [0m                      

                       Computation: 1369 steps/s (collection: 1.026s, learning 0.095s)
                     surrogate_loss -0.0571
                         value_loss 0.0557
                            entropy -3.1906
                         total_loss -0.0269
             Mean action noise std: 0.27
                       Mean reward: -3.32
               Mean episode length: 135.62
Mean episode Episode_Reward/termination_penalty: -0.2000
Mean episode Episode_Reward/track_lin_vel_xy_exp: 0.0325
Mean episode Episode_Reward/track_ang_vel_z_exp: 0.0363
Mean episode Episode_Reward/feet_air_time: 0.0002
Mean episode Episode_Reward/feet_slide: -0.0022
Mean episode Episode_Reward/flat_orientation_l2: -0.0038
Mean episode Episode_Reward/stand_still: 0.0000
Mean episode Episode_Reward/dof_pos_limits: -0.0000
Mean episode Episode_Reward/joint_deviation_hip: -0.0025
Mean episode Episode_Reward/joint_deviation_arms: -0.0058
Mean episode Episode_Reward/joint_deviation_torso: -0.0019
Mean episode Episode_Reward/joint_deviation_knee: -0.0004
Mean episode Episode_Reward/lin_vel_z_l2: -0.0005
Mean episode Episode_Reward/action_rate_l2: -0.0271
Mean episode Episode_Reward/dof_acc_l2: -0.0002
Mean episode Episode_Reward/dof_torques_l2: -0.0003
Mean episode Metrics/base_velocity/error_vel_xy: 0.0103
Mean episode Metrics/base_velocity/error_vel_yaw: 0.0085
Mean episode Episode_Termination/time_out: 0.0156
Mean episode Episode_Termination/primary_fall: 0.9844
--------------------------------------------------------------------------------
                   Total timesteps: 76800
                    Iteration time: 1.12s
                        Total time: 579.09s
                               ETA: 957.7s

################################################################################
                     [1m Learning iteration 500/1302 [0m                      

                       Computation: 1356 steps/s (collection: 1.041s, learning 0.092s)
                     surrogate_loss -0.0571
                         value_loss 0.0502
                            entropy -3.3424
                         total_loss -0.0337
             Mean action noise std: 0.27
                       Mean reward: -3.23
               Mean episode length: 166.85
Mean episode Episode_Reward/termination_penalty: -0.2000
Mean episode Episode_Reward/track_lin_vel_xy_exp: 0.0806
Mean episode Episode_Reward/track_ang_vel_z_exp: 0.1276
Mean episode Episode_Reward/feet_air_time: 0.0005
Mean episode Episode_Reward/feet_slide: -0.0053
Mean episode Episode_Reward/flat_orientation_l2: -0.0103
Mean episode Episode_Reward/stand_still: 0.0000
Mean episode Episode_Reward/dof_pos_limits: -0.0006
Mean episode Episode_Reward/joint_deviation_hip: -0.0137
Mean episode Episode_Reward/joint_deviation_arms: -0.0191
Mean episode Episode_Reward/joint_deviation_torso: -0.0067
Mean episode Episode_Reward/joint_deviation_knee: -0.0017
Mean episode Episode_Reward/lin_vel_z_l2: -0.0007
Mean episode Episode_Reward/action_rate_l2: -0.0905
Mean episode Episode_Reward/dof_acc_l2: -0.0006
Mean episode Episode_Reward/dof_torques_l2: -0.0011
Mean episode Metrics/base_velocity/error_vel_xy: 0.0315
Mean episode Metrics/base_velocity/error_vel_yaw: 0.0248
Mean episode Episode_Termination/time_out: 0.0156
Mean episode Episode_Termination/primary_fall: 0.9844
--------------------------------------------------------------------------------
                   Total timesteps: 78336
                    Iteration time: 1.13s
                        Total time: 590.40s
                               ETA: 945.1s

################################################################################
                     [1m Learning iteration 510/1302 [0m                      

                       Computation: 1371 steps/s (collection: 1.027s, learning 0.094s)
                     surrogate_loss -0.0560
                         value_loss 0.0403
                            entropy -3.5133
                         total_loss -0.0438
             Mean action noise std: 0.27
                       Mean reward: -3.41
               Mean episode length: 142.22
Mean episode Episode_Reward/termination_penalty: -0.2000
Mean episode Episode_Reward/track_lin_vel_xy_exp: 0.0492
Mean episode Episode_Reward/track_ang_vel_z_exp: 0.0581
Mean episode Episode_Reward/feet_air_time: 0.0003
Mean episode Episode_Reward/feet_slide: -0.0032
Mean episode Episode_Reward/flat_orientation_l2: -0.0048
Mean episode Episode_Reward/stand_still: 0.0000
Mean episode Episode_Reward/dof_pos_limits: -0.0002
Mean episode Episode_Reward/joint_deviation_hip: -0.0052
Mean episode Episode_Reward/joint_deviation_arms: -0.0091
Mean episode Episode_Reward/joint_deviation_torso: -0.0029
Mean episode Episode_Reward/joint_deviation_knee: -0.0008
Mean episode Episode_Reward/lin_vel_z_l2: -0.0006
Mean episode Episode_Reward/action_rate_l2: -0.0457
Mean episode Episode_Reward/dof_acc_l2: -0.0004
Mean episode Episode_Reward/dof_torques_l2: -0.0005
Mean episode Metrics/base_velocity/error_vel_xy: 0.0149
Mean episode Metrics/base_velocity/error_vel_yaw: 0.0125
Mean episode Episode_Termination/time_out: 0.0156
Mean episode Episode_Termination/primary_fall: 0.9844
--------------------------------------------------------------------------------
                   Total timesteps: 79872
                    Iteration time: 1.12s
                        Total time: 601.71s
                               ETA: 932.6s

################################################################################
                     [1m Learning iteration 520/1302 [0m                      

                       Computation: 1366 steps/s (collection: 1.034s, learning 0.090s)
                     surrogate_loss -0.0531
                         value_loss 0.0505
                            entropy -3.7416
                         total_loss -0.0325
             Mean action noise std: 0.28
                       Mean reward: -3.27
               Mean episode length: 163.55
Mean episode Episode_Reward/termination_penalty: -0.2000
Mean episode Episode_Reward/track_lin_vel_xy_exp: 0.0320
Mean episode Episode_Reward/track_ang_vel_z_exp: 0.0512
Mean episode Episode_Reward/feet_air_time: 0.0004
Mean episode Episode_Reward/feet_slide: -0.0031
Mean episode Episode_Reward/flat_orientation_l2: -0.0049
Mean episode Episode_Reward/stand_still: 0.0000
Mean episode Episode_Reward/dof_pos_limits: -0.0001
Mean episode Episode_Reward/joint_deviation_hip: -0.0049
Mean episode Episode_Reward/joint_deviation_arms: -0.0080
Mean episode Episode_Reward/joint_deviation_torso: -0.0026
Mean episode Episode_Reward/joint_deviation_knee: -0.0007
Mean episode Episode_Reward/lin_vel_z_l2: -0.0005
Mean episode Episode_Reward/action_rate_l2: -0.0432
Mean episode Episode_Reward/dof_acc_l2: -0.0003
Mean episode Episode_Reward/dof_torques_l2: -0.0005
Mean episode Metrics/base_velocity/error_vel_xy: 0.0170
Mean episode Metrics/base_velocity/error_vel_yaw: 0.0119
Mean episode Episode_Termination/time_out: 0.0000
Mean episode Episode_Termination/primary_fall: 1.0000
--------------------------------------------------------------------------------
                   Total timesteps: 81408
                    Iteration time: 1.12s
                        Total time: 613.01s
                               ETA: 920.1s

################################################################################
                     [1m Learning iteration 530/1302 [0m                      

                       Computation: 1396 steps/s (collection: 1.009s, learning 0.091s)
                     surrogate_loss -0.0527
                         value_loss 0.0379
                            entropy -3.9219
                         total_loss -0.0462
             Mean action noise std: 0.28
                       Mean reward: -3.28
               Mean episode length: 170.73
Mean episode Episode_Reward/termination_penalty: -0.2000
Mean episode Episode_Reward/track_lin_vel_xy_exp: 0.0155
Mean episode Episode_Reward/track_ang_vel_z_exp: 0.0409
Mean episode Episode_Reward/feet_air_time: 0.0004
Mean episode Episode_Reward/feet_slide: -0.0025
Mean episode Episode_Reward/flat_orientation_l2: -0.0046
Mean episode Episode_Reward/stand_still: 0.0000
Mean episode Episode_Reward/dof_pos_limits: -0.0002
Mean episode Episode_Reward/joint_deviation_hip: -0.0032
Mean episode Episode_Reward/joint_deviation_arms: -0.0061
Mean episode Episode_Reward/joint_deviation_torso: -0.0023
Mean episode Episode_Reward/joint_deviation_knee: -0.0006
Mean episode Episode_Reward/lin_vel_z_l2: -0.0006
Mean episode Episode_Reward/action_rate_l2: -0.0344
Mean episode Episode_Reward/dof_acc_l2: -0.0003
Mean episode Episode_Reward/dof_torques_l2: -0.0004
Mean episode Metrics/base_velocity/error_vel_xy: 0.0168
Mean episode Metrics/base_velocity/error_vel_yaw: 0.0094
Mean episode Episode_Termination/time_out: 0.0156
Mean episode Episode_Termination/primary_fall: 0.9844
--------------------------------------------------------------------------------
                   Total timesteps: 82944
                    Iteration time: 1.10s
                        Total time: 624.21s
                               ETA: 907.5s

################################################################################
                     [1m Learning iteration 540/1302 [0m                      

                       Computation: 1386 steps/s (collection: 1.015s, learning 0.093s)
                     surrogate_loss -0.0458
                         value_loss 0.0832
                            entropy -4.0854
                         total_loss 0.0047
             Mean action noise std: 0.28
                       Mean reward: -3.02
               Mean episode length: 193.49
Mean episode Episode_Reward/termination_penalty: -0.2000
Mean episode Episode_Reward/track_lin_vel_xy_exp: 0.0303
Mean episode Episode_Reward/track_ang_vel_z_exp: 0.0514
Mean episode Episode_Reward/feet_air_time: 0.0007
Mean episode Episode_Reward/feet_slide: -0.0029
Mean episode Episode_Reward/flat_orientation_l2: -0.0067
Mean episode Episode_Reward/stand_still: 0.0000
Mean episode Episode_Reward/dof_pos_limits: -0.0003
Mean episode Episode_Reward/joint_deviation_hip: -0.0030
Mean episode Episode_Reward/joint_deviation_arms: -0.0077
Mean episode Episode_Reward/joint_deviation_torso: -0.0022
Mean episode Episode_Reward/joint_deviation_knee: -0.0008
Mean episode Episode_Reward/lin_vel_z_l2: -0.0004
Mean episode Episode_Reward/action_rate_l2: -0.0403
Mean episode Episode_Reward/dof_acc_l2: -0.0003
Mean episode Episode_Reward/dof_torques_l2: -0.0006
Mean episode Metrics/base_velocity/error_vel_xy: 0.0155
Mean episode Metrics/base_velocity/error_vel_yaw: 0.0114
Mean episode Episode_Termination/time_out: 0.0312
Mean episode Episode_Termination/primary_fall: 0.9688
--------------------------------------------------------------------------------
                   Total timesteps: 84480
                    Iteration time: 1.11s
                        Total time: 635.36s
                               ETA: 894.9s

################################################################################
                     [1m Learning iteration 550/1302 [0m                      

                       Computation: 1370 steps/s (collection: 1.025s, learning 0.096s)
                     surrogate_loss -0.0542
                         value_loss 0.0294
                            entropy -4.2456
                         total_loss -0.0587
             Mean action noise std: 0.28
                       Mean reward: -2.62
               Mean episode length: 259.22
Mean episode Episode_Reward/termination_penalty: -0.2000
Mean episode Episode_Reward/track_lin_vel_xy_exp: 0.0515
Mean episode Episode_Reward/track_ang_vel_z_exp: 0.0662
Mean episode Episode_Reward/feet_air_time: 0.0004
Mean episode Episode_Reward/feet_slide: -0.0037
Mean episode Episode_Reward/flat_orientation_l2: -0.0060
Mean episode Episode_Reward/stand_still: 0.0000
Mean episode Episode_Reward/dof_pos_limits: -0.0001
Mean episode Episode_Reward/joint_deviation_hip: -0.0061
Mean episode Episode_Reward/joint_deviation_arms: -0.0108
Mean episode Episode_Reward/joint_deviation_torso: -0.0032
Mean episode Episode_Reward/joint_deviation_knee: -0.0010
Mean episode Episode_Reward/lin_vel_z_l2: -0.0005
Mean episode Episode_Reward/action_rate_l2: -0.0532
Mean episode Episode_Reward/dof_acc_l2: -0.0004
Mean episode Episode_Reward/dof_torques_l2: -0.0006
Mean episode Metrics/base_velocity/error_vel_xy: 0.0165
Mean episode Metrics/base_velocity/error_vel_yaw: 0.0148
Mean episode Episode_Termination/time_out: 0.0625
Mean episode Episode_Termination/primary_fall: 0.9375
--------------------------------------------------------------------------------
                   Total timesteps: 86016
                    Iteration time: 1.12s
                        Total time: 646.54s
                               ETA: 882.4s

################################################################################
                     [1m Learning iteration 560/1302 [0m                      

                       Computation: 1399 steps/s (collection: 1.010s, learning 0.088s)
                     surrogate_loss -0.0542
                         value_loss 0.0226
                            entropy -4.4106
                         total_loss -0.0669
             Mean action noise std: 0.28
                       Mean reward: -2.75
               Mean episode length: 246.00
Mean episode Episode_Reward/termination_penalty: -0.2000
Mean episode Episode_Reward/track_lin_vel_xy_exp: 0.1117
Mean episode Episode_Reward/track_ang_vel_z_exp: 0.1463
Mean episode Episode_Reward/feet_air_time: 0.0003
Mean episode Episode_Reward/feet_slide: -0.0083
Mean episode Episode_Reward/flat_orientation_l2: -0.0073
Mean episode Episode_Reward/stand_still: 0.0000
Mean episode Episode_Reward/dof_pos_limits: -0.0003
Mean episode Episode_Reward/joint_deviation_hip: -0.0162
Mean episode Episode_Reward/joint_deviation_arms: -0.0220
Mean episode Episode_Reward/joint_deviation_torso: -0.0059
Mean episode Episode_Reward/joint_deviation_knee: -0.0019
Mean episode Episode_Reward/lin_vel_z_l2: -0.0006
Mean episode Episode_Reward/action_rate_l2: -0.1219
Mean episode Episode_Reward/dof_acc_l2: -0.0008
Mean episode Episode_Reward/dof_torques_l2: -0.0011
Mean episode Metrics/base_velocity/error_vel_xy: 0.0342
Mean episode Metrics/base_velocity/error_vel_yaw: 0.0325
Mean episode Episode_Termination/time_out: 0.0312
Mean episode Episode_Termination/primary_fall: 0.9688
--------------------------------------------------------------------------------
                   Total timesteps: 87552
                    Iteration time: 1.10s
                        Total time: 657.71s
                               ETA: 869.9s

################################################################################
                     [1m Learning iteration 570/1302 [0m                      

                       Computation: 1369 steps/s (collection: 1.033s, learning 0.089s)
                     surrogate_loss -0.0522
                         value_loss 0.0446
                            entropy -4.5940
                         total_loss -0.0444
             Mean action noise std: 0.29
                       Mean reward: -2.70
               Mean episode length: 236.20
Mean episode Episode_Reward/termination_penalty: -0.1917
Mean episode Episode_Reward/track_lin_vel_xy_exp: 0.0411
Mean episode Episode_Reward/track_ang_vel_z_exp: 0.0662
Mean episode Episode_Reward/feet_air_time: 0.0016
Mean episode Episode_Reward/feet_slide: -0.0036
Mean episode Episode_Reward/flat_orientation_l2: -0.0049
Mean episode Episode_Reward/stand_still: 0.0000
Mean episode Episode_Reward/dof_pos_limits: -0.0002
Mean episode Episode_Reward/joint_deviation_hip: -0.0062
Mean episode Episode_Reward/joint_deviation_arms: -0.0106
Mean episode Episode_Reward/joint_deviation_torso: -0.0032
Mean episode Episode_Reward/joint_deviation_knee: -0.0009
Mean episode Episode_Reward/lin_vel_z_l2: -0.0006
Mean episode Episode_Reward/action_rate_l2: -0.0574
Mean episode Episode_Reward/dof_acc_l2: -0.0004
Mean episode Episode_Reward/dof_torques_l2: -0.0007
Mean episode Metrics/base_velocity/error_vel_xy: 0.0201
Mean episode Metrics/base_velocity/error_vel_yaw: 0.0153
Mean episode Episode_Termination/time_out: 0.0632
Mean episode Episode_Termination/primary_fall: 0.9368
--------------------------------------------------------------------------------
                   Total timesteps: 89088
                    Iteration time: 1.12s
                        Total time: 668.92s
                               ETA: 857.5s

################################################################################
                     [1m Learning iteration 580/1302 [0m                      

                       Computation: 1318 steps/s (collection: 1.076s, learning 0.090s)
                     surrogate_loss -0.0472
                         value_loss 0.0548
                            entropy -4.7980
                         total_loss -0.0308
             Mean action noise std: 0.29
                       Mean reward: -2.62
               Mean episode length: 258.64
Mean episode Episode_Reward/termination_penalty: -0.2000
Mean episode Episode_Reward/track_lin_vel_xy_exp: 0.0770
Mean episode Episode_Reward/track_ang_vel_z_exp: 0.0885
Mean episode Episode_Reward/feet_air_time: 0.0004
Mean episode Episode_Reward/feet_slide: -0.0048
Mean episode Episode_Reward/flat_orientation_l2: -0.0050
Mean episode Episode_Reward/stand_still: 0.0000
Mean episode Episode_Reward/dof_pos_limits: -0.0001
Mean episode Episode_Reward/joint_deviation_hip: -0.0083
Mean episode Episode_Reward/joint_deviation_arms: -0.0149
Mean episode Episode_Reward/joint_deviation_torso: -0.0044
Mean episode Episode_Reward/joint_deviation_knee: -0.0014
Mean episode Episode_Reward/lin_vel_z_l2: -0.0007
Mean episode Episode_Reward/action_rate_l2: -0.0752
Mean episode Episode_Reward/dof_acc_l2: -0.0005
Mean episode Episode_Reward/dof_torques_l2: -0.0008
Mean episode Metrics/base_velocity/error_vel_xy: 0.0200
Mean episode Metrics/base_velocity/error_vel_yaw: 0.0193
Mean episode Episode_Termination/time_out: 0.0312
Mean episode Episode_Termination/primary_fall: 0.9688
--------------------------------------------------------------------------------
                   Total timesteps: 90624
                    Iteration time: 1.17s
                        Total time: 680.12s
                               ETA: 845.2s

################################################################################
                     [1m Learning iteration 590/1302 [0m                      

                       Computation: 1377 steps/s (collection: 1.018s, learning 0.097s)
                     surrogate_loss -0.0424
                         value_loss 0.0585
                            entropy -4.9688
                         total_loss -0.0236
             Mean action noise std: 0.29
                       Mean reward: -2.46
               Mean episode length: 277.41
Mean episode Episode_Reward/termination_penalty: -0.1792
Mean episode Episode_Reward/track_lin_vel_xy_exp: 0.0751
Mean episode Episode_Reward/track_ang_vel_z_exp: 0.1076
Mean episode Episode_Reward/feet_air_time: 0.0005
Mean episode Episode_Reward/feet_slide: -0.0050
Mean episode Episode_Reward/flat_orientation_l2: -0.0069
Mean episode Episode_Reward/stand_still: 0.0000
Mean episode Episode_Reward/dof_pos_limits: -0.0002
Mean episode Episode_Reward/joint_deviation_hip: -0.0106
Mean episode Episode_Reward/joint_deviation_arms: -0.0181
Mean episode Episode_Reward/joint_deviation_torso: -0.0051
Mean episode Episode_Reward/joint_deviation_knee: -0.0017
Mean episode Episode_Reward/lin_vel_z_l2: -0.0006
Mean episode Episode_Reward/action_rate_l2: -0.0881
Mean episode Episode_Reward/dof_acc_l2: -0.0006
Mean episode Episode_Reward/dof_torques_l2: -0.0011
Mean episode Metrics/base_velocity/error_vel_xy: 0.0269
Mean episode Metrics/base_velocity/error_vel_yaw: 0.0225
Mean episode Episode_Termination/time_out: 0.0833
Mean episode Episode_Termination/primary_fall: 0.9167
--------------------------------------------------------------------------------
                   Total timesteps: 92160
                    Iteration time: 1.11s
                        Total time: 691.29s
                               ETA: 832.8s

################################################################################
                     [1m Learning iteration 600/1302 [0m                      

                       Computation: 1382 steps/s (collection: 1.011s, learning 0.100s)
                     surrogate_loss -0.0530
                         value_loss 0.0213
                            entropy -5.1119
                         total_loss -0.0726
             Mean action noise std: 0.29
                       Mean reward: -2.84
               Mean episode length: 209.09
Mean episode Episode_Reward/termination_penalty: -0.2000
Mean episode Episode_Reward/track_lin_vel_xy_exp: 0.0040
Mean episode Episode_Reward/track_ang_vel_z_exp: 0.0278
Mean episode Episode_Reward/feet_air_time: 0.0002
Mean episode Episode_Reward/feet_slide: -0.0022
Mean episode Episode_Reward/flat_orientation_l2: -0.0051
Mean episode Episode_Reward/stand_still: 0.0000
Mean episode Episode_Reward/dof_pos_limits: -0.0002
Mean episode Episode_Reward/joint_deviation_hip: -0.0019
Mean episode Episode_Reward/joint_deviation_arms: -0.0050
Mean episode Episode_Reward/joint_deviation_torso: -0.0016
Mean episode Episode_Reward/joint_deviation_knee: -0.0004
Mean episode Episode_Reward/lin_vel_z_l2: -0.0004
Mean episode Episode_Reward/action_rate_l2: -0.0264
Mean episode Episode_Reward/dof_acc_l2: -0.0002
Mean episode Episode_Reward/dof_torques_l2: -0.0003
Mean episode Metrics/base_velocity/error_vel_xy: 0.0156
Mean episode Metrics/base_velocity/error_vel_yaw: 0.0080
Mean episode Episode_Termination/time_out: 0.0625
Mean episode Episode_Termination/primary_fall: 0.9375
--------------------------------------------------------------------------------
                   Total timesteps: 93696
                    Iteration time: 1.11s
                        Total time: 702.53s
                               ETA: 820.6s

################################################################################
                     [1m Learning iteration 610/1302 [0m                      

                       Computation: 1385 steps/s (collection: 1.009s, learning 0.100s)
                     surrogate_loss -0.0344
                         value_loss 0.0584
                            entropy -5.3687
                         total_loss -0.0189
             Mean action noise std: 0.29
                       Mean reward: -2.95
               Mean episode length: 192.09
Mean episode Episode_Reward/termination_penalty: -0.2000
Mean episode Episode_Reward/track_lin_vel_xy_exp: 0.1297
Mean episode Episode_Reward/track_ang_vel_z_exp: 0.1628
Mean episode Episode_Reward/feet_air_time: 0.0005
Mean episode Episode_Reward/feet_slide: -0.0069
Mean episode Episode_Reward/flat_orientation_l2: -0.0077
Mean episode Episode_Reward/stand_still: 0.0000
Mean episode Episode_Reward/dof_pos_limits: -0.0001
Mean episode Episode_Reward/joint_deviation_hip: -0.0145
Mean episode Episode_Reward/joint_deviation_arms: -0.0262
Mean episode Episode_Reward/joint_deviation_torso: -0.0075
Mean episode Episode_Reward/joint_deviation_knee: -0.0022
Mean episode Episode_Reward/lin_vel_z_l2: -0.0006
Mean episode Episode_Reward/action_rate_l2: -0.1317
Mean episode Episode_Reward/dof_acc_l2: -0.0009
Mean episode Episode_Reward/dof_torques_l2: -0.0014
Mean episode Metrics/base_velocity/error_vel_xy: 0.0348
Mean episode Metrics/base_velocity/error_vel_yaw: 0.0337
Mean episode Episode_Termination/time_out: 0.0781
Mean episode Episode_Termination/primary_fall: 0.9219
--------------------------------------------------------------------------------
                   Total timesteps: 95232
                    Iteration time: 1.11s
                        Total time: 713.77s
                               ETA: 808.4s

################################################################################
                     [1m Learning iteration 620/1302 [0m                      

                       Computation: 1379 steps/s (collection: 1.019s, learning 0.094s)
                     surrogate_loss -0.0533
                         value_loss 0.0211
                            entropy -5.6017
                         total_loss -0.0770
             Mean action noise std: 0.30
                       Mean reward: -2.26
               Mean episode length: 279.04
Mean episode Episode_Reward/termination_penalty: -0.1250
Mean episode Episode_Reward/track_lin_vel_xy_exp: 0.1849
Mean episode Episode_Reward/track_ang_vel_z_exp: 0.2540
Mean episode Episode_Reward/feet_air_time: 0.0004
Mean episode Episode_Reward/feet_slide: -0.0108
Mean episode Episode_Reward/flat_orientation_l2: -0.0074
Mean episode Episode_Reward/stand_still: 0.0000
Mean episode Episode_Reward/dof_pos_limits: -0.0001
Mean episode Episode_Reward/joint_deviation_hip: -0.0219
Mean episode Episode_Reward/joint_deviation_arms: -0.0380
Mean episode Episode_Reward/joint_deviation_torso: -0.0102
Mean episode Episode_Reward/joint_deviation_knee: -0.0030
Mean episode Episode_Reward/lin_vel_z_l2: -0.0006
Mean episode Episode_Reward/action_rate_l2: -0.2012
Mean episode Episode_Reward/dof_acc_l2: -0.0013
Mean episode Episode_Reward/dof_torques_l2: -0.0019
Mean episode Metrics/base_velocity/error_vel_xy: 0.0552
Mean episode Metrics/base_velocity/error_vel_yaw: 0.0511
Mean episode Episode_Termination/time_out: 0.1289
Mean episode Episode_Termination/primary_fall: 0.8711
--------------------------------------------------------------------------------
                   Total timesteps: 96768
                    Iteration time: 1.11s
                        Total time: 724.99s
                               ETA: 796.2s

################################################################################
                     [1m Learning iteration 630/1302 [0m                      

                       Computation: 1374 steps/s (collection: 1.018s, learning 0.099s)
                     surrogate_loss -0.0494
                         value_loss 0.0223
                            entropy -5.7722
                         total_loss -0.0733
             Mean action noise std: 0.30
                       Mean reward: -2.23
               Mean episode length: 275.18
Mean episode Episode_Reward/termination_penalty: -0.2000
Mean episode Episode_Reward/track_lin_vel_xy_exp: 0.0242
Mean episode Episode_Reward/track_ang_vel_z_exp: 0.0347
Mean episode Episode_Reward/feet_air_time: 0.0001
Mean episode Episode_Reward/feet_slide: -0.0022
Mean episode Episode_Reward/flat_orientation_l2: -0.0039
Mean episode Episode_Reward/stand_still: 0.0000
Mean episode Episode_Reward/dof_pos_limits: -0.0001
Mean episode Episode_Reward/joint_deviation_hip: -0.0020
Mean episode Episode_Reward/joint_deviation_arms: -0.0053
Mean episode Episode_Reward/joint_deviation_torso: -0.0015
Mean episode Episode_Reward/joint_deviation_knee: -0.0005
Mean episode Episode_Reward/lin_vel_z_l2: -0.0004
Mean episode Episode_Reward/action_rate_l2: -0.0280
Mean episode Episode_Reward/dof_acc_l2: -0.0002
Mean episode Episode_Reward/dof_torques_l2: -0.0003
Mean episode Metrics/base_velocity/error_vel_xy: 0.0105
Mean episode Metrics/base_velocity/error_vel_yaw: 0.0067
Mean episode Episode_Termination/time_out: 0.1159
Mean episode Episode_Termination/primary_fall: 0.8841
--------------------------------------------------------------------------------
                   Total timesteps: 98304
                    Iteration time: 1.12s
                        Total time: 736.26s
                               ETA: 784.1s

################################################################################
                     [1m Learning iteration 640/1302 [0m                      

                       Computation: 1378 steps/s (collection: 1.020s, learning 0.095s)
                     surrogate_loss -0.0465
                         value_loss 0.0566
                            entropy -5.8741
                         total_loss -0.0369
             Mean action noise std: 0.30
                       Mean reward: -2.68
               Mean episode length: 232.38
Mean episode Episode_Reward/termination_penalty: -0.2000
Mean episode Episode_Reward/track_lin_vel_xy_exp: 0.0338
Mean episode Episode_Reward/track_ang_vel_z_exp: 0.0388
Mean episode Episode_Reward/feet_air_time: 0.0002
Mean episode Episode_Reward/feet_slide: -0.0031
Mean episode Episode_Reward/flat_orientation_l2: -0.0039
Mean episode Episode_Reward/stand_still: 0.0000
Mean episode Episode_Reward/dof_pos_limits: -0.0001
Mean episode Episode_Reward/joint_deviation_hip: -0.0031
Mean episode Episode_Reward/joint_deviation_arms: -0.0064
Mean episode Episode_Reward/joint_deviation_torso: -0.0019
Mean episode Episode_Reward/joint_deviation_knee: -0.0006
Mean episode Episode_Reward/lin_vel_z_l2: -0.0005
Mean episode Episode_Reward/action_rate_l2: -0.0365
Mean episode Episode_Reward/dof_acc_l2: -0.0003
Mean episode Episode_Reward/dof_torques_l2: -0.0004
Mean episode Metrics/base_velocity/error_vel_xy: 0.0110
Mean episode Metrics/base_velocity/error_vel_yaw: 0.0096
Mean episode Episode_Termination/time_out: 0.0781
Mean episode Episode_Termination/primary_fall: 0.9219
--------------------------------------------------------------------------------
                   Total timesteps: 99840
                    Iteration time: 1.11s
                        Total time: 747.52s
                               ETA: 772.0s

################################################################################
                     [1m Learning iteration 650/1302 [0m                      

                       Computation: 1372 steps/s (collection: 1.020s, learning 0.100s)
                     surrogate_loss -0.0481
                         value_loss 0.0225
                            entropy -6.0968
                         total_loss -0.0744
             Mean action noise std: 0.30
                       Mean reward: -2.68
               Mean episode length: 239.99
Mean episode Episode_Reward/termination_penalty: -0.2000
Mean episode Episode_Reward/track_lin_vel_xy_exp: 0.1152
Mean episode Episode_Reward/track_ang_vel_z_exp: 0.1380
Mean episode Episode_Reward/feet_air_time: 0.0004
Mean episode Episode_Reward/feet_slide: -0.0082
Mean episode Episode_Reward/flat_orientation_l2: -0.0051
Mean episode Episode_Reward/stand_still: 0.0000
Mean episode Episode_Reward/dof_pos_limits: -0.0001
Mean episode Episode_Reward/joint_deviation_hip: -0.0105
Mean episode Episode_Reward/joint_deviation_arms: -0.0209
Mean episode Episode_Reward/joint_deviation_torso: -0.0049
Mean episode Episode_Reward/joint_deviation_knee: -0.0016
Mean episode Episode_Reward/lin_vel_z_l2: -0.0006
Mean episode Episode_Reward/action_rate_l2: -0.1188
Mean episode Episode_Reward/dof_acc_l2: -0.0009
Mean episode Episode_Reward/dof_torques_l2: -0.0009
Mean episode Metrics/base_velocity/error_vel_xy: 0.0304
Mean episode Metrics/base_velocity/error_vel_yaw: 0.0299
Mean episode Episode_Termination/time_out: 0.0469
Mean episode Episode_Termination/primary_fall: 0.9531
--------------------------------------------------------------------------------
                   Total timesteps: 101376
                    Iteration time: 1.12s
                        Total time: 758.81s
                               ETA: 760.0s

################################################################################
                     [1m Learning iteration 660/1302 [0m                      

                       Computation: 1360 steps/s (collection: 1.031s, learning 0.098s)
                     surrogate_loss -0.0452
                         value_loss 0.0570
                            entropy -6.2762
                         total_loss -0.0384
             Mean action noise std: 0.30
                       Mean reward: -2.48
               Mean episode length: 245.85
Mean episode Episode_Reward/termination_penalty: -0.2000
Mean episode Episode_Reward/track_lin_vel_xy_exp: 0.0673
Mean episode Episode_Reward/track_ang_vel_z_exp: 0.1145
Mean episode Episode_Reward/feet_air_time: 0.0005
Mean episode Episode_Reward/feet_slide: -0.0053
Mean episode Episode_Reward/flat_orientation_l2: -0.0053
Mean episode Episode_Reward/stand_still: 0.0000
Mean episode Episode_Reward/dof_pos_limits: -0.0003
Mean episode Episode_Reward/joint_deviation_hip: -0.0082
Mean episode Episode_Reward/joint_deviation_arms: -0.0172
Mean episode Episode_Reward/joint_deviation_torso: -0.0048
Mean episode Episode_Reward/joint_deviation_knee: -0.0015
Mean episode Episode_Reward/lin_vel_z_l2: -0.0008
Mean episode Episode_Reward/action_rate_l2: -0.0938
Mean episode Episode_Reward/dof_acc_l2: -0.0007
Mean episode Episode_Reward/dof_torques_l2: -0.0010
Mean episode Metrics/base_velocity/error_vel_xy: 0.0296
Mean episode Metrics/base_velocity/error_vel_yaw: 0.0212
Mean episode Episode_Termination/time_out: 0.0781
Mean episode Episode_Termination/primary_fall: 0.9219
--------------------------------------------------------------------------------
                   Total timesteps: 102912
                    Iteration time: 1.13s
                        Total time: 770.01s
                               ETA: 747.9s

################################################################################
                     [1m Learning iteration 670/1302 [0m                      

                       Computation: 1370 steps/s (collection: 1.021s, learning 0.099s)
                     surrogate_loss -0.0480
                         value_loss 0.0244
                            entropy -6.3360
                         total_loss -0.0742
             Mean action noise std: 0.30
                       Mean reward: -2.32
               Mean episode length: 262.98
Mean episode Episode_Reward/termination_penalty: -0.2000
Mean episode Episode_Reward/track_lin_vel_xy_exp: 0.0896
Mean episode Episode_Reward/track_ang_vel_z_exp: 0.1126
Mean episode Episode_Reward/feet_air_time: 0.0004
Mean episode Episode_Reward/feet_slide: -0.0058
Mean episode Episode_Reward/flat_orientation_l2: -0.0060
Mean episode Episode_Reward/stand_still: 0.0000
Mean episode Episode_Reward/dof_pos_limits: -0.0001
Mean episode Episode_Reward/joint_deviation_hip: -0.0082
Mean episode Episode_Reward/joint_deviation_arms: -0.0165
Mean episode Episode_Reward/joint_deviation_torso: -0.0041
Mean episode Episode_Reward/joint_deviation_knee: -0.0011
Mean episode Episode_Reward/lin_vel_z_l2: -0.0006
Mean episode Episode_Reward/action_rate_l2: -0.0941
Mean episode Episode_Reward/dof_acc_l2: -0.0007
Mean episode Episode_Reward/dof_torques_l2: -0.0007
Mean episode Metrics/base_velocity/error_vel_xy: 0.0247
Mean episode Metrics/base_velocity/error_vel_yaw: 0.0225
Mean episode Episode_Termination/time_out: 0.1009
Mean episode Episode_Termination/primary_fall: 0.8991
--------------------------------------------------------------------------------
                   Total timesteps: 104448
                    Iteration time: 1.12s
                        Total time: 781.35s
                               ETA: 735.9s

################################################################################
                     [1m Learning iteration 680/1302 [0m                      

                       Computation: 1373 steps/s (collection: 1.020s, learning 0.098s)
                     surrogate_loss -0.0459
                         value_loss 0.0318
                            entropy -6.4086
                         total_loss -0.0654
             Mean action noise std: 0.30
                       Mean reward: -2.20
               Mean episode length: 270.24
Mean episode Episode_Reward/termination_penalty: -0.2000
Mean episode Episode_Reward/track_lin_vel_xy_exp: 0.0317
Mean episode Episode_Reward/track_ang_vel_z_exp: 0.0478
Mean episode Episode_Reward/feet_air_time: 0.0010
Mean episode Episode_Reward/feet_slide: -0.0025
Mean episode Episode_Reward/flat_orientation_l2: -0.0048
Mean episode Episode_Reward/stand_still: 0.0000
Mean episode Episode_Reward/dof_pos_limits: -0.0001
Mean episode Episode_Reward/joint_deviation_hip: -0.0034
Mean episode Episode_Reward/joint_deviation_arms: -0.0077
Mean episode Episode_Reward/joint_deviation_torso: -0.0019
Mean episode Episode_Reward/joint_deviation_knee: -0.0005
Mean episode Episode_Reward/lin_vel_z_l2: -0.0004
Mean episode Episode_Reward/action_rate_l2: -0.0397
Mean episode Episode_Reward/dof_acc_l2: -0.0003
Mean episode Episode_Reward/dof_torques_l2: -0.0004
Mean episode Metrics/base_velocity/error_vel_xy: 0.0123
Mean episode Metrics/base_velocity/error_vel_yaw: 0.0082
Mean episode Episode_Termination/time_out: 0.0938
Mean episode Episode_Termination/primary_fall: 0.9062
--------------------------------------------------------------------------------
                   Total timesteps: 105984
                    Iteration time: 1.12s
                        Total time: 792.54s
                               ETA: 723.9s

################################################################################
                     [1m Learning iteration 690/1302 [0m                      

                       Computation: 1382 steps/s (collection: 1.010s, learning 0.101s)
                     surrogate_loss -0.0429
                         value_loss 0.0625
                            entropy -6.5992
                         total_loss -0.0333
             Mean action noise std: 0.31
                       Mean reward: -2.07
               Mean episode length: 293.81
Mean episode Episode_Reward/termination_penalty: -0.1500
Mean episode Episode_Reward/track_lin_vel_xy_exp: 0.1709
Mean episode Episode_Reward/track_ang_vel_z_exp: 0.2246
Mean episode Episode_Reward/feet_air_time: 0.0004
Mean episode Episode_Reward/feet_slide: -0.0107
Mean episode Episode_Reward/flat_orientation_l2: -0.0073
Mean episode Episode_Reward/stand_still: 0.0000
Mean episode Episode_Reward/dof_pos_limits: -0.0000
Mean episode Episode_Reward/joint_deviation_hip: -0.0165
Mean episode Episode_Reward/joint_deviation_arms: -0.0336
Mean episode Episode_Reward/joint_deviation_torso: -0.0086
Mean episode Episode_Reward/joint_deviation_knee: -0.0022
Mean episode Episode_Reward/lin_vel_z_l2: -0.0006
Mean episode Episode_Reward/action_rate_l2: -0.1866
Mean episode Episode_Reward/dof_acc_l2: -0.0013
Mean episode Episode_Reward/dof_torques_l2: -0.0016
Mean episode Metrics/base_velocity/error_vel_xy: 0.0453
Mean episode Metrics/base_velocity/error_vel_yaw: 0.0423
Mean episode Episode_Termination/time_out: 0.1471
Mean episode Episode_Termination/primary_fall: 0.8529
--------------------------------------------------------------------------------
                   Total timesteps: 107520
                    Iteration time: 1.11s
                        Total time: 803.72s
                               ETA: 711.8s

################################################################################
                     [1m Learning iteration 700/1302 [0m                      

                       Computation: 1380 steps/s (collection: 1.015s, learning 0.098s)
                     surrogate_loss -0.0453
                         value_loss 0.0195
                            entropy -6.7472
                         total_loss -0.0798
             Mean action noise std: 0.31
                       Mean reward: -2.05
               Mean episode length: 308.21
Mean episode Episode_Reward/termination_penalty: -0.1750
Mean episode Episode_Reward/track_lin_vel_xy_exp: 0.0889
Mean episode Episode_Reward/track_ang_vel_z_exp: 0.1139
Mean episode Episode_Reward/feet_air_time: 0.0011
Mean episode Episode_Reward/feet_slide: -0.0057
Mean episode Episode_Reward/flat_orientation_l2: -0.0043
Mean episode Episode_Reward/stand_still: 0.0000
Mean episode Episode_Reward/dof_pos_limits: -0.0001
Mean episode Episode_Reward/joint_deviation_hip: -0.0086
Mean episode Episode_Reward/joint_deviation_arms: -0.0181
Mean episode Episode_Reward/joint_deviation_torso: -0.0050
Mean episode Episode_Reward/joint_deviation_knee: -0.0012
Mean episode Episode_Reward/lin_vel_z_l2: -0.0007
Mean episode Episode_Reward/action_rate_l2: -0.0969
Mean episode Episode_Reward/dof_acc_l2: -0.0007
Mean episode Episode_Reward/dof_torques_l2: -0.0009
Mean episode Metrics/base_velocity/error_vel_xy: 0.0243
Mean episode Metrics/base_velocity/error_vel_yaw: 0.0218
Mean episode Episode_Termination/time_out: 0.1094
Mean episode Episode_Termination/primary_fall: 0.8906
--------------------------------------------------------------------------------
                   Total timesteps: 109056
                    Iteration time: 1.11s
                        Total time: 814.90s
                               ETA: 699.8s

################################################################################
                     [1m Learning iteration 710/1302 [0m                      

                       Computation: 1366 steps/s (collection: 1.028s, learning 0.096s)
                     surrogate_loss -0.0374
                         value_loss 0.0652
                            entropy -6.9267
                         total_loss -0.0276
             Mean action noise std: 0.31
                       Mean reward: -2.15
               Mean episode length: 287.90
Mean episode Episode_Reward/termination_penalty: -0.2000
Mean episode Episode_Reward/track_lin_vel_xy_exp: 0.0869
Mean episode Episode_Reward/track_ang_vel_z_exp: 0.1269
Mean episode Episode_Reward/feet_air_time: 0.0006
Mean episode Episode_Reward/feet_slide: -0.0067
Mean episode Episode_Reward/flat_orientation_l2: -0.0060
Mean episode Episode_Reward/stand_still: 0.0000
Mean episode Episode_Reward/dof_pos_limits: -0.0001
Mean episode Episode_Reward/joint_deviation_hip: -0.0095
Mean episode Episode_Reward/joint_deviation_arms: -0.0199
Mean episode Episode_Reward/joint_deviation_torso: -0.0047
Mean episode Episode_Reward/joint_deviation_knee: -0.0013
Mean episode Episode_Reward/lin_vel_z_l2: -0.0006
Mean episode Episode_Reward/action_rate_l2: -0.1113
Mean episode Episode_Reward/dof_acc_l2: -0.0008
Mean episode Episode_Reward/dof_torques_l2: -0.0010
Mean episode Metrics/base_velocity/error_vel_xy: 0.0309
Mean episode Metrics/base_velocity/error_vel_yaw: 0.0250
Mean episode Episode_Termination/time_out: 0.1081
Mean episode Episode_Termination/primary_fall: 0.8919
--------------------------------------------------------------------------------
                   Total timesteps: 110592
                    Iteration time: 1.12s
                        Total time: 826.16s
                               ETA: 687.9s

################################################################################
                     [1m Learning iteration 720/1302 [0m                      

                       Computation: 1382 steps/s (collection: 1.013s, learning 0.098s)
                     surrogate_loss -0.0362
                         value_loss 0.0581
                            entropy -7.0864
                         total_loss -0.0347
             Mean action noise std: 0.31
                       Mean reward: -2.71
               Mean episode length: 217.99
Mean episode Episode_Reward/termination_penalty: -0.2000
Mean episode Episode_Reward/track_lin_vel_xy_exp: 0.0167
Mean episode Episode_Reward/track_ang_vel_z_exp: 0.0303
Mean episode Episode_Reward/feet_air_time: 0.0009
Mean episode Episode_Reward/feet_slide: -0.0021
Mean episode Episode_Reward/flat_orientation_l2: -0.0041
Mean episode Episode_Reward/stand_still: 0.0000
Mean episode Episode_Reward/dof_pos_limits: -0.0002
Mean episode Episode_Reward/joint_deviation_hip: -0.0025
Mean episode Episode_Reward/joint_deviation_arms: -0.0062
Mean episode Episode_Reward/joint_deviation_torso: -0.0020
Mean episode Episode_Reward/joint_deviation_knee: -0.0003
Mean episode Episode_Reward/lin_vel_z_l2: -0.0007
Mean episode Episode_Reward/action_rate_l2: -0.0329
Mean episode Episode_Reward/dof_acc_l2: -0.0003
Mean episode Episode_Reward/dof_torques_l2: -0.0004
Mean episode Metrics/base_velocity/error_vel_xy: 0.0114
Mean episode Metrics/base_velocity/error_vel_yaw: 0.0076
Mean episode Episode_Termination/time_out: 0.1094
Mean episode Episode_Termination/primary_fall: 0.8906
--------------------------------------------------------------------------------
                   Total timesteps: 112128
                    Iteration time: 1.11s
                        Total time: 837.36s
                               ETA: 675.9s

################################################################################
                     [1m Learning iteration 730/1302 [0m                      

                       Computation: 1366 steps/s (collection: 1.022s, learning 0.102s)
                     surrogate_loss -0.0385
                         value_loss 0.0544
                            entropy -7.2059
                         total_loss -0.0418
             Mean action noise std: 0.31
                       Mean reward: -2.31
               Mean episode length: 268.76
Mean episode Episode_Reward/termination_penalty: -0.2000
Mean episode Episode_Reward/track_lin_vel_xy_exp: 0.2316
Mean episode Episode_Reward/track_ang_vel_z_exp: 0.2980
Mean episode Episode_Reward/feet_air_time: 0.0011
Mean episode Episode_Reward/feet_slide: -0.0147
Mean episode Episode_Reward/flat_orientation_l2: -0.0117
Mean episode Episode_Reward/stand_still: 0.0000
Mean episode Episode_Reward/dof_pos_limits: -0.0000
Mean episode Episode_Reward/joint_deviation_hip: -0.0219
Mean episode Episode_Reward/joint_deviation_arms: -0.0472
Mean episode Episode_Reward/joint_deviation_torso: -0.0106
Mean episode Episode_Reward/joint_deviation_knee: -0.0030
Mean episode Episode_Reward/lin_vel_z_l2: -0.0007
Mean episode Episode_Reward/action_rate_l2: -0.2597
Mean episode Episode_Reward/dof_acc_l2: -0.0018
Mean episode Episode_Reward/dof_torques_l2: -0.0023
Mean episode Metrics/base_velocity/error_vel_xy: 0.0621
Mean episode Metrics/base_velocity/error_vel_yaw: 0.0582
Mean episode Episode_Termination/time_out: 0.1322
Mean episode Episode_Termination/primary_fall: 0.8678
--------------------------------------------------------------------------------
                   Total timesteps: 113664
                    Iteration time: 1.12s
                        Total time: 848.52s
                               ETA: 664.0s

################################################################################
                     [1m Learning iteration 740/1302 [0m                      

                       Computation: 1385 steps/s (collection: 1.008s, learning 0.100s)
                     surrogate_loss -0.0390
                         value_loss 0.0903
                            entropy -7.3395
                         total_loss -0.0074
             Mean action noise std: 0.32
                       Mean reward: -2.42
               Mean episode length: 265.02
Mean episode Episode_Reward/termination_penalty: -0.2000
Mean episode Episode_Reward/track_lin_vel_xy_exp: 0.0565
Mean episode Episode_Reward/track_ang_vel_z_exp: 0.0885
Mean episode Episode_Reward/feet_air_time: 0.0007
Mean episode Episode_Reward/feet_slide: -0.0050
Mean episode Episode_Reward/flat_orientation_l2: -0.0062
Mean episode Episode_Reward/stand_still: 0.0000
Mean episode Episode_Reward/dof_pos_limits: -0.0001
Mean episode Episode_Reward/joint_deviation_hip: -0.0067
Mean episode Episode_Reward/joint_deviation_arms: -0.0153
Mean episode Episode_Reward/joint_deviation_torso: -0.0037
Mean episode Episode_Reward/joint_deviation_knee: -0.0009
Mean episode Episode_Reward/lin_vel_z_l2: -0.0006
Mean episode Episode_Reward/action_rate_l2: -0.0825
Mean episode Episode_Reward/dof_acc_l2: -0.0006
Mean episode Episode_Reward/dof_torques_l2: -0.0008
Mean episode Metrics/base_velocity/error_vel_xy: 0.0245
Mean episode Metrics/base_velocity/error_vel_yaw: 0.0184
Mean episode Episode_Termination/time_out: 0.0781
Mean episode Episode_Termination/primary_fall: 0.9219
--------------------------------------------------------------------------------
                   Total timesteps: 115200
                    Iteration time: 1.11s
                        Total time: 859.79s
                               ETA: 652.1s

################################################################################
                     [1m Learning iteration 750/1302 [0m                      

                       Computation: 1373 steps/s (collection: 1.021s, learning 0.098s)
                     surrogate_loss -0.0449
                         value_loss 0.0260
                            entropy -7.4678
                         total_loss -0.0787
             Mean action noise std: 0.32
                       Mean reward: -2.54
               Mean episode length: 253.85
Mean episode Episode_Reward/termination_penalty: -0.2000
Mean episode Episode_Reward/track_lin_vel_xy_exp: 0.0479
Mean episode Episode_Reward/track_ang_vel_z_exp: 0.0835
Mean episode Episode_Reward/feet_air_time: 0.0009
Mean episode Episode_Reward/feet_slide: -0.0041
Mean episode Episode_Reward/flat_orientation_l2: -0.0054
Mean episode Episode_Reward/stand_still: 0.0000
Mean episode Episode_Reward/dof_pos_limits: -0.0002
Mean episode Episode_Reward/joint_deviation_hip: -0.0064
Mean episode Episode_Reward/joint_deviation_arms: -0.0141
Mean episode Episode_Reward/joint_deviation_torso: -0.0036
Mean episode Episode_Reward/joint_deviation_knee: -0.0009
Mean episode Episode_Reward/lin_vel_z_l2: -0.0008
Mean episode Episode_Reward/action_rate_l2: -0.0733
Mean episode Episode_Reward/dof_acc_l2: -0.0006
Mean episode Episode_Reward/dof_torques_l2: -0.0008
Mean episode Metrics/base_velocity/error_vel_xy: 0.0234
Mean episode Metrics/base_velocity/error_vel_yaw: 0.0158
Mean episode Episode_Termination/time_out: 0.0612
Mean episode Episode_Termination/primary_fall: 0.9388
--------------------------------------------------------------------------------
                   Total timesteps: 116736
                    Iteration time: 1.12s
                        Total time: 871.03s
                               ETA: 640.2s

################################################################################
                     [1m Learning iteration 760/1302 [0m                      

                       Computation: 1370 steps/s (collection: 1.021s, learning 0.099s)
                     surrogate_loss -0.0399
                         value_loss 0.0445
                            entropy -7.6274
                         total_loss -0.0564
             Mean action noise std: 0.32
                       Mean reward: -2.14
               Mean episode length: 290.20
Mean episode Episode_Reward/termination_penalty: -0.1750
Mean episode Episode_Reward/track_lin_vel_xy_exp: 0.0788
Mean episode Episode_Reward/track_ang_vel_z_exp: 0.0828
Mean episode Episode_Reward/feet_air_time: 0.0004
Mean episode Episode_Reward/feet_slide: -0.0047
Mean episode Episode_Reward/flat_orientation_l2: -0.0044
Mean episode Episode_Reward/stand_still: 0.0000
Mean episode Episode_Reward/dof_pos_limits: -0.0000
Mean episode Episode_Reward/joint_deviation_hip: -0.0066
Mean episode Episode_Reward/joint_deviation_arms: -0.0144
Mean episode Episode_Reward/joint_deviation_torso: -0.0033
Mean episode Episode_Reward/joint_deviation_knee: -0.0009
Mean episode Episode_Reward/lin_vel_z_l2: -0.0005
Mean episode Episode_Reward/action_rate_l2: -0.0776
Mean episode Episode_Reward/dof_acc_l2: -0.0007
Mean episode Episode_Reward/dof_torques_l2: -0.0006
Mean episode Metrics/base_velocity/error_vel_xy: 0.0179
Mean episode Metrics/base_velocity/error_vel_yaw: 0.0184
Mean episode Episode_Termination/time_out: 0.0514
Mean episode Episode_Termination/primary_fall: 0.9486
--------------------------------------------------------------------------------
                   Total timesteps: 118272
                    Iteration time: 1.12s
                        Total time: 882.28s
                               ETA: 628.4s

################################################################################
                     [1m Learning iteration 770/1302 [0m                      

                       Computation: 1368 steps/s (collection: 1.025s, learning 0.098s)
                     surrogate_loss -0.0458
                         value_loss 0.0398
                            entropy -7.7103
                         total_loss -0.0677
             Mean action noise std: 0.32
                       Mean reward: -2.27
               Mean episode length: 281.08
Mean episode Episode_Reward/termination_penalty: -0.2000
Mean episode Episode_Reward/track_lin_vel_xy_exp: 0.0922
Mean episode Episode_Reward/track_ang_vel_z_exp: 0.1169
Mean episode Episode_Reward/feet_air_time: 0.0010
Mean episode Episode_Reward/feet_slide: -0.0062
Mean episode Episode_Reward/flat_orientation_l2: -0.0062
Mean episode Episode_Reward/stand_still: 0.0000
Mean episode Episode_Reward/dof_pos_limits: -0.0000
Mean episode Episode_Reward/joint_deviation_hip: -0.0087
Mean episode Episode_Reward/joint_deviation_arms: -0.0195
Mean episode Episode_Reward/joint_deviation_torso: -0.0049
Mean episode Episode_Reward/joint_deviation_knee: -0.0013
Mean episode Episode_Reward/lin_vel_z_l2: -0.0006
Mean episode Episode_Reward/action_rate_l2: -0.0999
Mean episode Episode_Reward/dof_acc_l2: -0.0009
Mean episode Episode_Reward/dof_torques_l2: -0.0009
Mean episode Metrics/base_velocity/error_vel_xy: 0.0252
Mean episode Metrics/base_velocity/error_vel_yaw: 0.0219
Mean episode Episode_Termination/time_out: 0.0312
Mean episode Episode_Termination/primary_fall: 0.9688
--------------------------------------------------------------------------------
                   Total timesteps: 119808
                    Iteration time: 1.12s
                        Total time: 893.57s
                               ETA: 616.6s

################################################################################
                     [1m Learning iteration 780/1302 [0m                      

                       Computation: 1359 steps/s (collection: 1.028s, learning 0.102s)
                     surrogate_loss -0.0472
                         value_loss 0.0155
                            entropy -7.8618
                         total_loss -0.0946
             Mean action noise std: 0.32
                       Mean reward: -2.54
               Mean episode length: 248.97
Mean episode Episode_Reward/termination_penalty: -0.1417
Mean episode Episode_Reward/track_lin_vel_xy_exp: 0.2254
Mean episode Episode_Reward/track_ang_vel_z_exp: 0.3238
Mean episode Episode_Reward/feet_air_time: 0.0009
Mean episode Episode_Reward/feet_slide: -0.0134
Mean episode Episode_Reward/flat_orientation_l2: -0.0098
Mean episode Episode_Reward/stand_still: 0.0000
Mean episode Episode_Reward/dof_pos_limits: -0.0002
Mean episode Episode_Reward/joint_deviation_hip: -0.0222
Mean episode Episode_Reward/joint_deviation_arms: -0.0515
Mean episode Episode_Reward/joint_deviation_torso: -0.0125
Mean episode Episode_Reward/joint_deviation_knee: -0.0032
Mean episode Episode_Reward/lin_vel_z_l2: -0.0010
Mean episode Episode_Reward/action_rate_l2: -0.2692
Mean episode Episode_Reward/dof_acc_l2: -0.0021
Mean episode Episode_Reward/dof_torques_l2: -0.0025
Mean episode Metrics/base_velocity/error_vel_xy: 0.0695
Mean episode Metrics/base_velocity/error_vel_yaw: 0.0595
Mean episode Episode_Termination/time_out: 0.0944
Mean episode Episode_Termination/primary_fall: 0.9056
--------------------------------------------------------------------------------
                   Total timesteps: 121344
                    Iteration time: 1.13s
                        Total time: 904.82s
                               ETA: 604.8s

################################################################################
                     [1m Learning iteration 790/1302 [0m                      

                       Computation: 1380 steps/s (collection: 1.012s, learning 0.100s)
                     surrogate_loss -0.0472
                         value_loss 0.0250
                            entropy -8.0074
                         total_loss -0.0863
             Mean action noise std: 0.32
                       Mean reward: -2.24
               Mean episode length: 282.24
Mean episode Episode_Reward/termination_penalty: -0.1583
Mean episode Episode_Reward/track_lin_vel_xy_exp: 0.1021
Mean episode Episode_Reward/track_ang_vel_z_exp: 0.1347
Mean episode Episode_Reward/feet_air_time: 0.0007
Mean episode Episode_Reward/feet_slide: -0.0075
Mean episode Episode_Reward/flat_orientation_l2: -0.0056
Mean episode Episode_Reward/stand_still: 0.0000
Mean episode Episode_Reward/dof_pos_limits: -0.0001
Mean episode Episode_Reward/joint_deviation_hip: -0.0101
Mean episode Episode_Reward/joint_deviation_arms: -0.0226
Mean episode Episode_Reward/joint_deviation_torso: -0.0054
Mean episode Episode_Reward/joint_deviation_knee: -0.0013
Mean episode Episode_Reward/lin_vel_z_l2: -0.0005
Mean episode Episode_Reward/action_rate_l2: -0.1204
Mean episode Episode_Reward/dof_acc_l2: -0.0011
Mean episode Episode_Reward/dof_torques_l2: -0.0009
Mean episode Metrics/base_velocity/error_vel_xy: 0.0301
Mean episode Metrics/base_velocity/error_vel_yaw: 0.0269
Mean episode Episode_Termination/time_out: 0.1074
Mean episode Episode_Termination/primary_fall: 0.8926
--------------------------------------------------------------------------------
                   Total timesteps: 122880
                    Iteration time: 1.11s
                        Total time: 916.03s
                               ETA: 592.9s

################################################################################
                     [1m Learning iteration 800/1302 [0m                      

                       Computation: 1365 steps/s (collection: 1.026s, learning 0.099s)
                     surrogate_loss -0.0383
                         value_loss 0.0700
                            entropy -8.1919
                         total_loss -0.0338
             Mean action noise std: 0.32
                       Mean reward: -2.59
               Mean episode length: 247.70
Mean episode Episode_Reward/termination_penalty: -0.2000
Mean episode Episode_Reward/track_lin_vel_xy_exp: 0.0732
Mean episode Episode_Reward/track_ang_vel_z_exp: 0.1090
Mean episode Episode_Reward/feet_air_time: 0.0009
Mean episode Episode_Reward/feet_slide: -0.0057
Mean episode Episode_Reward/flat_orientation_l2: -0.0061
Mean episode Episode_Reward/stand_still: 0.0000
Mean episode Episode_Reward/dof_pos_limits: -0.0002
Mean episode Episode_Reward/joint_deviation_hip: -0.0076
Mean episode Episode_Reward/joint_deviation_arms: -0.0190
Mean episode Episode_Reward/joint_deviation_torso: -0.0048
Mean episode Episode_Reward/joint_deviation_knee: -0.0011
Mean episode Episode_Reward/lin_vel_z_l2: -0.0005
Mean episode Episode_Reward/action_rate_l2: -0.0979
Mean episode Episode_Reward/dof_acc_l2: -0.0008
Mean episode Episode_Reward/dof_torques_l2: -0.0009
Mean episode Metrics/base_velocity/error_vel_xy: 0.0276
Mean episode Metrics/base_velocity/error_vel_yaw: 0.0211
Mean episode Episode_Termination/time_out: 0.0938
Mean episode Episode_Termination/primary_fall: 0.9062
--------------------------------------------------------------------------------
                   Total timesteps: 124416
                    Iteration time: 1.12s
                        Total time: 927.22s
                               ETA: 581.1s

################################################################################
                     [1m Learning iteration 810/1302 [0m                      

                       Computation: 1374 steps/s (collection: 1.018s, learning 0.100s)
                     surrogate_loss -0.0454
                         value_loss 0.0240
                            entropy -8.3328
                         total_loss -0.0881
             Mean action noise std: 0.33
                       Mean reward: -2.77
               Mean episode length: 242.03
Mean episode Episode_Reward/termination_penalty: -0.2000
Mean episode Episode_Reward/track_lin_vel_xy_exp: 0.0973
Mean episode Episode_Reward/track_ang_vel_z_exp: 0.1484
Mean episode Episode_Reward/feet_air_time: 0.0012
Mean episode Episode_Reward/feet_slide: -0.0066
Mean episode Episode_Reward/flat_orientation_l2: -0.0063
Mean episode Episode_Reward/stand_still: 0.0000
Mean episode Episode_Reward/dof_pos_limits: -0.0002
Mean episode Episode_Reward/joint_deviation_hip: -0.0103
Mean episode Episode_Reward/joint_deviation_arms: -0.0247
Mean episode Episode_Reward/joint_deviation_torso: -0.0065
Mean episode Episode_Reward/joint_deviation_knee: -0.0015
Mean episode Episode_Reward/lin_vel_z_l2: -0.0008
Mean episode Episode_Reward/action_rate_l2: -0.1246
Mean episode Episode_Reward/dof_acc_l2: -0.0009
Mean episode Episode_Reward/dof_torques_l2: -0.0013
Mean episode Metrics/base_velocity/error_vel_xy: 0.0338
Mean episode Metrics/base_velocity/error_vel_yaw: 0.0254
Mean episode Episode_Termination/time_out: 0.1003
Mean episode Episode_Termination/primary_fall: 0.8997
--------------------------------------------------------------------------------
                   Total timesteps: 125952
                    Iteration time: 1.12s
                        Total time: 938.41s
                               ETA: 569.3s

################################################################################
                     [1m Learning iteration 820/1302 [0m                      

                       Computation: 1391 steps/s (collection: 1.008s, learning 0.096s)
                     surrogate_loss -0.0447
                         value_loss 0.0283
                            entropy -8.5448
                         total_loss -0.0848
             Mean action noise std: 0.33
                       Mean reward: -2.34
               Mean episode length: 292.03
Mean episode Episode_Reward/termination_penalty: -0.2000
Mean episode Episode_Reward/track_lin_vel_xy_exp: 0.1410
Mean episode Episode_Reward/track_ang_vel_z_exp: 0.2055
Mean episode Episode_Reward/feet_air_time: 0.0004
Mean episode Episode_Reward/feet_slide: -0.0097
Mean episode Episode_Reward/flat_orientation_l2: -0.0078
Mean episode Episode_Reward/stand_still: 0.0000
Mean episode Episode_Reward/dof_pos_limits: -0.0002
Mean episode Episode_Reward/joint_deviation_hip: -0.0134
Mean episode Episode_Reward/joint_deviation_arms: -0.0337
Mean episode Episode_Reward/joint_deviation_torso: -0.0087
Mean episode Episode_Reward/joint_deviation_knee: -0.0020
Mean episode Episode_Reward/lin_vel_z_l2: -0.0009
Mean episode Episode_Reward/action_rate_l2: -0.1655
Mean episode Episode_Reward/dof_acc_l2: -0.0011
Mean episode Episode_Reward/dof_torques_l2: -0.0016
Mean episode Metrics/base_velocity/error_vel_xy: 0.0416
Mean episode Metrics/base_velocity/error_vel_yaw: 0.0334
Mean episode Episode_Termination/time_out: 0.0938
Mean episode Episode_Termination/primary_fall: 0.9062
--------------------------------------------------------------------------------
                   Total timesteps: 127488
                    Iteration time: 1.10s
                        Total time: 949.64s
                               ETA: 557.5s

################################################################################
                     [1m Learning iteration 830/1302 [0m                      

                       Computation: 1378 steps/s (collection: 1.014s, learning 0.101s)
                     surrogate_loss -0.0456
                         value_loss 0.0123
                            entropy -8.7319
                         total_loss -0.1031
             Mean action noise std: 0.33
                       Mean reward: -2.30
               Mean episode length: 282.73
Mean episode Episode_Reward/termination_penalty: -0.2000
Mean episode Episode_Reward/track_lin_vel_xy_exp: 0.0173
Mean episode Episode_Reward/track_ang_vel_z_exp: 0.0297
Mean episode Episode_Reward/feet_air_time: 0.0006
Mean episode Episode_Reward/feet_slide: -0.0023
Mean episode Episode_Reward/flat_orientation_l2: -0.0043
Mean episode Episode_Reward/stand_still: 0.0000
Mean episode Episode_Reward/dof_pos_limits: -0.0002
Mean episode Episode_Reward/joint_deviation_hip: -0.0023
Mean episode Episode_Reward/joint_deviation_arms: -0.0068
Mean episode Episode_Reward/joint_deviation_torso: -0.0019
Mean episode Episode_Reward/joint_deviation_knee: -0.0005
Mean episode Episode_Reward/lin_vel_z_l2: -0.0005
Mean episode Episode_Reward/action_rate_l2: -0.0281
Mean episode Episode_Reward/dof_acc_l2: -0.0002
Mean episode Episode_Reward/dof_torques_l2: -0.0003
Mean episode Metrics/base_velocity/error_vel_xy: 0.0116
Mean episode Metrics/base_velocity/error_vel_yaw: 0.0067
Mean episode Episode_Termination/time_out: 0.0781
Mean episode Episode_Termination/primary_fall: 0.9219
--------------------------------------------------------------------------------
                   Total timesteps: 129024
                    Iteration time: 1.11s
                        Total time: 960.81s
                               ETA: 545.7s

################################################################################
                     [1m Learning iteration 840/1302 [0m                      

                       Computation: 1381 steps/s (collection: 1.017s, learning 0.095s)
                     surrogate_loss -0.0390
                         value_loss 0.0405
                            entropy -8.9094
                         total_loss -0.0698
             Mean action noise std: 0.33
                       Mean reward: -2.44
               Mean episode length: 277.49
Mean episode Episode_Reward/termination_penalty: -0.2000
Mean episode Episode_Reward/track_lin_vel_xy_exp: 0.0650
Mean episode Episode_Reward/track_ang_vel_z_exp: 0.0888
Mean episode Episode_Reward/feet_air_time: 0.0008
Mean episode Episode_Reward/feet_slide: -0.0044
Mean episode Episode_Reward/flat_orientation_l2: -0.0059
Mean episode Episode_Reward/stand_still: 0.0000
Mean episode Episode_Reward/dof_pos_limits: -0.0001
Mean episode Episode_Reward/joint_deviation_hip: -0.0057
Mean episode Episode_Reward/joint_deviation_arms: -0.0162
Mean episode Episode_Reward/joint_deviation_torso: -0.0038
Mean episode Episode_Reward/joint_deviation_knee: -0.0011
Mean episode Episode_Reward/lin_vel_z_l2: -0.0006
Mean episode Episode_Reward/action_rate_l2: -0.0783
Mean episode Episode_Reward/dof_acc_l2: -0.0005
Mean episode Episode_Reward/dof_torques_l2: -0.0008
Mean episode Metrics/base_velocity/error_vel_xy: 0.0213
Mean episode Metrics/base_velocity/error_vel_yaw: 0.0169
Mean episode Episode_Termination/time_out: 0.0312
Mean episode Episode_Termination/primary_fall: 0.9688
--------------------------------------------------------------------------------
                   Total timesteps: 130560
                    Iteration time: 1.11s
                        Total time: 971.98s
                               ETA: 534.0s

################################################################################
                     [1m Learning iteration 850/1302 [0m                      

                       Computation: 1388 steps/s (collection: 1.015s, learning 0.091s)
                     surrogate_loss -0.0453
                         value_loss 0.0178
                            entropy -9.0727
                         total_loss -0.1000
             Mean action noise std: 0.33
                       Mean reward: -2.45
               Mean episode length: 256.19
Mean episode Episode_Reward/termination_penalty: -0.1958
Mean episode Episode_Reward/track_lin_vel_xy_exp: 0.0137
Mean episode Episode_Reward/track_ang_vel_z_exp: 0.0378
Mean episode Episode_Reward/feet_air_time: 0.0004
Mean episode Episode_Reward/feet_slide: -0.0026
Mean episode Episode_Reward/flat_orientation_l2: -0.0056
Mean episode Episode_Reward/stand_still: 0.0000
Mean episode Episode_Reward/dof_pos_limits: -0.0002
Mean episode Episode_Reward/joint_deviation_hip: -0.0026
Mean episode Episode_Reward/joint_deviation_arms: -0.0073
Mean episode Episode_Reward/joint_deviation_torso: -0.0018
Mean episode Episode_Reward/joint_deviation_knee: -0.0004
Mean episode Episode_Reward/lin_vel_z_l2: -0.0004
Mean episode Episode_Reward/action_rate_l2: -0.0363
Mean episode Episode_Reward/dof_acc_l2: -0.0002
Mean episode Episode_Reward/dof_torques_l2: -0.0004
Mean episode Metrics/base_velocity/error_vel_xy: 0.0160
Mean episode Metrics/base_velocity/error_vel_yaw: 0.0085
Mean episode Episode_Termination/time_out: 0.0664
Mean episode Episode_Termination/primary_fall: 0.9336
--------------------------------------------------------------------------------
                   Total timesteps: 132096
                    Iteration time: 1.11s
                        Total time: 983.25s
                               ETA: 522.2s

################################################################################
                     [1m Learning iteration 860/1302 [0m                      

                       Computation: 1392 steps/s (collection: 1.011s, learning 0.092s)
                     surrogate_loss -0.0380
                         value_loss 0.0246
                            entropy -9.1999
                         total_loss -0.0869
             Mean action noise std: 0.34
                       Mean reward: -2.97
               Mean episode length: 203.77
Mean episode Episode_Reward/termination_penalty: -0.1750
Mean episode Episode_Reward/track_lin_vel_xy_exp: 0.2031
Mean episode Episode_Reward/track_ang_vel_z_exp: 0.2595
Mean episode Episode_Reward/feet_air_time: 0.0005
Mean episode Episode_Reward/feet_slide: -0.0131
Mean episode Episode_Reward/flat_orientation_l2: -0.0080
Mean episode Episode_Reward/stand_still: 0.0000
Mean episode Episode_Reward/dof_pos_limits: -0.0001
Mean episode Episode_Reward/joint_deviation_hip: -0.0160
Mean episode Episode_Reward/joint_deviation_arms: -0.0429
Mean episode Episode_Reward/joint_deviation_torso: -0.0103
Mean episode Episode_Reward/joint_deviation_knee: -0.0025
Mean episode Episode_Reward/lin_vel_z_l2: -0.0007
Mean episode Episode_Reward/action_rate_l2: -0.2261
Mean episode Episode_Reward/dof_acc_l2: -0.0016
Mean episode Episode_Reward/dof_torques_l2: -0.0019
Mean episode Metrics/base_velocity/error_vel_xy: 0.0515
Mean episode Metrics/base_velocity/error_vel_yaw: 0.0485
Mean episode Episode_Termination/time_out: 0.0645
Mean episode Episode_Termination/primary_fall: 0.9355
--------------------------------------------------------------------------------
                   Total timesteps: 133632
                    Iteration time: 1.10s
                        Total time: 994.38s
                               ETA: 510.5s

################################################################################
                     [1m Learning iteration 870/1302 [0m                      

                       Computation: 1398 steps/s (collection: 1.000s, learning 0.098s)
                     surrogate_loss -0.0319
                         value_loss 0.0772
                            entropy -9.3634
                         total_loss -0.0296
             Mean action noise std: 0.34
                       Mean reward: -2.54
               Mean episode length: 256.45
Mean episode Episode_Reward/termination_penalty: -0.2000
Mean episode Episode_Reward/track_lin_vel_xy_exp: 0.0053
Mean episode Episode_Reward/track_ang_vel_z_exp: 0.0272
Mean episode Episode_Reward/feet_air_time: 0.0017
Mean episode Episode_Reward/feet_slide: -0.0019
Mean episode Episode_Reward/flat_orientation_l2: -0.0047
Mean episode Episode_Reward/stand_still: 0.0000
Mean episode Episode_Reward/dof_pos_limits: -0.0003
Mean episode Episode_Reward/joint_deviation_hip: -0.0023
Mean episode Episode_Reward/joint_deviation_arms: -0.0065
Mean episode Episode_Reward/joint_deviation_torso: -0.0019
Mean episode Episode_Reward/joint_deviation_knee: -0.0004
Mean episode Episode_Reward/lin_vel_z_l2: -0.0005
Mean episode Episode_Reward/action_rate_l2: -0.0305
Mean episode Episode_Reward/dof_acc_l2: -0.0002
Mean episode Episode_Reward/dof_torques_l2: -0.0004
Mean episode Metrics/base_velocity/error_vel_xy: 0.0131
Mean episode Metrics/base_velocity/error_vel_yaw: 0.0070
Mean episode Episode_Termination/time_out: 0.0755
Mean episode Episode_Termination/primary_fall: 0.9245
--------------------------------------------------------------------------------
                   Total timesteps: 135168
                    Iteration time: 1.10s
                        Total time: 1005.53s
                               ETA: 498.7s

################################################################################
                     [1m Learning iteration 880/1302 [0m                      

                       Computation: 1373 steps/s (collection: 1.018s, learning 0.100s)
                     surrogate_loss -0.0432
                         value_loss 0.0247
                            entropy -9.4663
                         total_loss -0.0942
             Mean action noise std: 0.34
                       Mean reward: -2.16
               Mean episode length: 326.59
Mean episode Episode_Reward/termination_penalty: -0.1833
Mean episode Episode_Reward/track_lin_vel_xy_exp: 0.1348
Mean episode Episode_Reward/track_ang_vel_z_exp: 0.1938
Mean episode Episode_Reward/feet_air_time: 0.0005
Mean episode Episode_Reward/feet_slide: -0.0089
Mean episode Episode_Reward/flat_orientation_l2: -0.0094
Mean episode Episode_Reward/stand_still: 0.0000
Mean episode Episode_Reward/dof_pos_limits: -0.0001
Mean episode Episode_Reward/joint_deviation_hip: -0.0129
Mean episode Episode_Reward/joint_deviation_arms: -0.0335
Mean episode Episode_Reward/joint_deviation_torso: -0.0090
Mean episode Episode_Reward/joint_deviation_knee: -0.0020
Mean episode Episode_Reward/lin_vel_z_l2: -0.0006
Mean episode Episode_Reward/action_rate_l2: -0.1714
Mean episode Episode_Reward/dof_acc_l2: -0.0011
Mean episode Episode_Reward/dof_torques_l2: -0.0016
Mean episode Metrics/base_velocity/error_vel_xy: 0.0451
Mean episode Metrics/base_velocity/error_vel_yaw: 0.0375
Mean episode Episode_Termination/time_out: 0.0781
Mean episode Episode_Termination/primary_fall: 0.9219
--------------------------------------------------------------------------------
                   Total timesteps: 136704
                    Iteration time: 1.12s
                        Total time: 1016.70s
                               ETA: 487.0s

################################################################################
                     [1m Learning iteration 890/1302 [0m                      

                       Computation: 1403 steps/s (collection: 0.999s, learning 0.095s)
                     surrogate_loss -0.0411
                         value_loss 0.0273
                            entropy -9.5586
                         total_loss -0.0902
             Mean action noise std: 0.34
                       Mean reward: -2.14
               Mean episode length: 349.13
Mean episode Episode_Reward/termination_penalty: -0.2000
Mean episode Episode_Reward/track_lin_vel_xy_exp: 0.0817
Mean episode Episode_Reward/track_ang_vel_z_exp: 0.0857
Mean episode Episode_Reward/feet_air_time: 0.0002
Mean episode Episode_Reward/feet_slide: -0.0048
Mean episode Episode_Reward/flat_orientation_l2: -0.0092
Mean episode Episode_Reward/stand_still: 0.0000
Mean episode Episode_Reward/dof_pos_limits: -0.0000
Mean episode Episode_Reward/joint_deviation_hip: -0.0053
Mean episode Episode_Reward/joint_deviation_arms: -0.0152
Mean episode Episode_Reward/joint_deviation_torso: -0.0045
Mean episode Episode_Reward/joint_deviation_knee: -0.0010
Mean episode Episode_Reward/lin_vel_z_l2: -0.0005
Mean episode Episode_Reward/action_rate_l2: -0.0736
Mean episode Episode_Reward/dof_acc_l2: -0.0005
Mean episode Episode_Reward/dof_torques_l2: -0.0006
Mean episode Metrics/base_velocity/error_vel_xy: 0.0171
Mean episode Metrics/base_velocity/error_vel_yaw: 0.0161
Mean episode Episode_Termination/time_out: 0.0625
Mean episode Episode_Termination/primary_fall: 0.9375
--------------------------------------------------------------------------------
                   Total timesteps: 138240
                    Iteration time: 1.09s
                        Total time: 1027.88s
                               ETA: 475.3s

################################################################################
                     [1m Learning iteration 900/1302 [0m                      

                       Computation: 1369 steps/s (collection: 1.016s, learning 0.105s)
                     surrogate_loss -0.0386
                         value_loss 0.0688
                            entropy -9.6749
                         total_loss -0.0472
             Mean action noise std: 0.34
                       Mean reward: -2.05
               Mean episode length: 346.18
Mean episode Episode_Reward/termination_penalty: -0.2000
Mean episode Episode_Reward/track_lin_vel_xy_exp: 0.1554
Mean episode Episode_Reward/track_ang_vel_z_exp: 0.2114
Mean episode Episode_Reward/feet_air_time: 0.0020
Mean episode Episode_Reward/feet_slide: -0.0098
Mean episode Episode_Reward/flat_orientation_l2: -0.0089
Mean episode Episode_Reward/stand_still: 0.0000
Mean episode Episode_Reward/dof_pos_limits: -0.0000
Mean episode Episode_Reward/joint_deviation_hip: -0.0134
Mean episode Episode_Reward/joint_deviation_arms: -0.0343
Mean episode Episode_Reward/joint_deviation_torso: -0.0089
Mean episode Episode_Reward/joint_deviation_knee: -0.0021
Mean episode Episode_Reward/lin_vel_z_l2: -0.0008
Mean episode Episode_Reward/action_rate_l2: -0.1835
Mean episode Episode_Reward/dof_acc_l2: -0.0012
Mean episode Episode_Reward/dof_torques_l2: -0.0017
Mean episode Metrics/base_velocity/error_vel_xy: 0.0455
Mean episode Metrics/base_velocity/error_vel_yaw: 0.0398
Mean episode Episode_Termination/time_out: 0.1094
Mean episode Episode_Termination/primary_fall: 0.8906
--------------------------------------------------------------------------------
                   Total timesteps: 139776
                    Iteration time: 1.12s
                        Total time: 1039.07s
                               ETA: 463.6s

################################################################################
                     [1m Learning iteration 910/1302 [0m                      

                       Computation: 1371 steps/s (collection: 1.015s, learning 0.105s)
                     surrogate_loss -0.0396
                         value_loss 0.0342
                            entropy -9.8433
                         total_loss -0.0841
             Mean action noise std: 0.34
                       Mean reward: -2.07
               Mean episode length: 312.03
Mean episode Episode_Reward/termination_penalty: -0.2000
Mean episode Episode_Reward/track_lin_vel_xy_exp: 0.1208
Mean episode Episode_Reward/track_ang_vel_z_exp: 0.1583
Mean episode Episode_Reward/feet_air_time: 0.0011
Mean episode Episode_Reward/feet_slide: -0.0078
Mean episode Episode_Reward/flat_orientation_l2: -0.0081
Mean episode Episode_Reward/stand_still: 0.0000
Mean episode Episode_Reward/dof_pos_limits: -0.0001
Mean episode Episode_Reward/joint_deviation_hip: -0.0103
Mean episode Episode_Reward/joint_deviation_arms: -0.0262
Mean episode Episode_Reward/joint_deviation_torso: -0.0072
Mean episode Episode_Reward/joint_deviation_knee: -0.0017
Mean episode Episode_Reward/lin_vel_z_l2: -0.0006
Mean episode Episode_Reward/action_rate_l2: -0.1381
Mean episode Episode_Reward/dof_acc_l2: -0.0009
Mean episode Episode_Reward/dof_torques_l2: -0.0013
Mean episode Metrics/base_velocity/error_vel_xy: 0.0327
Mean episode Metrics/base_velocity/error_vel_yaw: 0.0286
Mean episode Episode_Termination/time_out: 0.0944
Mean episode Episode_Termination/primary_fall: 0.9056
--------------------------------------------------------------------------------
                   Total timesteps: 141312
                    Iteration time: 1.12s
                        Total time: 1050.29s
                               ETA: 451.9s

################################################################################
                     [1m Learning iteration 920/1302 [0m                      

                       Computation: 1364 steps/s (collection: 1.022s, learning 0.104s)
                     surrogate_loss -0.0394
                         value_loss 0.0362
                            entropy -9.9803
                         total_loss -0.0831
             Mean action noise std: 0.35
                       Mean reward: -2.35
               Mean episode length: 287.34
Mean episode Episode_Reward/termination_penalty: -0.2000
Mean episode Episode_Reward/track_lin_vel_xy_exp: 0.0998
Mean episode Episode_Reward/track_ang_vel_z_exp: 0.1505
Mean episode Episode_Reward/feet_air_time: 0.0004
Mean episode Episode_Reward/feet_slide: -0.0067
Mean episode Episode_Reward/flat_orientation_l2: -0.0094
Mean episode Episode_Reward/stand_still: 0.0000
Mean episode Episode_Reward/dof_pos_limits: -0.0001
Mean episode Episode_Reward/joint_deviation_hip: -0.0091
Mean episode Episode_Reward/joint_deviation_arms: -0.0243
Mean episode Episode_Reward/joint_deviation_torso: -0.0066
Mean episode Episode_Reward/joint_deviation_knee: -0.0016
Mean episode Episode_Reward/lin_vel_z_l2: -0.0008
Mean episode Episode_Reward/action_rate_l2: -0.1298
Mean episode Episode_Reward/dof_acc_l2: -0.0009
Mean episode Episode_Reward/dof_torques_l2: -0.0014
Mean episode Metrics/base_velocity/error_vel_xy: 0.0331
Mean episode Metrics/base_velocity/error_vel_yaw: 0.0260
Mean episode Episode_Termination/time_out: 0.1406
Mean episode Episode_Termination/primary_fall: 0.8594
--------------------------------------------------------------------------------
                   Total timesteps: 142848
                    Iteration time: 1.13s
                        Total time: 1061.58s
                               ETA: 440.3s

################################################################################
                     [1m Learning iteration 930/1302 [0m                      

                       Computation: 1376 steps/s (collection: 1.017s, learning 0.099s)
                     surrogate_loss -0.0307
                         value_loss 0.0353
                            entropy -10.1200
                         total_loss -0.0764
             Mean action noise std: 0.35
                       Mean reward: -2.45
               Mean episode length: 294.39
Mean episode Episode_Reward/termination_penalty: -0.1750
Mean episode Episode_Reward/track_lin_vel_xy_exp: 0.0812
Mean episode Episode_Reward/track_ang_vel_z_exp: 0.0947
Mean episode Episode_Reward/feet_air_time: 0.0004
Mean episode Episode_Reward/feet_slide: -0.0051
Mean episode Episode_Reward/flat_orientation_l2: -0.0044
Mean episode Episode_Reward/stand_still: 0.0000
Mean episode Episode_Reward/dof_pos_limits: -0.0000
Mean episode Episode_Reward/joint_deviation_hip: -0.0061
Mean episode Episode_Reward/joint_deviation_arms: -0.0164
Mean episode Episode_Reward/joint_deviation_torso: -0.0040
Mean episode Episode_Reward/joint_deviation_knee: -0.0010
Mean episode Episode_Reward/lin_vel_z_l2: -0.0006
Mean episode Episode_Reward/action_rate_l2: -0.0886
Mean episode Episode_Reward/dof_acc_l2: -0.0007
Mean episode Episode_Reward/dof_torques_l2: -0.0007
Mean episode Metrics/base_velocity/error_vel_xy: 0.0199
Mean episode Metrics/base_velocity/error_vel_yaw: 0.0185
Mean episode Episode_Termination/time_out: 0.1094
Mean episode Episode_Termination/primary_fall: 0.8906
--------------------------------------------------------------------------------
                   Total timesteps: 144384
                    Iteration time: 1.12s
                        Total time: 1072.85s
                               ETA: 428.7s

################################################################################
                     [1m Learning iteration 940/1302 [0m                      

                       Computation: 1355 steps/s (collection: 1.028s, learning 0.105s)
                     surrogate_loss -0.0472
                         value_loss 0.0182
                            entropy -10.2334
                         total_loss -0.1108
             Mean action noise std: 0.35
                       Mean reward: -2.34
               Mean episode length: 284.28
Mean episode Episode_Reward/termination_penalty: -0.2000
Mean episode Episode_Reward/track_lin_vel_xy_exp: 0.0950
Mean episode Episode_Reward/track_ang_vel_z_exp: 0.1570
Mean episode Episode_Reward/feet_air_time: 0.0004
Mean episode Episode_Reward/feet_slide: -0.0068
Mean episode Episode_Reward/flat_orientation_l2: -0.0101
Mean episode Episode_Reward/stand_still: 0.0000
Mean episode Episode_Reward/dof_pos_limits: -0.0001
Mean episode Episode_Reward/joint_deviation_hip: -0.0106
Mean episode Episode_Reward/joint_deviation_arms: -0.0249
Mean episode Episode_Reward/joint_deviation_torso: -0.0064
Mean episode Episode_Reward/joint_deviation_knee: -0.0019
Mean episode Episode_Reward/lin_vel_z_l2: -0.0007
Mean episode Episode_Reward/action_rate_l2: -0.1385
Mean episode Episode_Reward/dof_acc_l2: -0.0009
Mean episode Episode_Reward/dof_torques_l2: -0.0015
Mean episode Metrics/base_velocity/error_vel_xy: 0.0388
Mean episode Metrics/base_velocity/error_vel_yaw: 0.0280
Mean episode Episode_Termination/time_out: 0.1270
Mean episode Episode_Termination/primary_fall: 0.8730
--------------------------------------------------------------------------------
                   Total timesteps: 145920
                    Iteration time: 1.13s
                        Total time: 1084.10s
                               ETA: 417.0s

################################################################################
                     [1m Learning iteration 950/1302 [0m                      

                       Computation: 1478 steps/s (collection: 0.945s, learning 0.093s)
                     surrogate_loss -0.0362
                         value_loss 0.0442
                            entropy -10.2959
                         total_loss -0.0743
             Mean action noise std: 0.35
                       Mean reward: -2.08
               Mean episode length: 313.34
Mean episode Episode_Reward/termination_penalty: -0.2000
Mean episode Episode_Reward/track_lin_vel_xy_exp: 0.0405
Mean episode Episode_Reward/track_ang_vel_z_exp: 0.0759
Mean episode Episode_Reward/feet_air_time: 0.0015
Mean episode Episode_Reward/feet_slide: -0.0044
Mean episode Episode_Reward/flat_orientation_l2: -0.0067
Mean episode Episode_Reward/stand_still: 0.0000
Mean episode Episode_Reward/dof_pos_limits: -0.0000
Mean episode Episode_Reward/joint_deviation_hip: -0.0061
Mean episode Episode_Reward/joint_deviation_arms: -0.0129
Mean episode Episode_Reward/joint_deviation_torso: -0.0030
Mean episode Episode_Reward/joint_deviation_knee: -0.0009
Mean episode Episode_Reward/lin_vel_z_l2: -0.0005
Mean episode Episode_Reward/action_rate_l2: -0.0729
Mean episode Episode_Reward/dof_acc_l2: -0.0005
Mean episode Episode_Reward/dof_torques_l2: -0.0007
Mean episode Metrics/base_velocity/error_vel_xy: 0.0229
Mean episode Metrics/base_velocity/error_vel_yaw: 0.0146
Mean episode Episode_Termination/time_out: 0.1198
Mean episode Episode_Termination/primary_fall: 0.8802
--------------------------------------------------------------------------------
                   Total timesteps: 147456
                    Iteration time: 1.04s
                        Total time: 1094.66s
                               ETA: 405.2s

################################################################################
                     [1m Learning iteration 960/1302 [0m                      

                       Computation: 1477 steps/s (collection: 0.947s, learning 0.093s)
                     surrogate_loss -0.0467
                         value_loss 0.0203
                            entropy -10.4731
                         total_loss -0.1102
             Mean action noise std: 0.35
                       Mean reward: -1.93
               Mean episode length: 351.08
Mean episode Episode_Reward/termination_penalty: -0.1333
Mean episode Episode_Reward/track_lin_vel_xy_exp: 0.1743
Mean episode Episode_Reward/track_ang_vel_z_exp: 0.2422
Mean episode Episode_Reward/feet_air_time: 0.0002
Mean episode Episode_Reward/feet_slide: -0.0104
Mean episode Episode_Reward/flat_orientation_l2: -0.0155
Mean episode Episode_Reward/stand_still: 0.0000
Mean episode Episode_Reward/dof_pos_limits: -0.0001
Mean episode Episode_Reward/joint_deviation_hip: -0.0156
Mean episode Episode_Reward/joint_deviation_arms: -0.0377
Mean episode Episode_Reward/joint_deviation_torso: -0.0097
Mean episode Episode_Reward/joint_deviation_knee: -0.0038
Mean episode Episode_Reward/lin_vel_z_l2: -0.0007
Mean episode Episode_Reward/action_rate_l2: -0.2103
Mean episode Episode_Reward/dof_acc_l2: -0.0013
Mean episode Episode_Reward/dof_torques_l2: -0.0022
Mean episode Metrics/base_velocity/error_vel_xy: 0.0476
Mean episode Metrics/base_velocity/error_vel_yaw: 0.0404
Mean episode Episode_Termination/time_out: 0.1497
Mean episode Episode_Termination/primary_fall: 0.8503
--------------------------------------------------------------------------------
                   Total timesteps: 148992
                    Iteration time: 1.04s
                        Total time: 1105.21s
                               ETA: 393.3s

################################################################################
                     [1m Learning iteration 970/1302 [0m                      

                       Computation: 1452 steps/s (collection: 0.962s, learning 0.095s)
                     surrogate_loss -0.0415
                         value_loss 0.0192
                            entropy -10.6099
                         total_loss -0.1072
             Mean action noise std: 0.35
                       Mean reward: -2.38
               Mean episode length: 293.99
Mean episode Episode_Reward/termination_penalty: -0.2000
Mean episode Episode_Reward/track_lin_vel_xy_exp: 0.0711
Mean episode Episode_Reward/track_ang_vel_z_exp: 0.0838
Mean episode Episode_Reward/feet_air_time: 0.0004
Mean episode Episode_Reward/feet_slide: -0.0054
Mean episode Episode_Reward/flat_orientation_l2: -0.0047
Mean episode Episode_Reward/stand_still: 0.0000
Mean episode Episode_Reward/dof_pos_limits: -0.0000
Mean episode Episode_Reward/joint_deviation_hip: -0.0059
Mean episode Episode_Reward/joint_deviation_arms: -0.0152
Mean episode Episode_Reward/joint_deviation_torso: -0.0034
Mean episode Episode_Reward/joint_deviation_knee: -0.0012
Mean episode Episode_Reward/lin_vel_z_l2: -0.0007
Mean episode Episode_Reward/action_rate_l2: -0.0852
Mean episode Episode_Reward/dof_acc_l2: -0.0007
Mean episode Episode_Reward/dof_torques_l2: -0.0007
Mean episode Metrics/base_velocity/error_vel_xy: 0.0197
Mean episode Metrics/base_velocity/error_vel_yaw: 0.0175
Mean episode Episode_Termination/time_out: 0.1094
Mean episode Episode_Termination/primary_fall: 0.8906
--------------------------------------------------------------------------------
                   Total timesteps: 150528
                    Iteration time: 1.06s
                        Total time: 1115.72s
                               ETA: 381.5s

################################################################################
                     [1m Learning iteration 980/1302 [0m                      

                       Computation: 1460 steps/s (collection: 0.957s, learning 0.095s)
                     surrogate_loss -0.0416
                         value_loss 0.0382
                            entropy -10.7111
                         total_loss -0.0891
             Mean action noise std: 0.36
                       Mean reward: -2.48
               Mean episode length: 285.25
Mean episode Episode_Reward/termination_penalty: -0.2000
Mean episode Episode_Reward/track_lin_vel_xy_exp: 0.1006
Mean episode Episode_Reward/track_ang_vel_z_exp: 0.1488
Mean episode Episode_Reward/feet_air_time: 0.0004
Mean episode Episode_Reward/feet_slide: -0.0077
Mean episode Episode_Reward/flat_orientation_l2: -0.0066
Mean episode Episode_Reward/stand_still: 0.0000
Mean episode Episode_Reward/dof_pos_limits: -0.0001
Mean episode Episode_Reward/joint_deviation_hip: -0.0105
Mean episode Episode_Reward/joint_deviation_arms: -0.0240
Mean episode Episode_Reward/joint_deviation_torso: -0.0056
Mean episode Episode_Reward/joint_deviation_knee: -0.0018
Mean episode Episode_Reward/lin_vel_z_l2: -0.0007
Mean episode Episode_Reward/action_rate_l2: -0.1453
Mean episode Episode_Reward/dof_acc_l2: -0.0011
Mean episode Episode_Reward/dof_torques_l2: -0.0013
Mean episode Metrics/base_velocity/error_vel_xy: 0.0352
Mean episode Metrics/base_velocity/error_vel_yaw: 0.0275
Mean episode Episode_Termination/time_out: 0.0469
Mean episode Episode_Termination/primary_fall: 0.9531
--------------------------------------------------------------------------------
                   Total timesteps: 152064
                    Iteration time: 1.05s
                        Total time: 1126.22s
                               ETA: 369.7s

################################################################################
                     [1m Learning iteration 990/1302 [0m                      

                       Computation: 1483 steps/s (collection: 0.946s, learning 0.089s)
                     surrogate_loss -0.0371
                         value_loss 0.0192
                            entropy -10.8384
                         total_loss -0.1046
             Mean action noise std: 0.36
                       Mean reward: -2.21
               Mean episode length: 334.17
Mean episode Episode_Reward/termination_penalty: -0.0833
Mean episode Episode_Reward/track_lin_vel_xy_exp: 0.3052
Mean episode Episode_Reward/track_ang_vel_z_exp: 0.4119
Mean episode Episode_Reward/feet_air_time: 0.0005
Mean episode Episode_Reward/feet_slide: -0.0178
Mean episode Episode_Reward/flat_orientation_l2: -0.0093
Mean episode Episode_Reward/stand_still: 0.0000
Mean episode Episode_Reward/dof_pos_limits: -0.0000
Mean episode Episode_Reward/joint_deviation_hip: -0.0260
Mean episode Episode_Reward/joint_deviation_arms: -0.0631
Mean episode Episode_Reward/joint_deviation_torso: -0.0139
Mean episode Episode_Reward/joint_deviation_knee: -0.0043
Mean episode Episode_Reward/lin_vel_z_l2: -0.0009
Mean episode Episode_Reward/action_rate_l2: -0.3716
Mean episode Episode_Reward/dof_acc_l2: -0.0028
Mean episode Episode_Reward/dof_torques_l2: -0.0031
Mean episode Metrics/base_velocity/error_vel_xy: 0.0762
Mean episode Metrics/base_velocity/error_vel_yaw: 0.0697
Mean episode Episode_Termination/time_out: 0.0397
Mean episode Episode_Termination/primary_fall: 0.9603
--------------------------------------------------------------------------------
                   Total timesteps: 153600
                    Iteration time: 1.04s
                        Total time: 1136.68s
                               ETA: 357.9s

################################################################################
                     [1m Learning iteration 1000/1302 [0m                     

                       Computation: 1467 steps/s (collection: 0.956s, learning 0.091s)
                     surrogate_loss -0.0328
                         value_loss 0.0667
                            entropy -10.9094
                         total_loss -0.0533
             Mean action noise std: 0.36
                       Mean reward: -2.14
               Mean episode length: 333.46
Mean episode Episode_Reward/termination_penalty: -0.2000
Mean episode Episode_Reward/track_lin_vel_xy_exp: 0.0466
Mean episode Episode_Reward/track_ang_vel_z_exp: 0.0665
Mean episode Episode_Reward/feet_air_time: 0.0009
Mean episode Episode_Reward/feet_slide: -0.0038
Mean episode Episode_Reward/flat_orientation_l2: -0.0039
Mean episode Episode_Reward/stand_still: 0.0000
Mean episode Episode_Reward/dof_pos_limits: -0.0000
Mean episode Episode_Reward/joint_deviation_hip: -0.0046
Mean episode Episode_Reward/joint_deviation_arms: -0.0112
Mean episode Episode_Reward/joint_deviation_torso: -0.0030
Mean episode Episode_Reward/joint_deviation_knee: -0.0008
Mean episode Episode_Reward/lin_vel_z_l2: -0.0006
Mean episode Episode_Reward/action_rate_l2: -0.0672
Mean episode Episode_Reward/dof_acc_l2: -0.0005
Mean episode Episode_Reward/dof_torques_l2: -0.0006
Mean episode Metrics/base_velocity/error_vel_xy: 0.0173
Mean episode Metrics/base_velocity/error_vel_yaw: 0.0125
Mean episode Episode_Termination/time_out: 0.0625
Mean episode Episode_Termination/primary_fall: 0.9375
--------------------------------------------------------------------------------
                   Total timesteps: 155136
                    Iteration time: 1.05s
                        Total time: 1147.24s
                               ETA: 346.1s

################################################################################
                     [1m Learning iteration 1010/1302 [0m                     

                       Computation: 1465 steps/s (collection: 0.952s, learning 0.096s)
                     surrogate_loss -0.0415
                         value_loss 0.0213
                            entropy -11.1288
                         total_loss -0.1093
             Mean action noise std: 0.36
                       Mean reward: -2.58
               Mean episode length: 284.95
Mean episode Episode_Reward/termination_penalty: -0.2000
Mean episode Episode_Reward/track_lin_vel_xy_exp: 0.1533
Mean episode Episode_Reward/track_ang_vel_z_exp: 0.2101
Mean episode Episode_Reward/feet_air_time: 0.0002
Mean episode Episode_Reward/feet_slide: -0.0096
Mean episode Episode_Reward/flat_orientation_l2: -0.0068
Mean episode Episode_Reward/stand_still: 0.0000
Mean episode Episode_Reward/dof_pos_limits: -0.0000
Mean episode Episode_Reward/joint_deviation_hip: -0.0150
Mean episode Episode_Reward/joint_deviation_arms: -0.0341
Mean episode Episode_Reward/joint_deviation_torso: -0.0086
Mean episode Episode_Reward/joint_deviation_knee: -0.0023
Mean episode Episode_Reward/lin_vel_z_l2: -0.0008
Mean episode Episode_Reward/action_rate_l2: -0.1939
Mean episode Episode_Reward/dof_acc_l2: -0.0014
Mean episode Episode_Reward/dof_torques_l2: -0.0016
Mean episode Metrics/base_velocity/error_vel_xy: 0.0430
Mean episode Metrics/base_velocity/error_vel_yaw: 0.0365
Mean episode Episode_Termination/time_out: 0.0312
Mean episode Episode_Termination/primary_fall: 0.9688
--------------------------------------------------------------------------------
                   Total timesteps: 156672
                    Iteration time: 1.05s
                        Total time: 1157.77s
                               ETA: 334.4s

################################################################################
                     [1m Learning iteration 1020/1302 [0m                     

                       Computation: 1467 steps/s (collection: 0.951s, learning 0.096s)
                     surrogate_loss -0.0357
                         value_loss 0.0182
                            entropy -11.2411
                         total_loss -0.1074
             Mean action noise std: 0.36
                       Mean reward: -2.55
               Mean episode length: 264.67
Mean episode Episode_Reward/termination_penalty: -0.1500
Mean episode Episode_Reward/track_lin_vel_xy_exp: 0.1711
Mean episode Episode_Reward/track_ang_vel_z_exp: 0.2079
Mean episode Episode_Reward/feet_air_time: 0.0003
Mean episode Episode_Reward/feet_slide: -0.0108
Mean episode Episode_Reward/flat_orientation_l2: -0.0065
Mean episode Episode_Reward/stand_still: 0.0000
Mean episode Episode_Reward/dof_pos_limits: -0.0000
Mean episode Episode_Reward/joint_deviation_hip: -0.0159
Mean episode Episode_Reward/joint_deviation_arms: -0.0355
Mean episode Episode_Reward/joint_deviation_torso: -0.0093
Mean episode Episode_Reward/joint_deviation_knee: -0.0023
Mean episode Episode_Reward/lin_vel_z_l2: -0.0007
Mean episode Episode_Reward/action_rate_l2: -0.1944
Mean episode Episode_Reward/dof_acc_l2: -0.0013
Mean episode Episode_Reward/dof_torques_l2: -0.0015
Mean episode Metrics/base_velocity/error_vel_xy: 0.0396
Mean episode Metrics/base_velocity/error_vel_yaw: 0.0380
Mean episode Episode_Termination/time_out: 0.0846
Mean episode Episode_Termination/primary_fall: 0.9154
--------------------------------------------------------------------------------
                   Total timesteps: 158208
                    Iteration time: 1.05s
                        Total time: 1168.36s
                               ETA: 322.7s

################################################################################
                     [1m Learning iteration 1030/1302 [0m                     

                       Computation: 1483 steps/s (collection: 0.939s, learning 0.097s)
                     surrogate_loss -0.0418
                         value_loss 0.0153
                            entropy -11.3516
                         total_loss -0.1174
             Mean action noise std: 0.36
                       Mean reward: -2.32
               Mean episode length: 301.51
Mean episode Episode_Reward/termination_penalty: -0.2000
Mean episode Episode_Reward/track_lin_vel_xy_exp: 0.1927
Mean episode Episode_Reward/track_ang_vel_z_exp: 0.2545
Mean episode Episode_Reward/feet_air_time: 0.0004
Mean episode Episode_Reward/feet_slide: -0.0119
Mean episode Episode_Reward/flat_orientation_l2: -0.0071
Mean episode Episode_Reward/stand_still: 0.0000
Mean episode Episode_Reward/dof_pos_limits: -0.0001
Mean episode Episode_Reward/joint_deviation_hip: -0.0196
Mean episode Episode_Reward/joint_deviation_arms: -0.0410
Mean episode Episode_Reward/joint_deviation_torso: -0.0113
Mean episode Episode_Reward/joint_deviation_knee: -0.0029
Mean episode Episode_Reward/lin_vel_z_l2: -0.0011
Mean episode Episode_Reward/action_rate_l2: -0.2391
Mean episode Episode_Reward/dof_acc_l2: -0.0018
Mean episode Episode_Reward/dof_torques_l2: -0.0021
Mean episode Metrics/base_velocity/error_vel_xy: 0.0486
Mean episode Metrics/base_velocity/error_vel_yaw: 0.0434
Mean episode Episode_Termination/time_out: 0.0807
Mean episode Episode_Termination/primary_fall: 0.9193
--------------------------------------------------------------------------------
                   Total timesteps: 159744
                    Iteration time: 1.04s
                        Total time: 1178.86s
                               ETA: 311.0s

################################################################################
                     [1m Learning iteration 1040/1302 [0m                     

                       Computation: 1471 steps/s (collection: 0.953s, learning 0.091s)
                     surrogate_loss -0.0372
                         value_loss 0.0173
                            entropy -11.4500
                         total_loss -0.1114
             Mean action noise std: 0.37
                       Mean reward: -2.29
               Mean episode length: 309.73
Mean episode Episode_Reward/termination_penalty: -0.2000
Mean episode Episode_Reward/track_lin_vel_xy_exp: 0.0198
Mean episode Episode_Reward/track_ang_vel_z_exp: 0.0243
Mean episode Episode_Reward/feet_air_time: 0.0008
Mean episode Episode_Reward/feet_slide: -0.0016
Mean episode Episode_Reward/flat_orientation_l2: -0.0041
Mean episode Episode_Reward/stand_still: 0.0000
Mean episode Episode_Reward/dof_pos_limits: -0.0001
Mean episode Episode_Reward/joint_deviation_hip: -0.0015
Mean episode Episode_Reward/joint_deviation_arms: -0.0046
Mean episode Episode_Reward/joint_deviation_torso: -0.0012
Mean episode Episode_Reward/joint_deviation_knee: -0.0003
Mean episode Episode_Reward/lin_vel_z_l2: -0.0003
Mean episode Episode_Reward/action_rate_l2: -0.0270
Mean episode Episode_Reward/dof_acc_l2: -0.0002
Mean episode Episode_Reward/dof_torques_l2: -0.0002
Mean episode Metrics/base_velocity/error_vel_xy: 0.0076
Mean episode Metrics/base_velocity/error_vel_yaw: 0.0054
Mean episode Episode_Termination/time_out: 0.1133
Mean episode Episode_Termination/primary_fall: 0.8867
--------------------------------------------------------------------------------
                   Total timesteps: 161280
                    Iteration time: 1.04s
                        Total time: 1189.29s
                               ETA: 299.3s

################################################################################
                     [1m Learning iteration 1050/1302 [0m                     

                       Computation: 1455 steps/s (collection: 0.961s, learning 0.094s)
                     surrogate_loss -0.0405
                         value_loss 0.0171
                            entropy -11.5409
                         total_loss -0.1157
             Mean action noise std: 0.37
                       Mean reward: -1.91
               Mean episode length: 371.85
Mean episode Episode_Reward/termination_penalty: -0.0750
Mean episode Episode_Reward/track_lin_vel_xy_exp: 0.2730
Mean episode Episode_Reward/track_ang_vel_z_exp: 0.3712
Mean episode Episode_Reward/feet_air_time: 0.0006
Mean episode Episode_Reward/feet_slide: -0.0156
Mean episode Episode_Reward/flat_orientation_l2: -0.0088
Mean episode Episode_Reward/stand_still: 0.0000
Mean episode Episode_Reward/dof_pos_limits: -0.0001
Mean episode Episode_Reward/joint_deviation_hip: -0.0298
Mean episode Episode_Reward/joint_deviation_arms: -0.0592
Mean episode Episode_Reward/joint_deviation_torso: -0.0146
Mean episode Episode_Reward/joint_deviation_knee: -0.0039
Mean episode Episode_Reward/lin_vel_z_l2: -0.0007
Mean episode Episode_Reward/action_rate_l2: -0.3369
Mean episode Episode_Reward/dof_acc_l2: -0.0026
Mean episode Episode_Reward/dof_torques_l2: -0.0030
Mean episode Metrics/base_velocity/error_vel_xy: 0.0690
Mean episode Metrics/base_velocity/error_vel_yaw: 0.0615
Mean episode Episode_Termination/time_out: 0.1263
Mean episode Episode_Termination/primary_fall: 0.8737
--------------------------------------------------------------------------------
                   Total timesteps: 162816
                    Iteration time: 1.06s
                        Total time: 1199.78s
                               ETA: 287.7s

################################################################################
                     [1m Learning iteration 1060/1302 [0m                     

                       Computation: 1480 steps/s (collection: 0.951s, learning 0.087s)
                     surrogate_loss -0.0375
                         value_loss 0.0753
                            entropy -11.6643
                         total_loss -0.0555
             Mean action noise std: 0.37
                       Mean reward: -1.71
               Mean episode length: 409.72
Mean episode Episode_Reward/termination_penalty: -0.1750
Mean episode Episode_Reward/track_lin_vel_xy_exp: 0.1157
Mean episode Episode_Reward/track_ang_vel_z_exp: 0.1465
Mean episode Episode_Reward/feet_air_time: 0.0005
Mean episode Episode_Reward/feet_slide: -0.0085
Mean episode Episode_Reward/flat_orientation_l2: -0.0046
Mean episode Episode_Reward/stand_still: 0.0000
Mean episode Episode_Reward/dof_pos_limits: -0.0001
Mean episode Episode_Reward/joint_deviation_hip: -0.0114
Mean episode Episode_Reward/joint_deviation_arms: -0.0244
Mean episode Episode_Reward/joint_deviation_torso: -0.0064
Mean episode Episode_Reward/joint_deviation_knee: -0.0015
Mean episode Episode_Reward/lin_vel_z_l2: -0.0009
Mean episode Episode_Reward/action_rate_l2: -0.1519
Mean episode Episode_Reward/dof_acc_l2: -0.0012
Mean episode Episode_Reward/dof_torques_l2: -0.0011
Mean episode Metrics/base_velocity/error_vel_xy: 0.0317
Mean episode Metrics/base_velocity/error_vel_yaw: 0.0289
Mean episode Episode_Termination/time_out: 0.1250
Mean episode Episode_Termination/primary_fall: 0.8750
--------------------------------------------------------------------------------
                   Total timesteps: 164352
                    Iteration time: 1.04s
                        Total time: 1210.27s
                               ETA: 276.0s

################################################################################
                     [1m Learning iteration 1070/1302 [0m                     

                       Computation: 1476 steps/s (collection: 0.949s, learning 0.092s)
                     surrogate_loss -0.0434
                         value_loss 0.0141
                            entropy -11.7301
                         total_loss -0.1231
             Mean action noise std: 0.37
                       Mean reward: -2.03
               Mean episode length: 353.91
Mean episode Episode_Reward/termination_penalty: -0.0833
Mean episode Episode_Reward/track_lin_vel_xy_exp: 0.2914
Mean episode Episode_Reward/track_ang_vel_z_exp: 0.3870
Mean episode Episode_Reward/feet_air_time: 0.0004
Mean episode Episode_Reward/feet_slide: -0.0191
Mean episode Episode_Reward/flat_orientation_l2: -0.0090
Mean episode Episode_Reward/stand_still: 0.0000
Mean episode Episode_Reward/dof_pos_limits: -0.0000
Mean episode Episode_Reward/joint_deviation_hip: -0.0300
Mean episode Episode_Reward/joint_deviation_arms: -0.0625
Mean episode Episode_Reward/joint_deviation_torso: -0.0155
Mean episode Episode_Reward/joint_deviation_knee: -0.0040
Mean episode Episode_Reward/lin_vel_z_l2: -0.0008
Mean episode Episode_Reward/action_rate_l2: -0.3741
Mean episode Episode_Reward/dof_acc_l2: -0.0026
Mean episode Episode_Reward/dof_torques_l2: -0.0030
Mean episode Metrics/base_velocity/error_vel_xy: 0.0741
Mean episode Metrics/base_velocity/error_vel_yaw: 0.0691
Mean episode Episode_Termination/time_out: 0.1387
Mean episode Episode_Termination/primary_fall: 0.8613
--------------------------------------------------------------------------------
                   Total timesteps: 165888
                    Iteration time: 1.04s
                        Total time: 1220.72s
                               ETA: 264.4s

################################################################################
                     [1m Learning iteration 1080/1302 [0m                     

                       Computation: 1486 steps/s (collection: 0.941s, learning 0.092s)
                     surrogate_loss -0.0395
                         value_loss 0.0146
                            entropy -11.7943
                         total_loss -0.1192
             Mean action noise std: 0.37
                       Mean reward: -2.61
               Mean episode length: 267.80
Mean episode Episode_Reward/termination_penalty: -0.2000
Mean episode Episode_Reward/track_lin_vel_xy_exp: 0.0202
Mean episode Episode_Reward/track_ang_vel_z_exp: 0.0335
Mean episode Episode_Reward/feet_air_time: 0.0002
Mean episode Episode_Reward/feet_slide: -0.0028
Mean episode Episode_Reward/flat_orientation_l2: -0.0050
Mean episode Episode_Reward/stand_still: 0.0000
Mean episode Episode_Reward/dof_pos_limits: -0.0001
Mean episode Episode_Reward/joint_deviation_hip: -0.0028
Mean episode Episode_Reward/joint_deviation_arms: -0.0068
Mean episode Episode_Reward/joint_deviation_torso: -0.0019
Mean episode Episode_Reward/joint_deviation_knee: -0.0005
Mean episode Episode_Reward/lin_vel_z_l2: -0.0006
Mean episode Episode_Reward/action_rate_l2: -0.0405
Mean episode Episode_Reward/dof_acc_l2: -0.0003
Mean episode Episode_Reward/dof_torques_l2: -0.0004
Mean episode Metrics/base_velocity/error_vel_xy: 0.0125
Mean episode Metrics/base_velocity/error_vel_yaw: 0.0078
Mean episode Episode_Termination/time_out: 0.1094
Mean episode Episode_Termination/primary_fall: 0.8906
--------------------------------------------------------------------------------
                   Total timesteps: 167424
                    Iteration time: 1.03s
                        Total time: 1231.18s
                               ETA: 252.8s

################################################################################
                     [1m Learning iteration 1090/1302 [0m                     

                       Computation: 1457 steps/s (collection: 0.956s, learning 0.098s)
                     surrogate_loss -0.0384
                         value_loss 0.0129
                            entropy -11.9211
                         total_loss -0.1209
             Mean action noise std: 0.37
                       Mean reward: -2.47
               Mean episode length: 294.30
Mean episode Episode_Reward/termination_penalty: -0.2000
Mean episode Episode_Reward/track_lin_vel_xy_exp: 0.0464
Mean episode Episode_Reward/track_ang_vel_z_exp: 0.0662
Mean episode Episode_Reward/feet_air_time: 0.0005
Mean episode Episode_Reward/feet_slide: -0.0039
Mean episode Episode_Reward/flat_orientation_l2: -0.0050
Mean episode Episode_Reward/stand_still: 0.0000
Mean episode Episode_Reward/dof_pos_limits: -0.0000
Mean episode Episode_Reward/joint_deviation_hip: -0.0042
Mean episode Episode_Reward/joint_deviation_arms: -0.0111
Mean episode Episode_Reward/joint_deviation_torso: -0.0030
Mean episode Episode_Reward/joint_deviation_knee: -0.0007
Mean episode Episode_Reward/lin_vel_z_l2: -0.0006
Mean episode Episode_Reward/action_rate_l2: -0.0676
Mean episode Episode_Reward/dof_acc_l2: -0.0006
Mean episode Episode_Reward/dof_torques_l2: -0.0005
Mean episode Metrics/base_velocity/error_vel_xy: 0.0167
Mean episode Metrics/base_velocity/error_vel_yaw: 0.0114
Mean episode Episode_Termination/time_out: 0.1562
Mean episode Episode_Termination/primary_fall: 0.8438
--------------------------------------------------------------------------------
                   Total timesteps: 168960
                    Iteration time: 1.05s
                        Total time: 1241.69s
                               ETA: 241.3s

################################################################################
                     [1m Learning iteration 1100/1302 [0m                     

                       Computation: 1449 steps/s (collection: 0.968s, learning 0.092s)
                     surrogate_loss -0.0391
                         value_loss 0.0394
                            entropy -12.0678
                         total_loss -0.0963
             Mean action noise std: 0.38
                       Mean reward: -2.35
               Mean episode length: 333.21
Mean episode Episode_Reward/termination_penalty: -0.2000
Mean episode Episode_Reward/track_lin_vel_xy_exp: 0.0719
Mean episode Episode_Reward/track_ang_vel_z_exp: 0.0876
Mean episode Episode_Reward/feet_air_time: 0.0004
Mean episode Episode_Reward/feet_slide: -0.0057
Mean episode Episode_Reward/flat_orientation_l2: -0.0047
Mean episode Episode_Reward/stand_still: 0.0000
Mean episode Episode_Reward/dof_pos_limits: -0.0001
Mean episode Episode_Reward/joint_deviation_hip: -0.0065
Mean episode Episode_Reward/joint_deviation_arms: -0.0145
Mean episode Episode_Reward/joint_deviation_torso: -0.0038
Mean episode Episode_Reward/joint_deviation_knee: -0.0009
Mean episode Episode_Reward/lin_vel_z_l2: -0.0007
Mean episode Episode_Reward/action_rate_l2: -0.0915
Mean episode Episode_Reward/dof_acc_l2: -0.0007
Mean episode Episode_Reward/dof_torques_l2: -0.0007
Mean episode Metrics/base_velocity/error_vel_xy: 0.0198
Mean episode Metrics/base_velocity/error_vel_yaw: 0.0167
Mean episode Episode_Termination/time_out: 0.0892
Mean episode Episode_Termination/primary_fall: 0.9108
--------------------------------------------------------------------------------
                   Total timesteps: 170496
                    Iteration time: 1.06s
                        Total time: 1252.24s
                               ETA: 229.7s

################################################################################
                     [1m Learning iteration 1110/1302 [0m                     

                       Computation: 1466 steps/s (collection: 0.957s, learning 0.091s)
                     surrogate_loss -0.0417
                         value_loss 0.0221
                            entropy -12.1835
                         total_loss -0.1170
             Mean action noise std: 0.38
                       Mean reward: -2.73
               Mean episode length: 272.45
Mean episode Episode_Reward/termination_penalty: -0.2000
Mean episode Episode_Reward/track_lin_vel_xy_exp: 0.0115
Mean episode Episode_Reward/track_ang_vel_z_exp: 0.0313
Mean episode Episode_Reward/feet_air_time: 0.0003
Mean episode Episode_Reward/feet_slide: -0.0023
Mean episode Episode_Reward/flat_orientation_l2: -0.0035
Mean episode Episode_Reward/stand_still: 0.0000
Mean episode Episode_Reward/dof_pos_limits: -0.0000
Mean episode Episode_Reward/joint_deviation_hip: -0.0019
Mean episode Episode_Reward/joint_deviation_arms: -0.0051
Mean episode Episode_Reward/joint_deviation_torso: -0.0017
Mean episode Episode_Reward/joint_deviation_knee: -0.0004
Mean episode Episode_Reward/lin_vel_z_l2: -0.0008
Mean episode Episode_Reward/action_rate_l2: -0.0371
Mean episode Episode_Reward/dof_acc_l2: -0.0003
Mean episode Episode_Reward/dof_torques_l2: -0.0003
Mean episode Metrics/base_velocity/error_vel_xy: 0.0127
Mean episode Metrics/base_velocity/error_vel_yaw: 0.0058
Mean episode Episode_Termination/time_out: 0.0938
Mean episode Episode_Termination/primary_fall: 0.9062
--------------------------------------------------------------------------------
                   Total timesteps: 172032
                    Iteration time: 1.05s
                        Total time: 1262.72s
                               ETA: 218.2s

################################################################################
                     [1m Learning iteration 1120/1302 [0m                     

                       Computation: 1463 steps/s (collection: 0.960s, learning 0.090s)
                     surrogate_loss -0.0366
                         value_loss 0.0289
                            entropy -12.3517
                         total_loss -0.1066
             Mean action noise std: 0.38
                       Mean reward: -2.43
               Mean episode length: 312.94
Mean episode Episode_Reward/termination_penalty: -0.2000
Mean episode Episode_Reward/track_lin_vel_xy_exp: 0.0347
Mean episode Episode_Reward/track_ang_vel_z_exp: 0.0305
Mean episode Episode_Reward/feet_air_time: 0.0002
Mean episode Episode_Reward/feet_slide: -0.0024
Mean episode Episode_Reward/flat_orientation_l2: -0.0047
Mean episode Episode_Reward/stand_still: 0.0000
Mean episode Episode_Reward/dof_pos_limits: -0.0000
Mean episode Episode_Reward/joint_deviation_hip: -0.0016
Mean episode Episode_Reward/joint_deviation_arms: -0.0048
Mean episode Episode_Reward/joint_deviation_torso: -0.0011
Mean episode Episode_Reward/joint_deviation_knee: -0.0003
Mean episode Episode_Reward/lin_vel_z_l2: -0.0005
Mean episode Episode_Reward/action_rate_l2: -0.0347
Mean episode Episode_Reward/dof_acc_l2: -0.0003
Mean episode Episode_Reward/dof_torques_l2: -0.0002
Mean episode Metrics/base_velocity/error_vel_xy: 0.0060
Mean episode Metrics/base_velocity/error_vel_yaw: 0.0053
Mean episode Episode_Termination/time_out: 0.1250
Mean episode Episode_Termination/primary_fall: 0.8750
--------------------------------------------------------------------------------
                   Total timesteps: 173568
                    Iteration time: 1.05s
                        Total time: 1273.18s
                               ETA: 206.7s

################################################################################
                     [1m Learning iteration 1130/1302 [0m                     

                       Computation: 1414 steps/s (collection: 0.991s, learning 0.095s)
                     surrogate_loss -0.0420
                         value_loss 0.0220
                            entropy -12.5128
                         total_loss -0.1201
             Mean action noise std: 0.38
                       Mean reward: -2.49
               Mean episode length: 335.15
Mean episode Episode_Reward/termination_penalty: -0.2000
Mean episode Episode_Reward/track_lin_vel_xy_exp: 0.0587
Mean episode Episode_Reward/track_ang_vel_z_exp: 0.0826
Mean episode Episode_Reward/feet_air_time: 0.0006
Mean episode Episode_Reward/feet_slide: -0.0051
Mean episode Episode_Reward/flat_orientation_l2: -0.0050
Mean episode Episode_Reward/stand_still: 0.0000
Mean episode Episode_Reward/dof_pos_limits: -0.0001
Mean episode Episode_Reward/joint_deviation_hip: -0.0055
Mean episode Episode_Reward/joint_deviation_arms: -0.0133
Mean episode Episode_Reward/joint_deviation_torso: -0.0036
Mean episode Episode_Reward/joint_deviation_knee: -0.0010
Mean episode Episode_Reward/lin_vel_z_l2: -0.0007
Mean episode Episode_Reward/action_rate_l2: -0.0902
Mean episode Episode_Reward/dof_acc_l2: -0.0007
Mean episode Episode_Reward/dof_torques_l2: -0.0007
Mean episode Metrics/base_velocity/error_vel_xy: 0.0208
Mean episode Metrics/base_velocity/error_vel_yaw: 0.0153
Mean episode Episode_Termination/time_out: 0.0938
Mean episode Episode_Termination/primary_fall: 0.9062
--------------------------------------------------------------------------------
                   Total timesteps: 175104
                    Iteration time: 1.09s
                        Total time: 1283.65s
                               ETA: 195.2s

################################################################################
                     [1m Learning iteration 1140/1302 [0m                     

                       Computation: 1456 steps/s (collection: 0.959s, learning 0.096s)
                     surrogate_loss -0.0388
                         value_loss 0.0289
                            entropy -12.6258
                         total_loss -0.1109
             Mean action noise std: 0.38
                       Mean reward: -2.60
               Mean episode length: 317.42
Mean episode Episode_Reward/termination_penalty: -0.1750
Mean episode Episode_Reward/track_lin_vel_xy_exp: 0.0882
Mean episode Episode_Reward/track_ang_vel_z_exp: 0.1395
Mean episode Episode_Reward/feet_air_time: 0.0006
Mean episode Episode_Reward/feet_slide: -0.0073
Mean episode Episode_Reward/flat_orientation_l2: -0.0054
Mean episode Episode_Reward/stand_still: 0.0000
Mean episode Episode_Reward/dof_pos_limits: -0.0001
Mean episode Episode_Reward/joint_deviation_hip: -0.0089
Mean episode Episode_Reward/joint_deviation_arms: -0.0213
Mean episode Episode_Reward/joint_deviation_torso: -0.0058
Mean episode Episode_Reward/joint_deviation_knee: -0.0015
Mean episode Episode_Reward/lin_vel_z_l2: -0.0008
Mean episode Episode_Reward/action_rate_l2: -0.1493
Mean episode Episode_Reward/dof_acc_l2: -0.0011
Mean episode Episode_Reward/dof_torques_l2: -0.0012
Mean episode Metrics/base_velocity/error_vel_xy: 0.0333
Mean episode Metrics/base_velocity/error_vel_yaw: 0.0245
Mean episode Episode_Termination/time_out: 0.1973
Mean episode Episode_Termination/primary_fall: 0.8027
--------------------------------------------------------------------------------
                   Total timesteps: 176640
                    Iteration time: 1.05s
                        Total time: 1294.11s
                               ETA: 183.7s

################################################################################
                     [1m Learning iteration 1150/1302 [0m                     

                       Computation: 1464 steps/s (collection: 0.959s, learning 0.089s)
                     surrogate_loss -0.0409
                         value_loss 0.0264
                            entropy -12.7546
                         total_loss -0.1166
             Mean action noise std: 0.38
                       Mean reward: -2.65
               Mean episode length: 295.54
Mean episode Episode_Reward/termination_penalty: -0.2000
Mean episode Episode_Reward/track_lin_vel_xy_exp: 0.0138
Mean episode Episode_Reward/track_ang_vel_z_exp: 0.0284
Mean episode Episode_Reward/feet_air_time: 0.0009
Mean episode Episode_Reward/feet_slide: -0.0022
Mean episode Episode_Reward/flat_orientation_l2: -0.0057
Mean episode Episode_Reward/stand_still: 0.0000
Mean episode Episode_Reward/dof_pos_limits: -0.0000
Mean episode Episode_Reward/joint_deviation_hip: -0.0020
Mean episode Episode_Reward/joint_deviation_arms: -0.0055
Mean episode Episode_Reward/joint_deviation_torso: -0.0016
Mean episode Episode_Reward/joint_deviation_knee: -0.0005
Mean episode Episode_Reward/lin_vel_z_l2: -0.0004
Mean episode Episode_Reward/action_rate_l2: -0.0371
Mean episode Episode_Reward/dof_acc_l2: -0.0003
Mean episode Episode_Reward/dof_torques_l2: -0.0003
Mean episode Metrics/base_velocity/error_vel_xy: 0.0122
Mean episode Metrics/base_velocity/error_vel_yaw: 0.0060
Mean episode Episode_Termination/time_out: 0.0905
Mean episode Episode_Termination/primary_fall: 0.9095
--------------------------------------------------------------------------------
                   Total timesteps: 178176
                    Iteration time: 1.05s
                        Total time: 1304.63s
                               ETA: 172.3s

################################################################################
                     [1m Learning iteration 1160/1302 [0m                     

                       Computation: 1475 steps/s (collection: 0.944s, learning 0.097s)
                     surrogate_loss -0.0393
                         value_loss 0.0286
                            entropy -12.8881
                         total_loss -0.1138
             Mean action noise std: 0.39
                       Mean reward: -2.77
               Mean episode length: 285.18
Mean episode Episode_Reward/termination_penalty: -0.1917
Mean episode Episode_Reward/track_lin_vel_xy_exp: 0.2097
Mean episode Episode_Reward/track_ang_vel_z_exp: 0.2580
Mean episode Episode_Reward/feet_air_time: 0.0006
Mean episode Episode_Reward/feet_slide: -0.0145
Mean episode Episode_Reward/flat_orientation_l2: -0.0098
Mean episode Episode_Reward/stand_still: 0.0000
Mean episode Episode_Reward/dof_pos_limits: -0.0001
Mean episode Episode_Reward/joint_deviation_hip: -0.0156
Mean episode Episode_Reward/joint_deviation_arms: -0.0408
Mean episode Episode_Reward/joint_deviation_torso: -0.0116
Mean episode Episode_Reward/joint_deviation_knee: -0.0026
Mean episode Episode_Reward/lin_vel_z_l2: -0.0010
Mean episode Episode_Reward/action_rate_l2: -0.2936
Mean episode Episode_Reward/dof_acc_l2: -0.0021
Mean episode Episode_Reward/dof_torques_l2: -0.0020
Mean episode Metrics/base_velocity/error_vel_xy: 0.0531
Mean episode Metrics/base_velocity/error_vel_yaw: 0.0498
Mean episode Episode_Termination/time_out: 0.0885
Mean episode Episode_Termination/primary_fall: 0.9115
--------------------------------------------------------------------------------
                   Total timesteps: 179712
                    Iteration time: 1.04s
                        Total time: 1315.14s
                               ETA: 160.9s

################################################################################
                     [1m Learning iteration 1170/1302 [0m                     

                       Computation: 1473 steps/s (collection: 0.952s, learning 0.090s)
                     surrogate_loss -0.0373
                         value_loss 0.0832
                            entropy -13.0666
                         total_loss -0.0586
             Mean action noise std: 0.39
                       Mean reward: -2.85
               Mean episode length: 297.64
Mean episode Episode_Reward/termination_penalty: -0.2000
Mean episode Episode_Reward/track_lin_vel_xy_exp: 0.1907
Mean episode Episode_Reward/track_ang_vel_z_exp: 0.2521
Mean episode Episode_Reward/feet_air_time: 0.0009
Mean episode Episode_Reward/feet_slide: -0.0155
Mean episode Episode_Reward/flat_orientation_l2: -0.0084
Mean episode Episode_Reward/stand_still: 0.0000
Mean episode Episode_Reward/dof_pos_limits: -0.0002
Mean episode Episode_Reward/joint_deviation_hip: -0.0153
Mean episode Episode_Reward/joint_deviation_arms: -0.0384
Mean episode Episode_Reward/joint_deviation_torso: -0.0106
Mean episode Episode_Reward/joint_deviation_knee: -0.0024
Mean episode Episode_Reward/lin_vel_z_l2: -0.0009
Mean episode Episode_Reward/action_rate_l2: -0.2780
Mean episode Episode_Reward/dof_acc_l2: -0.0020
Mean episode Episode_Reward/dof_torques_l2: -0.0019
Mean episode Metrics/base_velocity/error_vel_xy: 0.0505
Mean episode Metrics/base_velocity/error_vel_yaw: 0.0451
Mean episode Episode_Termination/time_out: 0.0938
Mean episode Episode_Termination/primary_fall: 0.9062
--------------------------------------------------------------------------------
                   Total timesteps: 181248
                    Iteration time: 1.04s
                        Total time: 1325.64s
                               ETA: 149.4s

################################################################################
                     [1m Learning iteration 1180/1302 [0m                     

                       Computation: 1466 steps/s (collection: 0.952s, learning 0.096s)
                     surrogate_loss -0.0427
                         value_loss 0.0281
                            entropy -13.1982
                         total_loss -0.1203
             Mean action noise std: 0.39
                       Mean reward: -2.70
               Mean episode length: 325.53
Mean episode Episode_Reward/termination_penalty: -0.1958
Mean episode Episode_Reward/track_lin_vel_xy_exp: 0.0323
Mean episode Episode_Reward/track_ang_vel_z_exp: 0.0420
Mean episode Episode_Reward/feet_air_time: 0.0012
Mean episode Episode_Reward/feet_slide: -0.0031
Mean episode Episode_Reward/flat_orientation_l2: -0.0042
Mean episode Episode_Reward/stand_still: 0.0000
Mean episode Episode_Reward/dof_pos_limits: -0.0001
Mean episode Episode_Reward/joint_deviation_hip: -0.0027
Mean episode Episode_Reward/joint_deviation_arms: -0.0074
Mean episode Episode_Reward/joint_deviation_torso: -0.0021
Mean episode Episode_Reward/joint_deviation_knee: -0.0006
Mean episode Episode_Reward/lin_vel_z_l2: -0.0006
Mean episode Episode_Reward/action_rate_l2: -0.0529
Mean episode Episode_Reward/dof_acc_l2: -0.0005
Mean episode Episode_Reward/dof_torques_l2: -0.0005
Mean episode Metrics/base_velocity/error_vel_xy: 0.0109
Mean episode Metrics/base_velocity/error_vel_yaw: 0.0078
Mean episode Episode_Termination/time_out: 0.1094
Mean episode Episode_Termination/primary_fall: 0.8906
--------------------------------------------------------------------------------
                   Total timesteps: 182784
                    Iteration time: 1.05s
                        Total time: 1336.11s
                               ETA: 138.0s

################################################################################
                     [1m Learning iteration 1190/1302 [0m                     

                       Computation: 1473 steps/s (collection: 0.948s, learning 0.095s)
                     surrogate_loss -0.0426
                         value_loss 0.0306
                            entropy -13.3023
                         total_loss -0.1184
             Mean action noise std: 0.39
                       Mean reward: -3.09
               Mean episode length: 285.41
Mean episode Episode_Reward/termination_penalty: -0.2000
Mean episode Episode_Reward/track_lin_vel_xy_exp: 0.0812
Mean episode Episode_Reward/track_ang_vel_z_exp: 0.1075
Mean episode Episode_Reward/feet_air_time: 0.0009
Mean episode Episode_Reward/feet_slide: -0.0065
Mean episode Episode_Reward/flat_orientation_l2: -0.0044
Mean episode Episode_Reward/stand_still: 0.0000
Mean episode Episode_Reward/dof_pos_limits: -0.0001
Mean episode Episode_Reward/joint_deviation_hip: -0.0064
Mean episode Episode_Reward/joint_deviation_arms: -0.0189
Mean episode Episode_Reward/joint_deviation_torso: -0.0047
Mean episode Episode_Reward/joint_deviation_knee: -0.0015
Mean episode Episode_Reward/lin_vel_z_l2: -0.0010
Mean episode Episode_Reward/action_rate_l2: -0.1269
Mean episode Episode_Reward/dof_acc_l2: -0.0010
Mean episode Episode_Reward/dof_torques_l2: -0.0011
Mean episode Metrics/base_velocity/error_vel_xy: 0.0245
Mean episode Metrics/base_velocity/error_vel_yaw: 0.0201
Mean episode Episode_Termination/time_out: 0.0781
Mean episode Episode_Termination/primary_fall: 0.9219
--------------------------------------------------------------------------------
                   Total timesteps: 184320
                    Iteration time: 1.04s
                        Total time: 1346.62s
                               ETA: 126.6s

################################################################################
                     [1m Learning iteration 1200/1302 [0m                     

                       Computation: 1467 steps/s (collection: 0.958s, learning 0.089s)
                     surrogate_loss -0.0347
                         value_loss 0.0596
                            entropy -13.3872
                         total_loss -0.0822
             Mean action noise std: 0.39
                       Mean reward: -2.98
               Mean episode length: 291.32
Mean episode Episode_Reward/termination_penalty: -0.2000
Mean episode Episode_Reward/track_lin_vel_xy_exp: 0.1058
Mean episode Episode_Reward/track_ang_vel_z_exp: 0.1365
Mean episode Episode_Reward/feet_air_time: 0.0010
Mean episode Episode_Reward/feet_slide: -0.0090
Mean episode Episode_Reward/flat_orientation_l2: -0.0045
Mean episode Episode_Reward/stand_still: 0.0000
Mean episode Episode_Reward/dof_pos_limits: -0.0001
Mean episode Episode_Reward/joint_deviation_hip: -0.0082
Mean episode Episode_Reward/joint_deviation_arms: -0.0236
Mean episode Episode_Reward/joint_deviation_torso: -0.0058
Mean episode Episode_Reward/joint_deviation_knee: -0.0021
Mean episode Episode_Reward/lin_vel_z_l2: -0.0010
Mean episode Episode_Reward/action_rate_l2: -0.1566
Mean episode Episode_Reward/dof_acc_l2: -0.0015
Mean episode Episode_Reward/dof_torques_l2: -0.0012
Mean episode Metrics/base_velocity/error_vel_xy: 0.0288
Mean episode Metrics/base_velocity/error_vel_yaw: 0.0254
Mean episode Episode_Termination/time_out: 0.0749
Mean episode Episode_Termination/primary_fall: 0.9251
--------------------------------------------------------------------------------
                   Total timesteps: 185856
                    Iteration time: 1.05s
                        Total time: 1357.11s
                               ETA: 115.3s

################################################################################
                     [1m Learning iteration 1210/1302 [0m                     

                       Computation: 1491 steps/s (collection: 0.942s, learning 0.088s)
                     surrogate_loss -0.0402
                         value_loss 0.0159
                            entropy -13.5067
                         total_loss -0.1323
             Mean action noise std: 0.39
                       Mean reward: -2.87
               Mean episode length: 305.65
Mean episode Episode_Reward/termination_penalty: -0.1667
Mean episode Episode_Reward/track_lin_vel_xy_exp: 0.2586
Mean episode Episode_Reward/track_ang_vel_z_exp: 0.3374
Mean episode Episode_Reward/feet_air_time: 0.0011
Mean episode Episode_Reward/feet_slide: -0.0181
Mean episode Episode_Reward/flat_orientation_l2: -0.0080
Mean episode Episode_Reward/stand_still: 0.0000
Mean episode Episode_Reward/dof_pos_limits: -0.0001
Mean episode Episode_Reward/joint_deviation_hip: -0.0200
Mean episode Episode_Reward/joint_deviation_arms: -0.0573
Mean episode Episode_Reward/joint_deviation_torso: -0.0126
Mean episode Episode_Reward/joint_deviation_knee: -0.0059
Mean episode Episode_Reward/lin_vel_z_l2: -0.0015
Mean episode Episode_Reward/action_rate_l2: -0.3758
Mean episode Episode_Reward/dof_acc_l2: -0.0031
Mean episode Episode_Reward/dof_torques_l2: -0.0030
Mean episode Metrics/base_velocity/error_vel_xy: 0.0641
Mean episode Metrics/base_velocity/error_vel_yaw: 0.0585
Mean episode Episode_Termination/time_out: 0.0964
Mean episode Episode_Termination/primary_fall: 0.9036
--------------------------------------------------------------------------------
                   Total timesteps: 187392
                    Iteration time: 1.03s
                        Total time: 1367.54s
                               ETA: 103.9s

################################################################################
                     [1m Learning iteration 1220/1302 [0m                     

                       Computation: 1474 steps/s (collection: 0.945s, learning 0.096s)
                     surrogate_loss -0.0319
                         value_loss 0.0304
                            entropy -13.5976
                         total_loss -0.1103
             Mean action noise std: 0.40
                       Mean reward: -2.81
               Mean episode length: 309.91
Mean episode Episode_Reward/termination_penalty: -0.2000
Mean episode Episode_Reward/track_lin_vel_xy_exp: 0.1103
Mean episode Episode_Reward/track_ang_vel_z_exp: 0.1091
Mean episode Episode_Reward/feet_air_time: 0.0011
Mean episode Episode_Reward/feet_slide: -0.0079
Mean episode Episode_Reward/flat_orientation_l2: -0.0048
Mean episode Episode_Reward/stand_still: 0.0000
Mean episode Episode_Reward/dof_pos_limits: -0.0001
Mean episode Episode_Reward/joint_deviation_hip: -0.0072
Mean episode Episode_Reward/joint_deviation_arms: -0.0195
Mean episode Episode_Reward/joint_deviation_torso: -0.0045
Mean episode Episode_Reward/joint_deviation_knee: -0.0023
Mean episode Episode_Reward/lin_vel_z_l2: -0.0007
Mean episode Episode_Reward/action_rate_l2: -0.1344
Mean episode Episode_Reward/dof_acc_l2: -0.0012
Mean episode Episode_Reward/dof_torques_l2: -0.0009
Mean episode Metrics/base_velocity/error_vel_xy: 0.0200
Mean episode Metrics/base_velocity/error_vel_yaw: 0.0213
Mean episode Episode_Termination/time_out: 0.0827
Mean episode Episode_Termination/primary_fall: 0.9173
--------------------------------------------------------------------------------
                   Total timesteps: 188928
                    Iteration time: 1.04s
                        Total time: 1377.97s
                               ETA: 92.5s

################################################################################
                     [1m Learning iteration 1230/1302 [0m                     

                       Computation: 1481 steps/s (collection: 0.939s, learning 0.097s)
                     surrogate_loss -0.0338
                         value_loss 0.0247
                            entropy -13.7323
                         total_loss -0.1190
             Mean action noise std: 0.40
                       Mean reward: -2.43
               Mean episode length: 369.71
Mean episode Episode_Reward/termination_penalty: -0.0750
Mean episode Episode_Reward/track_lin_vel_xy_exp: 0.3017
Mean episode Episode_Reward/track_ang_vel_z_exp: 0.3727
Mean episode Episode_Reward/feet_air_time: 0.0029
Mean episode Episode_Reward/feet_slide: -0.0211
Mean episode Episode_Reward/flat_orientation_l2: -0.0077
Mean episode Episode_Reward/stand_still: 0.0000
Mean episode Episode_Reward/dof_pos_limits: -0.0002
Mean episode Episode_Reward/joint_deviation_hip: -0.0266
Mean episode Episode_Reward/joint_deviation_arms: -0.0668
Mean episode Episode_Reward/joint_deviation_torso: -0.0143
Mean episode Episode_Reward/joint_deviation_knee: -0.0065
Mean episode Episode_Reward/lin_vel_z_l2: -0.0015
Mean episode Episode_Reward/action_rate_l2: -0.4421
Mean episode Episode_Reward/dof_acc_l2: -0.0039
Mean episode Episode_Reward/dof_torques_l2: -0.0035
Mean episode Metrics/base_velocity/error_vel_xy: 0.0750
Mean episode Metrics/base_velocity/error_vel_yaw: 0.0726
Mean episode Episode_Termination/time_out: 0.1536
Mean episode Episode_Termination/primary_fall: 0.8464
--------------------------------------------------------------------------------
                   Total timesteps: 190464
                    Iteration time: 1.04s
                        Total time: 1388.38s
                               ETA: 81.2s

################################################################################
                     [1m Learning iteration 1240/1302 [0m                     

                       Computation: 1484 steps/s (collection: 0.946s, learning 0.089s)
                     surrogate_loss -0.0313
                         value_loss 0.0247
                            entropy -13.8195
                         total_loss -0.1171
             Mean action noise std: 0.40
                       Mean reward: -2.02
               Mean episode length: 456.61
Mean episode Episode_Reward/termination_penalty: -0.2000
Mean episode Episode_Reward/track_lin_vel_xy_exp: 0.1383
Mean episode Episode_Reward/track_ang_vel_z_exp: 0.1515
Mean episode Episode_Reward/feet_air_time: 0.0006
Mean episode Episode_Reward/feet_slide: -0.0108
Mean episode Episode_Reward/flat_orientation_l2: -0.0077
Mean episode Episode_Reward/stand_still: 0.0000
Mean episode Episode_Reward/dof_pos_limits: -0.0001
Mean episode Episode_Reward/joint_deviation_hip: -0.0111
Mean episode Episode_Reward/joint_deviation_arms: -0.0286
Mean episode Episode_Reward/joint_deviation_torso: -0.0069
Mean episode Episode_Reward/joint_deviation_knee: -0.0045
Mean episode Episode_Reward/lin_vel_z_l2: -0.0012
Mean episode Episode_Reward/action_rate_l2: -0.1874
Mean episode Episode_Reward/dof_acc_l2: -0.0015
Mean episode Episode_Reward/dof_torques_l2: -0.0015
Mean episode Metrics/base_velocity/error_vel_xy: 0.0320
Mean episode Metrics/base_velocity/error_vel_yaw: 0.0308
Mean episode Episode_Termination/time_out: 0.1875
Mean episode Episode_Termination/primary_fall: 0.8125
--------------------------------------------------------------------------------
                   Total timesteps: 192000
                    Iteration time: 1.03s
                        Total time: 1398.86s
                               ETA: 69.9s

################################################################################
                     [1m Learning iteration 1250/1302 [0m                     

                       Computation: 1476 steps/s (collection: 0.948s, learning 0.093s)
                     surrogate_loss -0.0452
                         value_loss 0.0131
                            entropy -13.8725
                         total_loss -0.1430
             Mean action noise std: 0.40
                       Mean reward: -1.61
               Mean episode length: 526.73
Mean episode Episode_Reward/termination_penalty: -0.1500
Mean episode Episode_Reward/track_lin_vel_xy_exp: 0.1477
Mean episode Episode_Reward/track_ang_vel_z_exp: 0.1975
Mean episode Episode_Reward/feet_air_time: 0.0013
Mean episode Episode_Reward/feet_slide: -0.0100
Mean episode Episode_Reward/flat_orientation_l2: -0.0071
Mean episode Episode_Reward/stand_still: 0.0000
Mean episode Episode_Reward/dof_pos_limits: -0.0001
Mean episode Episode_Reward/joint_deviation_hip: -0.0128
Mean episode Episode_Reward/joint_deviation_arms: -0.0340
Mean episode Episode_Reward/joint_deviation_torso: -0.0088
Mean episode Episode_Reward/joint_deviation_knee: -0.0042
Mean episode Episode_Reward/lin_vel_z_l2: -0.0011
Mean episode Episode_Reward/action_rate_l2: -0.2265
Mean episode Episode_Reward/dof_acc_l2: -0.0017
Mean episode Episode_Reward/dof_torques_l2: -0.0018
Mean episode Metrics/base_velocity/error_vel_xy: 0.0410
Mean episode Metrics/base_velocity/error_vel_yaw: 0.0346
Mean episode Episode_Termination/time_out: 0.2643
Mean episode Episode_Termination/primary_fall: 0.7357
--------------------------------------------------------------------------------
                   Total timesteps: 193536
                    Iteration time: 1.04s
                        Total time: 1409.28s
                               ETA: 58.6s

################################################################################
                     [1m Learning iteration 1260/1302 [0m                     

                       Computation: 1473 steps/s (collection: 0.948s, learning 0.095s)
                     surrogate_loss -0.0401
                         value_loss 0.0683
                            entropy -13.9198
                         total_loss -0.0831
             Mean action noise std: 0.40
                       Mean reward: -1.87
               Mean episode length: 477.53
Mean episode Episode_Reward/termination_penalty: -0.1583
Mean episode Episode_Reward/track_lin_vel_xy_exp: 0.2916
Mean episode Episode_Reward/track_ang_vel_z_exp: 0.3588
Mean episode Episode_Reward/feet_air_time: 0.0012
Mean episode Episode_Reward/feet_slide: -0.0201
Mean episode Episode_Reward/flat_orientation_l2: -0.0135
Mean episode Episode_Reward/stand_still: 0.0000
Mean episode Episode_Reward/dof_pos_limits: -0.0002
Mean episode Episode_Reward/joint_deviation_hip: -0.0237
Mean episode Episode_Reward/joint_deviation_arms: -0.0606
Mean episode Episode_Reward/joint_deviation_torso: -0.0155
Mean episode Episode_Reward/joint_deviation_knee: -0.0068
Mean episode Episode_Reward/lin_vel_z_l2: -0.0014
Mean episode Episode_Reward/action_rate_l2: -0.4036
Mean episode Episode_Reward/dof_acc_l2: -0.0033
Mean episode Episode_Reward/dof_torques_l2: -0.0032
Mean episode Metrics/base_velocity/error_vel_xy: 0.0652
Mean episode Metrics/base_velocity/error_vel_yaw: 0.0614
Mean episode Episode_Termination/time_out: 0.2285
Mean episode Episode_Termination/primary_fall: 0.7715
--------------------------------------------------------------------------------
                   Total timesteps: 195072
                    Iteration time: 1.04s
                        Total time: 1419.70s
                               ETA: 47.3s

################################################################################
                     [1m Learning iteration 1270/1302 [0m                     

                       Computation: 1466 steps/s (collection: 0.953s, learning 0.095s)
                     surrogate_loss -0.0389
                         value_loss 0.0514
                            entropy -14.0154
                         total_loss -0.0996
             Mean action noise std: 0.40
                       Mean reward: -2.64
               Mean episode length: 384.37
Mean episode Episode_Reward/termination_penalty: -0.2000
Mean episode Episode_Reward/track_lin_vel_xy_exp: 0.0330
Mean episode Episode_Reward/track_ang_vel_z_exp: 0.0432
Mean episode Episode_Reward/feet_air_time: 0.0022
Mean episode Episode_Reward/feet_slide: -0.0036
Mean episode Episode_Reward/flat_orientation_l2: -0.0049
Mean episode Episode_Reward/stand_still: 0.0000
Mean episode Episode_Reward/dof_pos_limits: -0.0001
Mean episode Episode_Reward/joint_deviation_hip: -0.0030
Mean episode Episode_Reward/joint_deviation_arms: -0.0093
Mean episode Episode_Reward/joint_deviation_torso: -0.0024
Mean episode Episode_Reward/joint_deviation_knee: -0.0008
Mean episode Episode_Reward/lin_vel_z_l2: -0.0007
Mean episode Episode_Reward/action_rate_l2: -0.0588
Mean episode Episode_Reward/dof_acc_l2: -0.0007
Mean episode Episode_Reward/dof_torques_l2: -0.0005
Mean episode Metrics/base_velocity/error_vel_xy: 0.0123
Mean episode Metrics/base_velocity/error_vel_yaw: 0.0088
Mean episode Episode_Termination/time_out: 0.2344
Mean episode Episode_Termination/primary_fall: 0.7656
--------------------------------------------------------------------------------
                   Total timesteps: 196608
                    Iteration time: 1.05s
                        Total time: 1430.22s
                               ETA: 36.0s

################################################################################
                     [1m Learning iteration 1280/1302 [0m                     

                       Computation: 1500 steps/s (collection: 0.934s, learning 0.090s)
                     surrogate_loss -0.0411
                         value_loss 0.0175
                            entropy -14.0669
                         total_loss -0.1361
             Mean action noise std: 0.40
                       Mean reward: -2.84
               Mean episode length: 370.04
Mean episode Episode_Reward/termination_penalty: -0.1917
Mean episode Episode_Reward/track_lin_vel_xy_exp: 0.0496
Mean episode Episode_Reward/track_ang_vel_z_exp: 0.0588
Mean episode Episode_Reward/feet_air_time: 0.0008
Mean episode Episode_Reward/feet_slide: -0.0044
Mean episode Episode_Reward/flat_orientation_l2: -0.0034
Mean episode Episode_Reward/stand_still: 0.0000
Mean episode Episode_Reward/dof_pos_limits: -0.0000
Mean episode Episode_Reward/joint_deviation_hip: -0.0039
Mean episode Episode_Reward/joint_deviation_arms: -0.0119
Mean episode Episode_Reward/joint_deviation_torso: -0.0031
Mean episode Episode_Reward/joint_deviation_knee: -0.0009
Mean episode Episode_Reward/lin_vel_z_l2: -0.0008
Mean episode Episode_Reward/action_rate_l2: -0.0746
Mean episode Episode_Reward/dof_acc_l2: -0.0006
Mean episode Episode_Reward/dof_torques_l2: -0.0006
Mean episode Metrics/base_velocity/error_vel_xy: 0.0131
Mean episode Metrics/base_velocity/error_vel_yaw: 0.0110
Mean episode Episode_Termination/time_out: 0.1426
Mean episode Episode_Termination/primary_fall: 0.8574
--------------------------------------------------------------------------------
                   Total timesteps: 198144
                    Iteration time: 1.02s
                        Total time: 1440.64s
                               ETA: 24.7s

################################################################################
                     [1m Learning iteration 1290/1302 [0m                     

                       Computation: 1455 steps/s (collection: 0.954s, learning 0.101s)
                     surrogate_loss -0.0435
                         value_loss 0.0269
                            entropy -14.0805
                         total_loss -0.1292
             Mean action noise std: 0.40
                       Mean reward: -2.64
               Mean episode length: 385.92
Mean episode Episode_Reward/termination_penalty: -0.1250
Mean episode Episode_Reward/track_lin_vel_xy_exp: 0.1881
Mean episode Episode_Reward/track_ang_vel_z_exp: 0.2244
Mean episode Episode_Reward/feet_air_time: 0.0010
Mean episode Episode_Reward/feet_slide: -0.0130
Mean episode Episode_Reward/flat_orientation_l2: -0.0066
Mean episode Episode_Reward/stand_still: 0.0000
Mean episode Episode_Reward/dof_pos_limits: -0.0001
Mean episode Episode_Reward/joint_deviation_hip: -0.0132
Mean episode Episode_Reward/joint_deviation_arms: -0.0404
Mean episode Episode_Reward/joint_deviation_torso: -0.0095
Mean episode Episode_Reward/joint_deviation_knee: -0.0033
Mean episode Episode_Reward/lin_vel_z_l2: -0.0010
Mean episode Episode_Reward/action_rate_l2: -0.2571
Mean episode Episode_Reward/dof_acc_l2: -0.0024
Mean episode Episode_Reward/dof_torques_l2: -0.0021
Mean episode Metrics/base_velocity/error_vel_xy: 0.0404
Mean episode Metrics/base_velocity/error_vel_yaw: 0.0385
Mean episode Episode_Termination/time_out: 0.1204
Mean episode Episode_Termination/primary_fall: 0.8796
--------------------------------------------------------------------------------
                   Total timesteps: 199680
                    Iteration time: 1.06s
                        Total time: 1451.05s
                               ETA: 13.5s

################################################################################
                     [1m Learning iteration 1300/1302 [0m                     

                       Computation: 1460 steps/s (collection: 0.954s, learning 0.097s)
                     surrogate_loss -0.0380
                         value_loss 0.0382
                            entropy -14.2338
                         total_loss -0.1137
             Mean action noise std: 0.41
                       Mean reward: -2.34
               Mean episode length: 420.49
Mean episode Episode_Reward/termination_penalty: -0.2000
Mean episode Episode_Reward/track_lin_vel_xy_exp: 0.1049
Mean episode Episode_Reward/track_ang_vel_z_exp: 0.1161
Mean episode Episode_Reward/feet_air_time: 0.0013
Mean episode Episode_Reward/feet_slide: -0.0080
Mean episode Episode_Reward/flat_orientation_l2: -0.0057
Mean episode Episode_Reward/stand_still: 0.0000
Mean episode Episode_Reward/dof_pos_limits: -0.0003
Mean episode Episode_Reward/joint_deviation_hip: -0.0070
Mean episode Episode_Reward/joint_deviation_arms: -0.0244
Mean episode Episode_Reward/joint_deviation_torso: -0.0053
Mean episode Episode_Reward/joint_deviation_knee: -0.0017
Mean episode Episode_Reward/lin_vel_z_l2: -0.0009
Mean episode Episode_Reward/action_rate_l2: -0.1482
Mean episode Episode_Reward/dof_acc_l2: -0.0016
Mean episode Episode_Reward/dof_torques_l2: -0.0011
Mean episode Metrics/base_velocity/error_vel_xy: 0.0229
Mean episode Metrics/base_velocity/error_vel_yaw: 0.0218
Mean episode Episode_Termination/time_out: 0.1257
Mean episode Episode_Termination/primary_fall: 0.8743
--------------------------------------------------------------------------------
                   Total timesteps: 201216
                    Iteration time: 1.05s
                        Total time: 1461.55s
                               ETA: 2.2s

