controller,action_mode,case_id,control_step,physics_step,contact_time_s,link_a,link_b,contact_force_N,contact_points,self_collision,primary_fall,classification
zero,legacy_raw,0,3,12,0.06,left_ankle_roll_link,unconfirmed,424.9212646484375,[],False,False,unconfirmed_gpu_filter
zero,legacy_raw,0,3,12,0.06,right_ankle_roll_link,unconfirmed,425.48248291015625,[],False,False,unconfirmed_gpu_filter
zero,legacy_raw,1,3,12,0.06,left_ankle_roll_link,unconfirmed,424.9212646484375,[],False,False,unconfirmed_gpu_filter
zero,legacy_raw,1,3,12,0.06,right_ankle_roll_link,unconfirmed,425.48248291015625,[],False,False,unconfirmed_gpu_filter
zero,legacy_raw,2,3,12,0.06,left_ankle_roll_link,unconfirmed,424.91253662109375,[],False,False,unconfirmed_gpu_filter
zero,legacy_raw,2,3,12,0.06,right_ankle_roll_link,unconfirmed,425.47479248046875,[],False,False,unconfirmed_gpu_filter
zero,legacy_raw,3,3,12,0.06,left_ankle_roll_link,unconfirmed,424.91253662109375,[],False,False,unconfirmed_gpu_filter
zero,legacy_raw,3,3,12,0.06,right_ankle_roll_link,unconfirmed,425.47479248046875,[],False,False,unconfirmed_gpu_filter
zero,legacy_raw,4,3,12,0.06,left_ankle_roll_link,unconfirmed,424.9077453613281,[],False,False,unconfirmed_gpu_filter
zero,legacy_raw,4,3,12,0.06,right_ankle_roll_link,unconfirmed,425.4706115722656,[],False,False,unconfirmed_gpu_filter
zero,legacy_raw,5,3,12,0.06,left_ankle_roll_link,unconfirmed,424.9077453613281,[],False,False,unconfirmed_gpu_filter
zero,legacy_raw,5,3,12,0.06,right_ankle_roll_link,unconfirmed,425.47064208984375,[],False,False,unconfirmed_gpu_filter
zero,legacy_raw,6,3,12,0.06,left_ankle_roll_link,unconfirmed,424.90380859375,[],False,False,unconfirmed_gpu_filter
zero,legacy_raw,6,3,12,0.06,right_ankle_roll_link,unconfirmed,425.46429443359375,[],False,False,unconfirmed_gpu_filter
zero,legacy_raw,7,3,12,0.06,left_ankle_roll_link,unconfirmed,424.90380859375,[],False,False,unconfirmed_gpu_filter
zero,legacy_raw,7,3,12,0.06,right_ankle_roll_link,unconfirmed,425.46429443359375,[],False,False,unconfirmed_gpu_filter
zero,legacy_raw,0,4,16,0.08,left_ankle_roll_link,unconfirmed,235.263427734375,[],False,False,unconfirmed_gpu_filter
zero,legacy_raw,0,4,16,0.08,right_ankle_roll_link,unconfirmed,235.81520080566406,[],False,False,unconfirmed_gpu_filter
zero,legacy_raw,1,4,16,0.08,left_ankle_roll_link,unconfirmed,235.2652587890625,[],False,False,unconfirmed_gpu_filter
zero,legacy_raw,1,4,16,0.08,right_ankle_roll_link,unconfirmed,235.81857299804688,[],False,False,unconfirmed_gpu_filter
zero,legacy_raw,2,4,16,0.08,left_ankle_roll_link,unconfirmed,235.18392944335938,[],False,False,unconfirmed_gpu_filter
zero,legacy_raw,2,4,16,0.08,right_ankle_roll_link,unconfirmed,235.8818359375,[],False,False,unconfirmed_gpu_filter
zero,legacy_raw,3,4,16,0.08,left_ankle_roll_link,unconfirmed,235.18460083007812,[],False,False,unconfirmed_gpu_filter
zero,legacy_raw,3,4,16,0.08,right_ankle_roll_link,unconfirmed,235.8845672607422,[],False,False,unconfirmed_gpu_filter
zero,legacy_raw,4,4,16,0.08,left_ankle_roll_link,unconfirmed,235.1978759765625,[],False,False,unconfirmed_gpu_filter
zero,legacy_raw,4,4,16,0.08,right_ankle_roll_link,unconfirmed,235.87295532226562,[],False,False,unconfirmed_gpu_filter
zero,legacy_raw,5,4,16,0.08,left_ankle_roll_link,unconfirmed,235.1978759765625,[],False,False,unconfirmed_gpu_filter
zero,legacy_raw,5,4,16,0.08,right_ankle_roll_link,unconfirmed,235.87295532226562,[],False,False,unconfirmed_gpu_filter
zero,legacy_raw,6,4,16,0.08,left_ankle_roll_link,unconfirmed,235.21731567382812,[],False,False,unconfirmed_gpu_filter
zero,legacy_raw,6,4,16,0.08,right_ankle_roll_link,unconfirmed,235.89706420898438,[],False,False,unconfirmed_gpu_filter
zero,legacy_raw,7,4,16,0.08,left_ankle_roll_link,unconfirmed,235.21798706054688,[],False,False,unconfirmed_gpu_filter
zero,legacy_raw,7,4,16,0.08,right_ankle_roll_link,unconfirmed,235.89984130859375,[],False,False,unconfirmed_gpu_filter
zero,legacy_raw,0,5,20,0.1,left_ankle_roll_link,unconfirmed,218.05982971191406,[],False,False,unconfirmed_gpu_filter
zero,legacy_raw,0,5,20,0.1,right_ankle_roll_link,unconfirmed,219.1703643798828,[],False,False,unconfirmed_gpu_filter
zero,legacy_raw,1,5,20,0.1,left_ankle_roll_link,unconfirmed,217.06768798828125,[],False,False,unconfirmed_gpu_filter
zero,legacy_raw,1,5,20,0.1,right_ankle_roll_link,unconfirmed,219.08953857421875,[],False,False,unconfirmed_gpu_filter
zero,legacy_raw,2,5,20,0.1,left_ankle_roll_link,unconfirmed,217.48068237304688,[],False,False,unconfirmed_gpu_filter
zero,legacy_raw,2,5,20,0.1,right_ankle_roll_link,unconfirmed,219.1500701904297,[],False,False,unconfirmed_gpu_filter
zero,legacy_raw,3,5,20,0.1,left_ankle_roll_link,unconfirmed,217.46783447265625,[],False,False,unconfirmed_gpu_filter
zero,legacy_raw,3,5,20,0.1,right_ankle_roll_link,unconfirmed,219.130859375,[],False,False,unconfirmed_gpu_filter
zero,legacy_raw,4,5,20,0.1,left_ankle_roll_link,unconfirmed,218.0175323486328,[],False,False,unconfirmed_gpu_filter
zero,legacy_raw,4,5,20,0.1,right_ankle_roll_link,unconfirmed,219.1234893798828,[],False,False,unconfirmed_gpu_filter
zero,legacy_raw,5,5,20,0.1,left_ankle_roll_link,unconfirmed,218.06219482421875,[],False,False,unconfirmed_gpu_filter
zero,legacy_raw,5,5,20,0.1,right_ankle_roll_link,unconfirmed,219.19908142089844,[],False,False,unconfirmed_gpu_filter
zero,legacy_raw,6,5,20,0.1,left_ankle_roll_link,unconfirmed,217.43258666992188,[],False,False,unconfirmed_gpu_filter
zero,legacy_raw,6,5,20,0.1,right_ankle_roll_link,unconfirmed,219.01123046875,[],False,False,unconfirmed_gpu_filter
zero,legacy_raw,7,5,20,0.1,left_ankle_roll_link,unconfirmed,218.07708740234375,[],False,False,unconfirmed_gpu_filter
zero,legacy_raw,7,5,20,0.1,right_ankle_roll_link,unconfirmed,219.2053680419922,[],False,False,unconfirmed_gpu_filter
zero,legacy_raw,0,6,24,0.12,left_ankle_roll_link,unconfirmed,206.4864959716797,[],False,False,unconfirmed_gpu_filter
zero,legacy_raw,0,6,24,0.12,right_ankle_roll_link,unconfirmed,207.37405395507812,[],False,False,unconfirmed_gpu_filter
zero,legacy_raw,1,6,24,0.12,left_ankle_roll_link,unconfirmed,206.54275512695312,[],False,False,unconfirmed_gpu_filter
zero,legacy_raw,1,6,24,0.12,right_ankle_roll_link,unconfirmed,207.455078125,[],False,False,unconfirmed_gpu_filter
zero,legacy_raw,2,6,24,0.12,left_ankle_roll_link,unconfirmed,206.56146240234375,[],False,False,unconfirmed_gpu_filter
zero,legacy_raw,2,6,24,0.12,right_ankle_roll_link,unconfirmed,207.4662628173828,[],False,False,unconfirmed_gpu_filter
zero,legacy_raw,3,6,24,0.12,left_ankle_roll_link,unconfirmed,206.54257202148438,[],False,False,unconfirmed_gpu_filter
zero,legacy_raw,3,6,24,0.12,right_ankle_roll_link,unconfirmed,207.4996795654297,[],False,False,unconfirmed_gpu_filter
zero,legacy_raw,4,6,24,0.12,left_ankle_roll_link,unconfirmed,206.61912536621094,[],False,False,unconfirmed_gpu_filter
zero,legacy_raw,4,6,24,0.12,right_ankle_roll_link,unconfirmed,207.4533233642578,[],False,False,unconfirmed_gpu_filter
zero,legacy_raw,5,6,24,0.12,left_ankle_roll_link,unconfirmed,206.5503387451172,[],False,False,unconfirmed_gpu_filter
zero,legacy_raw,5,6,24,0.12,right_ankle_roll_link,unconfirmed,207.49725341796875,[],False,False,unconfirmed_gpu_filter
zero,legacy_raw,6,6,24,0.12,left_ankle_roll_link,unconfirmed,206.60037231445312,[],False,False,unconfirmed_gpu_filter
zero,legacy_raw,6,6,24,0.12,right_ankle_roll_link,unconfirmed,207.55381774902344,[],False,False,unconfirmed_gpu_filter
zero,legacy_raw,7,6,24,0.12,left_ankle_roll_link,unconfirmed,206.54087829589844,[],False,False,unconfirmed_gpu_filter
zero,legacy_raw,7,6,24,0.12,right_ankle_roll_link,unconfirmed,207.54537963867188,[],False,False,unconfirmed_gpu_filter
zero,legacy_raw,0,7,28,0.14,left_ankle_roll_link,unconfirmed,197.8363037109375,[],False,False,unconfirmed_gpu_filter
zero,legacy_raw,0,7,28,0.14,right_ankle_roll_link,unconfirmed,198.665771484375,[],False,False,unconfirmed_gpu_filter
zero,legacy_raw,1,7,28,0.14,left_ankle_roll_link,unconfirmed,197.84449768066406,[],False,False,unconfirmed_gpu_filter
zero,legacy_raw,1,7,28,0.14,right_ankle_roll_link,unconfirmed,198.6799774169922,[],False,False,unconfirmed_gpu_filter
zero,legacy_raw,2,7,28,0.14,left_ankle_roll_link,unconfirmed,197.8258056640625,[],False,False,unconfirmed_gpu_filter
zero,legacy_raw,2,7,28,0.14,right_ankle_roll_link,unconfirmed,198.68435668945312,[],False,False,unconfirmed_gpu_filter
zero,legacy_raw,3,7,28,0.14,left_ankle_roll_link,unconfirmed,197.87725830078125,[],False,False,unconfirmed_gpu_filter
zero,legacy_raw,3,7,28,0.14,right_ankle_roll_link,unconfirmed,198.6909942626953,[],False,False,unconfirmed_gpu_filter
zero,legacy_raw,4,7,28,0.14,left_ankle_roll_link,unconfirmed,197.834228515625,[],False,False,unconfirmed_gpu_filter
zero,legacy_raw,4,7,28,0.14,right_ankle_roll_link,unconfirmed,198.6407928466797,[],False,False,unconfirmed_gpu_filter
zero,legacy_raw,5,7,28,0.14,left_ankle_roll_link,unconfirmed,197.91026306152344,[],False,False,unconfirmed_gpu_filter
zero,legacy_raw,5,7,28,0.14,right_ankle_roll_link,unconfirmed,198.6423797607422,[],False,False,unconfirmed_gpu_filter
zero,legacy_raw,6,7,28,0.14,left_ankle_roll_link,unconfirmed,197.83059692382812,[],False,False,unconfirmed_gpu_filter
zero,legacy_raw,6,7,28,0.14,right_ankle_roll_link,unconfirmed,198.65151977539062,[],False,False,unconfirmed_gpu_filter
zero,legacy_raw,7,7,28,0.14,left_ankle_roll_link,unconfirmed,197.9521942138672,[],False,False,unconfirmed_gpu_filter
zero,legacy_raw,7,7,28,0.14,right_ankle_roll_link,unconfirmed,198.67437744140625,[],False,False,unconfirmed_gpu_filter
zero,legacy_raw,0,8,32,0.16,left_ankle_roll_link,unconfirmed,190.29705810546875,[],False,False,unconfirmed_gpu_filter
zero,legacy_raw,0,8,32,0.16,right_ankle_roll_link,unconfirmed,190.73513793945312,[],False,False,unconfirmed_gpu_filter
zero,legacy_raw,1,8,32,0.16,left_ankle_roll_link,unconfirmed,190.3990478515625,[],False,False,unconfirmed_gpu_filter
zero,legacy_raw,1,8,32,0.16,right_ankle_roll_link,unconfirmed,191.06146240234375,[],False,False,unconfirmed_gpu_filter
zero,legacy_raw,2,8,32,0.16,left_ankle_roll_link,unconfirmed,190.21694946289062,[],False,False,unconfirmed_gpu_filter
zero,legacy_raw,2,8,32,0.16,right_ankle_roll_link,unconfirmed,190.92359924316406,[],False,False,unconfirmed_gpu_filter
zero,legacy_raw,3,8,32,0.16,left_ankle_roll_link,unconfirmed,190.2572021484375,[],False,False,unconfirmed_gpu_filter
zero,legacy_raw,3,8,32,0.16,right_ankle_roll_link,unconfirmed,190.96058654785156,[],False,False,unconfirmed_gpu_filter
zero,legacy_raw,4,8,32,0.16,left_ankle_roll_link,unconfirmed,190.21958923339844,[],False,False,unconfirmed_gpu_filter
zero,legacy_raw,4,8,32,0.16,right_ankle_roll_link,unconfirmed,190.94544982910156,[],False,False,unconfirmed_gpu_filter
zero,legacy_raw,5,8,32,0.16,left_ankle_roll_link,unconfirmed,190.26934814453125,[],False,False,unconfirmed_gpu_filter
zero,legacy_raw,5,8,32,0.16,right_ankle_roll_link,unconfirmed,190.94056701660156,[],False,False,unconfirmed_gpu_filter
zero,legacy_raw,6,8,32,0.16,left_ankle_roll_link,unconfirmed,190.2425079345703,[],False,False,unconfirmed_gpu_filter
zero,legacy_raw,6,8,32,0.16,right_ankle_roll_link,unconfirmed,190.8964080810547,[],False,False,unconfirmed_gpu_filter
zero,legacy_raw,7,8,32,0.16,left_ankle_roll_link,unconfirmed,190.27426147460938,[],False,False,unconfirmed_gpu_filter
zero,legacy_raw,7,8,32,0.16,right_ankle_roll_link,unconfirmed,190.9609375,[],False,False,unconfirmed_gpu_filter
zero,legacy_raw,0,9,36,0.18,left_ankle_roll_link,unconfirmed,183.581787109375,[],False,False,unconfirmed_gpu_filter
zero,legacy_raw,0,9,36,0.18,right_ankle_roll_link,unconfirmed,184.0647735595703,[],False,False,unconfirmed_gpu_filter
zero,legacy_raw,1,9,36,0.18,left_ankle_roll_link,unconfirmed,183.49822998046875,[],False,False,unconfirmed_gpu_filter
zero,legacy_raw,1,9,36,0.18,right_ankle_roll_link,unconfirmed,184.157958984375,[],False,False,unconfirmed_gpu_filter
zero,legacy_raw,2,9,36,0.18,left_ankle_roll_link,unconfirmed,183.50706481933594,[],False,False,unconfirmed_gpu_filter
zero,legacy_raw,2,9,36,0.18,right_ankle_roll_link,unconfirmed,184.09024047851562,[],False,False,unconfirmed_gpu_filter
zero,legacy_raw,3,9,36,0.18,left_ankle_roll_link,unconfirmed,183.51681518554688,[],False,False,unconfirmed_gpu_filter
zero,legacy_raw,3,9,36,0.18,right_ankle_roll_link,unconfirmed,184.10984802246094,[],False,False,unconfirmed_gpu_filter
zero,legacy_raw,4,9,36,0.18,left_ankle_roll_link,unconfirmed,183.54444885253906,[],False,False,unconfirmed_gpu_filter
zero,legacy_raw,4,9,36,0.18,right_ankle_roll_link,unconfirmed,184.1463165283203,[],False,False,unconfirmed_gpu_filter
zero,legacy_raw,5,9,36,0.18,left_ankle_roll_link,unconfirmed,183.5172576904297,[],False,False,unconfirmed_gpu_filter
zero,legacy_raw,5,9,36,0.18,right_ankle_roll_link,unconfirmed,184.13558959960938,[],False,False,unconfirmed_gpu_filter
zero,legacy_raw,6,9,36,0.18,left_ankle_roll_link,unconfirmed,183.46656799316406,[],False,False,unconfirmed_gpu_filter
zero,legacy_raw,6,9,36,0.18,right_ankle_roll_link,unconfirmed,184.1916961669922,[],False,False,unconfirmed_gpu_filter
zero,legacy_raw,7,9,36,0.18,left_ankle_roll_link,unconfirmed,183.48599243164062,[],False,False,unconfirmed_gpu_filter
zero,legacy_raw,7,9,36,0.18,right_ankle_roll_link,unconfirmed,184.19985961914062,[],False,False,unconfirmed_gpu_filter
zero,legacy_raw,0,10,40,0.2,left_ankle_roll_link,unconfirmed,177.69400024414062,[],False,False,unconfirmed_gpu_filter
zero,legacy_raw,0,10,40,0.2,right_ankle_roll_link,unconfirmed,178.22543334960938,[],False,False,unconfirmed_gpu_filter
zero,legacy_raw,1,10,40,0.2,left_ankle_roll_link,unconfirmed,177.84860229492188,[],False,False,unconfirmed_gpu_filter
zero,legacy_raw,1,10,40,0.2,right_ankle_roll_link,unconfirmed,178.21749877929688,[],False,False,unconfirmed_gpu_filter
zero,legacy_raw,2,10,40,0.2,left_ankle_roll_link,unconfirmed,177.61697387695312,[],False,False,unconfirmed_gpu_filter
zero,legacy_raw,2,10,40,0.2,right_ankle_roll_link,unconfirmed,178.1715087890625,[],False,False,unconfirmed_gpu_filter
zero,legacy_raw,3,10,40,0.2,left_ankle_roll_link,unconfirmed,177.6893310546875,[],False,False,unconfirmed_gpu_filter
zero,legacy_raw,3,10,40,0.2,right_ankle_roll_link,unconfirmed,178.23973083496094,[],False,False,unconfirmed_gpu_filter
zero,legacy_raw,4,10,40,0.2,left_ankle_roll_link,unconfirmed,177.769287109375,[],False,False,unconfirmed_gpu_filter
zero,legacy_raw,4,10,40,0.2,right_ankle_roll_link,unconfirmed,178.26007080078125,[],False,False,unconfirmed_gpu_filter
zero,legacy_raw,5,10,40,0.2,left_ankle_roll_link,unconfirmed,177.72789001464844,[],False,False,unconfirmed_gpu_filter
zero,legacy_raw,5,10,40,0.2,right_ankle_roll_link,unconfirmed,178.31451416015625,[],False,False,unconfirmed_gpu_filter
zero,legacy_raw,6,10,40,0.2,left_ankle_roll_link,unconfirmed,177.67459106445312,[],False,False,unconfirmed_gpu_filter
zero,legacy_raw,6,10,40,0.2,right_ankle_roll_link,unconfirmed,178.17205810546875,[],False,False,unconfirmed_gpu_filter
zero,legacy_raw,7,10,40,0.2,left_ankle_roll_link,unconfirmed,177.7283477783203,[],False,False,unconfirmed_gpu_filter
zero,legacy_raw,7,10,40,0.2,right_ankle_roll_link,unconfirmed,178.18043518066406,[],False,False,unconfirmed_gpu_filter
zero,legacy_raw,0,11,44,0.22,left_ankle_roll_link,unconfirmed,172.9342803955078,[],False,False,unconfirmed_gpu_filter
zero,legacy_raw,0,11,44,0.22,right_ankle_roll_link,unconfirmed,173.3651580810547,[],False,False,unconfirmed_gpu_filter
zero,legacy_raw,1,11,44,0.22,left_ankle_roll_link,unconfirmed,173.0363006591797,[],False,False,unconfirmed_gpu_filter
zero,legacy_raw,1,11,44,0.22,right_ankle_roll_link,unconfirmed,173.64926147460938,[],False,False,unconfirmed_gpu_filter
zero,legacy_raw,2,11,44,0.22,left_ankle_roll_link,unconfirmed,172.96237182617188,[],False,False,unconfirmed_gpu_filter
zero,legacy_raw,2,11,44,0.22,right_ankle_roll_link,unconfirmed,173.42642211914062,[],False,False,unconfirmed_gpu_filter
zero,legacy_raw,3,11,44,0.22,left_ankle_roll_link,unconfirmed,173.070556640625,[],False,False,unconfirmed_gpu_filter
zero,legacy_raw,3,11,44,0.22,right_ankle_roll_link,unconfirmed,173.44024658203125,[],False,False,unconfirmed_gpu_filter
zero,legacy_raw,4,11,44,0.22,left_ankle_roll_link,unconfirmed,172.89117431640625,[],False,False,unconfirmed_gpu_filter
zero,legacy_raw,4,11,44,0.22,right_ankle_roll_link,unconfirmed,173.545166015625,[],False,False,unconfirmed_gpu_filter
zero,legacy_raw,5,11,44,0.22,left_ankle_roll_link,unconfirmed,173.03704833984375,[],False,False,unconfirmed_gpu_filter
zero,legacy_raw,5,11,44,0.22,right_ankle_roll_link,unconfirmed,173.4578399658203,[],False,False,unconfirmed_gpu_filter
zero,legacy_raw,6,11,44,0.22,left_ankle_roll_link,unconfirmed,172.8262939453125,[],False,False,unconfirmed_gpu_filter
zero,legacy_raw,6,11,44,0.22,right_ankle_roll_link,unconfirmed,173.503662109375,[],False,False,unconfirmed_gpu_filter
zero,legacy_raw,7,11,44,0.22,left_ankle_roll_link,unconfirmed,173.06790161132812,[],False,False,unconfirmed_gpu_filter
zero,legacy_raw,7,11,44,0.22,right_ankle_roll_link,unconfirmed,173.59686279296875,[],False,False,unconfirmed_gpu_filter
zero,legacy_raw,0,12,48,0.24,left_wrist_yaw_link,unconfirmed,3.329902410507202,[],False,False,unconfirmed_gpu_filter
zero,legacy_raw,0,12,48,0.24,right_wrist_yaw_link,unconfirmed,20.555213928222656,[],False,False,unconfirmed_gpu_filter
zero,legacy_raw,0,12,48,0.24,left_hip_roll_link,unconfirmed,3.329902410507202,[],False,False,unconfirmed_gpu_filter
zero,legacy_raw,0,12,48,0.24,left_ankle_roll_link,unconfirmed,172.5294647216797,[],False,False,unconfirmed_gpu_filter
zero,legacy_raw,0,12,48,0.24,right_hip_roll_link,unconfirmed,20.555213928222656,[],False,False,unconfirmed_gpu_filter
zero,legacy_raw,0,12,48,0.24,right_ankle_roll_link,unconfirmed,172.4935760498047,[],False,False,unconfirmed_gpu_filter
zero,legacy_raw,1,12,48,0.24,left_wrist_yaw_link,unconfirmed,3.328831672668457,[],False,False,unconfirmed_gpu_filter
zero,legacy_raw,1,12,48,0.24,right_wrist_yaw_link,unconfirmed,20.568082809448242,[],False,False,unconfirmed_gpu_filter
zero,legacy_raw,1,12,48,0.24,left_hip_roll_link,unconfirmed,3.328831672668457,[],False,False,unconfirmed_gpu_filter
zero,legacy_raw,1,12,48,0.24,left_ankle_roll_link,unconfirmed,172.9583740234375,[],False,False,unconfirmed_gpu_filter
zero,legacy_raw,1,12,48,0.24,right_hip_roll_link,unconfirmed,20.568082809448242,[],False,False,unconfirmed_gpu_filter
zero,legacy_raw,1,12,48,0.24,right_ankle_roll_link,unconfirmed,172.91111755371094,[],False,False,unconfirmed_gpu_filter
zero,legacy_raw,2,12,48,0.24,left_wrist_yaw_link,unconfirmed,3.331538438796997,[],False,False,unconfirmed_gpu_filter
zero,legacy_raw,2,12,48,0.24,right_wrist_yaw_link,unconfirmed,20.52968978881836,[],False,False,unconfirmed_gpu_filter
zero,legacy_raw,2,12,48,0.24,left_hip_roll_link,unconfirmed,3.331538438796997,[],False,False,unconfirmed_gpu_filter
zero,legacy_raw,2,12,48,0.24,left_ankle_roll_link,unconfirmed,172.87196350097656,[],False,False,unconfirmed_gpu_filter
zero,legacy_raw,2,12,48,0.24,right_hip_roll_link,unconfirmed,20.52968978881836,[],False,False,unconfirmed_gpu_filter
zero,legacy_raw,2,12,48,0.24,right_ankle_roll_link,unconfirmed,172.55816650390625,[],False,False,unconfirmed_gpu_filter
zero,legacy_raw,3,12,48,0.24,left_wrist_yaw_link,unconfirmed,3.326835870742798,[],False,False,unconfirmed_gpu_filter
zero,legacy_raw,3,12,48,0.24,right_wrist_yaw_link,unconfirmed,20.541828155517578,[],False,False,unconfirmed_gpu_filter
zero,legacy_raw,3,12,48,0.24,left_hip_roll_link,unconfirmed,3.326835870742798,[],False,False,unconfirmed_gpu_filter
zero,legacy_raw,3,12,48,0.24,left_ankle_roll_link,unconfirmed,172.7659149169922,[],False,False,unconfirmed_gpu_filter
zero,legacy_raw,3,12,48,0.24,right_hip_roll_link,unconfirmed,20.541828155517578,[],False,False,unconfirmed_gpu_filter
zero,legacy_raw,3,12,48,0.24,right_ankle_roll_link,unconfirmed,172.52203369140625,[],False,False,unconfirmed_gpu_filter
zero,legacy_raw,4,12,48,0.24,left_wrist_yaw_link,unconfirmed,3.326486587524414,[],False,False,unconfirmed_gpu_filter
zero,legacy_raw,4,12,48,0.24,right_wrist_yaw_link,unconfirmed,20.5396671295166,[],False,False,unconfirmed_gpu_filter
zero,legacy_raw,4,12,48,0.24,left_hip_roll_link,unconfirmed,3.326486587524414,[],False,False,unconfirmed_gpu_filter
zero,legacy_raw,4,12,48,0.24,left_ankle_roll_link,unconfirmed,172.75558471679688,[],False,False,unconfirmed_gpu_filter
zero,legacy_raw,4,12,48,0.24,right_hip_roll_link,unconfirmed,20.5396671295166,[],False,False,unconfirmed_gpu_filter
zero,legacy_raw,4,12,48,0.24,right_ankle_roll_link,unconfirmed,172.5462646484375,[],False,False,unconfirmed_gpu_filter
zero,legacy_raw,5,12,48,0.24,left_wrist_yaw_link,unconfirmed,3.331557035446167,[],False,False,unconfirmed_gpu_filter
zero,legacy_raw,5,12,48,0.24,right_wrist_yaw_link,unconfirmed,20.519256591796875,[],False,False,unconfirmed_gpu_filter
zero,legacy_raw,5,12,48,0.24,left_hip_roll_link,unconfirmed,3.331557035446167,[],False,False,unconfirmed_gpu_filter
zero,legacy_raw,5,12,48,0.24,left_ankle_roll_link,unconfirmed,172.891357421875,[],False,False,unconfirmed_gpu_filter
zero,legacy_raw,5,12,48,0.24,right_hip_roll_link,unconfirmed,20.519256591796875,[],False,False,unconfirmed_gpu_filter
zero,legacy_raw,5,12,48,0.24,right_ankle_roll_link,unconfirmed,172.59658813476562,[],False,False,unconfirmed_gpu_filter
zero,legacy_raw,6,12,48,0.24,left_wrist_yaw_link,unconfirmed,3.3200700283050537,[],False,False,unconfirmed_gpu_filter
zero,legacy_raw,6,12,48,0.24,right_wrist_yaw_link,unconfirmed,20.437307357788086,[],False,False,unconfirmed_gpu_filter
zero,legacy_raw,6,12,48,0.24,left_hip_roll_link,unconfirmed,3.3200700283050537,[],False,False,unconfirmed_gpu_filter
zero,legacy_raw,6,12,48,0.24,left_ankle_roll_link,unconfirmed,172.5183868408203,[],False,False,unconfirmed_gpu_filter
zero,legacy_raw,6,12,48,0.24,right_hip_roll_link,unconfirmed,20.437307357788086,[],False,False,unconfirmed_gpu_filter
zero,legacy_raw,6,12,48,0.24,right_ankle_roll_link,unconfirmed,172.79901123046875,[],False,False,unconfirmed_gpu_filter
zero,legacy_raw,7,12,48,0.24,left_wrist_yaw_link,unconfirmed,3.3237457275390625,[],False,False,unconfirmed_gpu_filter
zero,legacy_raw,7,12,48,0.24,right_wrist_yaw_link,unconfirmed,20.494661331176758,[],False,False,unconfirmed_gpu_filter
zero,legacy_raw,7,12,48,0.24,left_hip_roll_link,unconfirmed,3.3237457275390625,[],False,False,unconfirmed_gpu_filter
zero,legacy_raw,7,12,48,0.24,left_ankle_roll_link,unconfirmed,172.607421875,[],False,False,unconfirmed_gpu_filter
zero,legacy_raw,7,12,48,0.24,right_hip_roll_link,unconfirmed,20.494661331176758,[],False,False,unconfirmed_gpu_filter
zero,legacy_raw,7,12,48,0.24,right_ankle_roll_link,unconfirmed,172.4071502685547,[],False,False,unconfirmed_gpu_filter
zero,legacy_raw,0,13,52,0.26,left_ankle_roll_link,unconfirmed,167.09812927246094,[],False,False,unconfirmed_gpu_filter
zero,legacy_raw,0,13,52,0.26,right_ankle_roll_link,unconfirmed,167.44520568847656,[],False,False,unconfirmed_gpu_filter
zero,legacy_raw,1,13,52,0.26,left_ankle_roll_link,unconfirmed,167.28750610351562,[],False,False,unconfirmed_gpu_filter
zero,legacy_raw,1,13,52,0.26,right_ankle_roll_link,unconfirmed,167.86260986328125,[],False,False,unconfirmed_gpu_filter
zero,legacy_raw,2,13,52,0.26,left_ankle_roll_link,unconfirmed,167.48541259765625,[],False,False,unconfirmed_gpu_filter
zero,legacy_raw,2,13,52,0.26,right_ankle_roll_link,unconfirmed,167.90298461914062,[],False,False,unconfirmed_gpu_filter
zero,legacy_raw,3,13,52,0.26,left_ankle_roll_link,unconfirmed,167.66807556152344,[],False,False,unconfirmed_gpu_filter
zero,legacy_raw,3,13,52,0.26,right_ankle_roll_link,unconfirmed,167.94541931152344,[],False,False,unconfirmed_gpu_filter
zero,legacy_raw,4,13,52,0.26,left_ankle_roll_link,unconfirmed,167.47476196289062,[],False,False,unconfirmed_gpu_filter
zero,legacy_raw,4,13,52,0.26,right_ankle_roll_link,unconfirmed,167.8825225830078,[],False,False,unconfirmed_gpu_filter
zero,legacy_raw,5,13,52,0.26,left_ankle_roll_link,unconfirmed,167.61724853515625,[],False,False,unconfirmed_gpu_filter
zero,legacy_raw,5,13,52,0.26,right_ankle_roll_link,unconfirmed,167.73126220703125,[],False,False,unconfirmed_gpu_filter
zero,legacy_raw,6,13,52,0.26,left_ankle_roll_link,unconfirmed,167.00808715820312,[],False,False,unconfirmed_gpu_filter
zero,legacy_raw,6,13,52,0.26,right_ankle_roll_link,unconfirmed,167.60604858398438,[],False,False,unconfirmed_gpu_filter
zero,legacy_raw,7,13,52,0.26,left_ankle_roll_link,unconfirmed,167.18675231933594,[],False,False,unconfirmed_gpu_filter
zero,legacy_raw,7,13,52,0.26,right_ankle_roll_link,unconfirmed,167.7802276611328,[],False,False,unconfirmed_gpu_filter
zero,legacy_raw,0,14,56,0.28,left_ankle_roll_link,unconfirmed,164.68426513671875,[],False,False,unconfirmed_gpu_filter
zero,legacy_raw,0,14,56,0.28,right_ankle_roll_link,unconfirmed,164.99691772460938,[],False,False,unconfirmed_gpu_filter
zero,legacy_raw,1,14,56,0.28,left_ankle_roll_link,unconfirmed,164.55035400390625,[],False,False,unconfirmed_gpu_filter
zero,legacy_raw,1,14,56,0.28,right_ankle_roll_link,unconfirmed,165.32669067382812,[],False,False,unconfirmed_gpu_filter
zero,legacy_raw,2,14,56,0.28,left_ankle_roll_link,unconfirmed,164.29107666015625,[],False,False,unconfirmed_gpu_filter
zero,legacy_raw,2,14,56,0.28,right_ankle_roll_link,unconfirmed,164.56016540527344,[],False,False,unconfirmed_gpu_filter
zero,legacy_raw,3,14,56,0.28,left_ankle_roll_link,unconfirmed,164.42764282226562,[],False,False,unconfirmed_gpu_filter
zero,legacy_raw,3,14,56,0.28,right_ankle_roll_link,unconfirmed,164.51910400390625,[],False,False,unconfirmed_gpu_filter
zero,legacy_raw,4,14,56,0.28,left_ankle_roll_link,unconfirmed,164.44662475585938,[],False,False,unconfirmed_gpu_filter
zero,legacy_raw,4,14,56,0.28,right_ankle_roll_link,unconfirmed,165.14096069335938,[],False,False,unconfirmed_gpu_filter
zero,legacy_raw,5,14,56,0.28,left_ankle_roll_link,unconfirmed,164.47694396972656,[],False,False,unconfirmed_gpu_filter
zero,legacy_raw,5,14,56,0.28,right_ankle_roll_link,unconfirmed,164.83419799804688,[],False,False,unconfirmed_gpu_filter
zero,legacy_raw,6,14,56,0.28,left_ankle_roll_link,unconfirmed,164.4172821044922,[],False,False,unconfirmed_gpu_filter
zero,legacy_raw,6,14,56,0.28,right_ankle_roll_link,unconfirmed,164.84417724609375,[],False,False,unconfirmed_gpu_filter
zero,legacy_raw,7,14,56,0.28,left_ankle_roll_link,unconfirmed,164.58343505859375,[],False,False,unconfirmed_gpu_filter
zero,legacy_raw,7,14,56,0.28,right_ankle_roll_link,unconfirmed,164.83767700195312,[],False,False,unconfirmed_gpu_filter
zero,legacy_raw,0,15,60,0.3,left_ankle_roll_link,unconfirmed,162.61293029785156,[],False,False,unconfirmed_gpu_filter
zero,legacy_raw,0,15,60,0.3,right_ankle_roll_link,unconfirmed,162.62136840820312,[],False,False,unconfirmed_gpu_filter
zero,legacy_raw,1,15,60,0.3,left_ankle_roll_link,unconfirmed,162.68161010742188,[],False,False,unconfirmed_gpu_filter
zero,legacy_raw,1,15,60,0.3,right_ankle_roll_link,unconfirmed,162.8282012939453,[],False,False,unconfirmed_gpu_filter
zero,legacy_raw,2,15,60,0.3,left_ankle_roll_link,unconfirmed,162.6409912109375,[],False,False,unconfirmed_gpu_filter
zero,legacy_raw,2,15,60,0.3,right_ankle_roll_link,unconfirmed,162.5834503173828,[],False,False,unconfirmed_gpu_filter
zero,legacy_raw,3,15,60,0.3,left_ankle_roll_link,unconfirmed,162.7655792236328,[],False,False,unconfirmed_gpu_filter
zero,legacy_raw,3,15,60,0.3,right_ankle_roll_link,unconfirmed,162.97503662109375,[],False,False,unconfirmed_gpu_filter
zero,legacy_raw,4,15,60,0.3,left_ankle_roll_link,unconfirmed,162.59542846679688,[],False,False,unconfirmed_gpu_filter
zero,legacy_raw,4,15,60,0.3,right_ankle_roll_link,unconfirmed,162.67156982421875,[],False,False,unconfirmed_gpu_filter
zero,legacy_raw,5,15,60,0.3,left_ankle_roll_link,unconfirmed,162.67071533203125,[],False,False,unconfirmed_gpu_filter
zero,legacy_raw,5,15,60,0.3,right_ankle_roll_link,unconfirmed,162.91458129882812,[],False,False,unconfirmed_gpu_filter
zero,legacy_raw,6,15,60,0.3,left_ankle_roll_link,unconfirmed,162.54881286621094,[],False,False,unconfirmed_gpu_filter
zero,legacy_raw,6,15,60,0.3,right_ankle_roll_link,unconfirmed,162.94387817382812,[],False,False,unconfirmed_gpu_filter
zero,legacy_raw,7,15,60,0.3,left_ankle_roll_link,unconfirmed,162.40219116210938,[],False,False,unconfirmed_gpu_filter
zero,legacy_raw,7,15,60,0.3,right_ankle_roll_link,unconfirmed,162.6801300048828,[],False,False,unconfirmed_gpu_filter
zero,legacy_raw,0,16,64,0.32,left_ankle_roll_link,unconfirmed,161.3795623779297,[],False,False,unconfirmed_gpu_filter
zero,legacy_raw,0,16,64,0.32,right_ankle_roll_link,unconfirmed,161.55770874023438,[],False,False,unconfirmed_gpu_filter
zero,legacy_raw,1,16,64,0.32,left_ankle_roll_link,unconfirmed,161.67919921875,[],False,False,unconfirmed_gpu_filter
zero,legacy_raw,1,16,64,0.32,right_ankle_roll_link,unconfirmed,161.9773406982422,[],False,False,unconfirmed_gpu_filter
zero,legacy_raw,2,16,64,0.32,left_ankle_roll_link,unconfirmed,161.62606811523438,[],False,False,unconfirmed_gpu_filter
zero,legacy_raw,2,16,64,0.32,right_ankle_roll_link,unconfirmed,161.83778381347656,[],False,False,unconfirmed_gpu_filter
zero,legacy_raw,3,16,64,0.32,left_ankle_roll_link,unconfirmed,161.59896850585938,[],False,False,unconfirmed_gpu_filter
zero,legacy_raw,3,16,64,0.32,right_ankle_roll_link,unconfirmed,161.84918212890625,[],False,False,unconfirmed_gpu_filter
zero,legacy_raw,4,16,64,0.32,left_ankle_roll_link,unconfirmed,161.572998046875,[],False,False,unconfirmed_gpu_filter
zero,legacy_raw,4,16,64,0.32,right_ankle_roll_link,unconfirmed,161.8970947265625,[],False,False,unconfirmed_gpu_filter
zero,legacy_raw,5,16,64,0.32,left_ankle_roll_link,unconfirmed,161.59889221191406,[],False,False,unconfirmed_gpu_filter
zero,legacy_raw,5,16,64,0.32,right_ankle_roll_link,unconfirmed,161.84669494628906,[],False,False,unconfirmed_gpu_filter
zero,legacy_raw,6,16,64,0.32,left_ankle_roll_link,unconfirmed,161.52891540527344,[],False,False,unconfirmed_gpu_filter
zero,legacy_raw,6,16,64,0.32,right_ankle_roll_link,unconfirmed,161.71502685546875,[],False,False,unconfirmed_gpu_filter
zero,legacy_raw,7,16,64,0.32,left_ankle_roll_link,unconfirmed,161.34397888183594,[],False,False,unconfirmed_gpu_filter
zero,legacy_raw,7,16,64,0.32,right_ankle_roll_link,unconfirmed,161.65042114257812,[],False,False,unconfirmed_gpu_filter
zero,legacy_raw,0,17,68,0.34,left_ankle_roll_link,unconfirmed,160.9075164794922,[],False,False,unconfirmed_gpu_filter
zero,legacy_raw,0,17,68,0.34,right_ankle_roll_link,unconfirmed,161.54591369628906,[],False,False,unconfirmed_gpu_filter
zero,legacy_raw,1,17,68,0.34,left_ankle_roll_link,unconfirmed,160.95980834960938,[],False,False,unconfirmed_gpu_filter
zero,legacy_raw,1,17,68,0.34,right_ankle_roll_link,unconfirmed,161.1114501953125,[],False,False,unconfirmed_gpu_filter
zero,legacy_raw,2,17,68,0.34,left_ankle_roll_link,unconfirmed,160.9540557861328,[],False,False,unconfirmed_gpu_filter
zero,legacy_raw,2,17,68,0.34,right_ankle_roll_link,unconfirmed,161.1140594482422,[],False,False,unconfirmed_gpu_filter
zero,legacy_raw,3,17,68,0.34,left_ankle_roll_link,unconfirmed,160.958984375,[],False,False,unconfirmed_gpu_filter
zero,legacy_raw,3,17,68,0.34,right_ankle_roll_link,unconfirmed,161.0668487548828,[],False,False,unconfirmed_gpu_filter
zero,legacy_raw,4,17,68,0.34,left_ankle_roll_link,unconfirmed,160.85899353027344,[],False,False,unconfirmed_gpu_filter
zero,legacy_raw,4,17,68,0.34,right_ankle_roll_link,unconfirmed,161.14584350585938,[],False,False,unconfirmed_gpu_filter
zero,legacy_raw,5,17,68,0.34,left_ankle_roll_link,unconfirmed,160.89443969726562,[],False,False,unconfirmed_gpu_filter
zero,legacy_raw,5,17,68,0.34,right_ankle_roll_link,unconfirmed,161.07138061523438,[],False,False,unconfirmed_gpu_filter
zero,legacy_raw,6,17,68,0.34,left_ankle_roll_link,unconfirmed,160.943115234375,[],False,False,unconfirmed_gpu_filter
zero,legacy_raw,6,17,68,0.34,right_ankle_roll_link,unconfirmed,161.13565063476562,[],False,False,unconfirmed_gpu_filter
zero,legacy_raw,7,17,68,0.34,left_ankle_roll_link,unconfirmed,160.9302520751953,[],False,False,unconfirmed_gpu_filter
zero,legacy_raw,7,17,68,0.34,right_ankle_roll_link,unconfirmed,160.97488403320312,[],False,False,unconfirmed_gpu_filter
zero,legacy_raw,0,18,72,0.36,left_ankle_roll_link,unconfirmed,160.65191650390625,[],False,False,unconfirmed_gpu_filter
zero,legacy_raw,0,18,72,0.36,right_ankle_roll_link,unconfirmed,160.71417236328125,[],False,False,unconfirmed_gpu_filter
zero,legacy_raw,1,18,72,0.36,left_ankle_roll_link,unconfirmed,160.6479949951172,[],False,False,unconfirmed_gpu_filter
zero,legacy_raw,1,18,72,0.36,right_ankle_roll_link,unconfirmed,160.73001098632812,[],False,False,unconfirmed_gpu_filter
zero,legacy_raw,2,18,72,0.36,left_ankle_roll_link,unconfirmed,160.64547729492188,[],False,False,unconfirmed_gpu_filter
zero,legacy_raw,2,18,72,0.36,right_ankle_roll_link,unconfirmed,160.76681518554688,[],False,False,unconfirmed_gpu_filter
zero,legacy_raw,3,18,72,0.36,left_ankle_roll_link,unconfirmed,160.68313598632812,[],False,False,unconfirmed_gpu_filter
zero,legacy_raw,3,18,72,0.36,right_ankle_roll_link,unconfirmed,160.77098083496094,[],False,False,unconfirmed_gpu_filter
zero,legacy_raw,4,18,72,0.36,left_ankle_roll_link,unconfirmed,160.6872100830078,[],False,False,unconfirmed_gpu_filter
zero,legacy_raw,4,18,72,0.36,right_ankle_roll_link,unconfirmed,160.76480102539062,[],False,False,unconfirmed_gpu_filter
zero,legacy_raw,5,18,72,0.36,left_ankle_roll_link,unconfirmed,160.5900421142578,[],False,False,unconfirmed_gpu_filter
zero,legacy_raw,5,18,72,0.36,right_ankle_roll_link,unconfirmed,160.787353515625,[],False,False,unconfirmed_gpu_filter
zero,legacy_raw,6,18,72,0.36,left_ankle_roll_link,unconfirmed,160.76211547851562,[],False,False,unconfirmed_gpu_filter
zero,legacy_raw,6,18,72,0.36,right_ankle_roll_link,unconfirmed,160.85958862304688,[],False,False,unconfirmed_gpu_filter
zero,legacy_raw,7,18,72,0.36,left_ankle_roll_link,unconfirmed,160.60862731933594,[],False,False,unconfirmed_gpu_filter
zero,legacy_raw,7,18,72,0.36,right_ankle_roll_link,unconfirmed,160.72271728515625,[],False,False,unconfirmed_gpu_filter
zero,legacy_raw,0,19,76,0.38,left_ankle_roll_link,unconfirmed,160.48159790039062,[],False,False,unconfirmed_gpu_filter
zero,legacy_raw,0,19,76,0.38,right_ankle_roll_link,unconfirmed,160.6275634765625,[],False,False,unconfirmed_gpu_filter
zero,legacy_raw,1,19,76,0.38,left_ankle_roll_link,unconfirmed,160.53770446777344,[],False,False,unconfirmed_gpu_filter
zero,legacy_raw,1,19,76,0.38,right_ankle_roll_link,unconfirmed,160.5902862548828,[],False,False,unconfirmed_gpu_filter
zero,legacy_raw,2,19,76,0.38,left_ankle_roll_link,unconfirmed,160.54598999023438,[],False,False,unconfirmed_gpu_filter
zero,legacy_raw,2,19,76,0.38,right_ankle_roll_link,unconfirmed,160.59864807128906,[],False,False,unconfirmed_gpu_filter
zero,legacy_raw,3,19,76,0.38,left_ankle_roll_link,unconfirmed,160.48809814453125,[],False,False,unconfirmed_gpu_filter
zero,legacy_raw,3,19,76,0.38,right_ankle_roll_link,unconfirmed,160.58184814453125,[],False,False,unconfirmed_gpu_filter
zero,legacy_raw,4,19,76,0.38,left_ankle_roll_link,unconfirmed,160.49502563476562,[],False,False,unconfirmed_gpu_filter
zero,legacy_raw,4,19,76,0.38,right_ankle_roll_link,unconfirmed,160.5790252685547,[],False,False,unconfirmed_gpu_filter
zero,legacy_raw,5,19,76,0.38,left_ankle_roll_link,unconfirmed,160.51205444335938,[],False,False,unconfirmed_gpu_filter
zero,legacy_raw,5,19,76,0.38,right_ankle_roll_link,unconfirmed,160.55667114257812,[],False,False,unconfirmed_gpu_filter
zero,legacy_raw,6,19,76,0.38,left_ankle_roll_link,unconfirmed,160.5494842529297,[],False,False,unconfirmed_gpu_filter
zero,legacy_raw,6,19,76,0.38,right_ankle_roll_link,unconfirmed,160.65237426757812,[],False,False,unconfirmed_gpu_filter
zero,legacy_raw,7,19,76,0.38,left_ankle_roll_link,unconfirmed,160.61849975585938,[],False,False,unconfirmed_gpu_filter
zero,legacy_raw,7,19,76,0.38,right_ankle_roll_link,unconfirmed,160.64126586914062,[],False,False,unconfirmed_gpu_filter
zero,legacy_raw,0,20,80,0.4,left_ankle_roll_link,unconfirmed,160.47557067871094,[],False,False,unconfirmed_gpu_filter
zero,legacy_raw,0,20,80,0.4,right_ankle_roll_link,unconfirmed,160.52671813964844,[],False,False,unconfirmed_gpu_filter
zero,legacy_raw,1,20,80,0.4,left_ankle_roll_link,unconfirmed,160.49432373046875,[],False,False,unconfirmed_gpu_filter
zero,legacy_raw,1,20,80,0.4,right_ankle_roll_link,unconfirmed,160.5068359375,[],False,False,unconfirmed_gpu_filter
zero,legacy_raw,2,20,80,0.4,left_ankle_roll_link,unconfirmed,160.49099731445312,[],False,False,unconfirmed_gpu_filter
zero,legacy_raw,2,20,80,0.4,right_ankle_roll_link,unconfirmed,160.51998901367188,[],False,False,unconfirmed_gpu_filter
zero,legacy_raw,3,20,80,0.4,left_ankle_roll_link,unconfirmed,160.48123168945312,[],False,False,unconfirmed_gpu_filter
zero,legacy_raw,3,20,80,0.4,right_ankle_roll_link,unconfirmed,160.4572296142578,[],False,False,unconfirmed_gpu_filter
zero,legacy_raw,4,20,80,0.4,left_ankle_roll_link,unconfirmed,160.4738006591797,[],False,False,unconfirmed_gpu_filter
zero,legacy_raw,4,20,80,0.4,right_ankle_roll_link,unconfirmed,160.47409057617188,[],False,False,unconfirmed_gpu_filter
zero,legacy_raw,5,20,80,0.4,left_ankle_roll_link,unconfirmed,160.4844207763672,[],False,False,unconfirmed_gpu_filter
zero,legacy_raw,5,20,80,0.4,right_ankle_roll_link,unconfirmed,160.46022033691406,[],False,False,unconfirmed_gpu_filter
zero,legacy_raw,6,20,80,0.4,left_ankle_roll_link,unconfirmed,160.48190307617188,[],False,False,unconfirmed_gpu_filter
zero,legacy_raw,6,20,80,0.4,right_ankle_roll_link,unconfirmed,160.5408935546875,[],False,False,unconfirmed_gpu_filter
zero,legacy_raw,7,20,80,0.4,left_ankle_roll_link,unconfirmed,160.50308227539062,[],False,False,unconfirmed_gpu_filter
zero,legacy_raw,7,20,80,0.4,right_ankle_roll_link,unconfirmed,160.55767822265625,[],False,False,unconfirmed_gpu_filter
zero,legacy_raw,0,21,84,0.42,left_ankle_roll_link,unconfirmed,160.560302734375,[],False,False,unconfirmed_gpu_filter
zero,legacy_raw,0,21,84,0.42,right_ankle_roll_link,unconfirmed,160.39749145507812,[],False,False,unconfirmed_gpu_filter
zero,legacy_raw,1,21,84,0.42,left_ankle_roll_link,unconfirmed,160.53358459472656,[],False,False,unconfirmed_gpu_filter
zero,legacy_raw,1,21,84,0.42,right_ankle_roll_link,unconfirmed,160.44944763183594,[],False,False,unconfirmed_gpu_filter
zero,legacy_raw,2,21,84,0.42,left_ankle_roll_link,unconfirmed,160.50096130371094,[],False,False,unconfirmed_gpu_filter
zero,legacy_raw,2,21,84,0.42,right_ankle_roll_link,unconfirmed,160.39505004882812,[],False,False,unconfirmed_gpu_filter
zero,legacy_raw,3,21,84,0.42,left_ankle_roll_link,unconfirmed,160.48199462890625,[],False,False,unconfirmed_gpu_filter
zero,legacy_raw,3,21,84,0.42,right_ankle_roll_link,unconfirmed,160.3971710205078,[],False,False,unconfirmed_gpu_filter
zero,legacy_raw,4,21,84,0.42,left_ankle_roll_link,unconfirmed,160.4755401611328,[],False,False,unconfirmed_gpu_filter
zero,legacy_raw,4,21,84,0.42,right_ankle_roll_link,unconfirmed,160.38490295410156,[],False,False,unconfirmed_gpu_filter
zero,legacy_raw,5,21,84,0.42,left_ankle_roll_link,unconfirmed,160.4708709716797,[],False,False,unconfirmed_gpu_filter
zero,legacy_raw,5,21,84,0.42,right_ankle_roll_link,unconfirmed,160.4027862548828,[],False,False,unconfirmed_gpu_filter
zero,legacy_raw,6,21,84,0.42,left_ankle_roll_link,unconfirmed,160.533447265625,[],False,False,unconfirmed_gpu_filter
zero,legacy_raw,6,21,84,0.42,right_ankle_roll_link,unconfirmed,160.4783935546875,[],False,False,unconfirmed_gpu_filter
zero,legacy_raw,7,21,84,0.42,left_ankle_roll_link,unconfirmed,160.5498504638672,[],False,False,unconfirmed_gpu_filter
zero,legacy_raw,7,21,84,0.42,right_ankle_roll_link,unconfirmed,160.40866088867188,[],False,False,unconfirmed_gpu_filter
zero,legacy_raw,0,22,88,0.44,left_ankle_roll_link,unconfirmed,160.5112762451172,[],False,False,unconfirmed_gpu_filter
zero,legacy_raw,0,22,88,0.44,right_ankle_roll_link,unconfirmed,160.36874389648438,[],False,False,unconfirmed_gpu_filter
zero,legacy_raw,1,22,88,0.44,left_ankle_roll_link,unconfirmed,160.44992065429688,[],False,False,unconfirmed_gpu_filter
zero,legacy_raw,1,22,88,0.44,right_ankle_roll_link,unconfirmed,160.36744689941406,[],False,False,unconfirmed_gpu_filter
zero,legacy_raw,2,22,88,0.44,left_ankle_roll_link,unconfirmed,160.5294952392578,[],False,False,unconfirmed_gpu_filter
zero,legacy_raw,2,22,88,0.44,right_ankle_roll_link,unconfirmed,160.3052520751953,[],False,False,unconfirmed_gpu_filter
zero,legacy_raw,3,22,88,0.44,left_ankle_roll_link,unconfirmed,160.4473876953125,[],False,False,unconfirmed_gpu_filter
zero,legacy_raw,3,22,88,0.44,right_ankle_roll_link,unconfirmed,160.29522705078125,[],False,False,unconfirmed_gpu_filter
zero,legacy_raw,4,22,88,0.44,left_ankle_roll_link,unconfirmed,160.47296142578125,[],False,False,unconfirmed_gpu_filter
zero,legacy_raw,4,22,88,0.44,right_ankle_roll_link,unconfirmed,160.31581115722656,[],False,False,unconfirmed_gpu_filter
zero,legacy_raw,5,22,88,0.44,left_ankle_roll_link,unconfirmed,160.45407104492188,[],False,False,unconfirmed_gpu_filter
zero,legacy_raw,5,22,88,0.44,right_ankle_roll_link,unconfirmed,160.30906677246094,[],False,False,unconfirmed_gpu_filter
zero,legacy_raw,6,22,88,0.44,left_ankle_roll_link,unconfirmed,160.704833984375,[],False,False,unconfirmed_gpu_filter
zero,legacy_raw,6,22,88,0.44,right_ankle_roll_link,unconfirmed,160.316650390625,[],False,False,unconfirmed_gpu_filter
zero,legacy_raw,7,22,88,0.44,left_ankle_roll_link,unconfirmed,160.55804443359375,[],False,False,unconfirmed_gpu_filter
zero,legacy_raw,7,22,88,0.44,right_ankle_roll_link,unconfirmed,160.2999267578125,[],False,False,unconfirmed_gpu_filter
zero,legacy_raw,0,23,92,0.46,left_ankle_roll_link,unconfirmed,160.52377319335938,[],False,False,unconfirmed_gpu_filter
zero,legacy_raw,0,23,92,0.46,right_ankle_roll_link,unconfirmed,160.17630004882812,[],False,False,unconfirmed_gpu_filter
zero,legacy_raw,1,23,92,0.46,left_ankle_roll_link,unconfirmed,160.58197021484375,[],False,False,unconfirmed_gpu_filter
zero,legacy_raw,1,23,92,0.46,right_ankle_roll_link,unconfirmed,160.3370819091797,[],False,False,unconfirmed_gpu_filter
zero,legacy_raw,2,23,92,0.46,left_ankle_roll_link,unconfirmed,160.45814514160156,[],False,False,unconfirmed_gpu_filter
zero,legacy_raw,2,23,92,0.46,right_ankle_roll_link,unconfirmed,160.1791534423828,[],False,False,unconfirmed_gpu_filter
zero,legacy_raw,3,23,92,0.46,left_ankle_roll_link,unconfirmed,160.47279357910156,[],False,False,unconfirmed_gpu_filter
zero,legacy_raw,3,23,92,0.46,right_ankle_roll_link,unconfirmed,160.20150756835938,[],False,False,unconfirmed_gpu_filter
zero,legacy_raw,4,23,92,0.46,left_ankle_roll_link,unconfirmed,160.45333862304688,[],False,False,unconfirmed_gpu_filter
zero,legacy_raw,4,23,92,0.46,right_ankle_roll_link,unconfirmed,160.20703125,[],False,False,unconfirmed_gpu_filter
zero,legacy_raw,5,23,92,0.46,left_ankle_roll_link,unconfirmed,160.4564971923828,[],False,False,unconfirmed_gpu_filter
zero,legacy_raw,5,23,92,0.46,right_ankle_roll_link,unconfirmed,160.1992645263672,[],False,False,unconfirmed_gpu_filter
zero,legacy_raw,6,23,92,0.46,left_ankle_roll_link,unconfirmed,160.50303649902344,[],False,False,unconfirmed_gpu_filter
zero,legacy_raw,6,23,92,0.46,right_ankle_roll_link,unconfirmed,160.2606964111328,[],False,False,unconfirmed_gpu_filter
zero,legacy_raw,7,23,92,0.46,left_ankle_roll_link,unconfirmed,160.54283142089844,[],False,False,unconfirmed_gpu_filter
zero,legacy_raw,7,23,92,0.46,right_ankle_roll_link,unconfirmed,160.23191833496094,[],False,False,unconfirmed_gpu_filter
zero,legacy_raw,0,24,96,0.48,left_ankle_roll_link,unconfirmed,160.46597290039062,[],False,False,unconfirmed_gpu_filter
zero,legacy_raw,0,24,96,0.48,right_ankle_roll_link,unconfirmed,160.03866577148438,[],False,False,unconfirmed_gpu_filter
zero,legacy_raw,1,24,96,0.48,left_ankle_roll_link,unconfirmed,160.4727020263672,[],False,False,unconfirmed_gpu_filter
zero,legacy_raw,1,24,96,0.48,right_ankle_roll_link,unconfirmed,160.0933837890625,[],False,False,unconfirmed_gpu_filter
zero,legacy_raw,2,24,96,0.48,left_ankle_roll_link,unconfirmed,160.46084594726562,[],False,False,unconfirmed_gpu_filter
zero,legacy_raw,2,24,96,0.48,right_ankle_roll_link,unconfirmed,160.08628845214844,[],False,False,unconfirmed_gpu_filter
zero,legacy_raw,3,24,96,0.48,left_ankle_roll_link,unconfirmed,160.43600463867188,[],False,False,unconfirmed_gpu_filter
zero,legacy_raw,3,24,96,0.48,right_ankle_roll_link,unconfirmed,160.0897674560547,[],False,False,unconfirmed_gpu_filter
zero,legacy_raw,4,24,96,0.48,left_ankle_roll_link,unconfirmed,160.42257690429688,[],False,False,unconfirmed_gpu_filter
zero,legacy_raw,4,24,96,0.48,right_ankle_roll_link,unconfirmed,160.06488037109375,[],False,False,unconfirmed_gpu_filter
zero,legacy_raw,5,24,96,0.48,left_ankle_roll_link,unconfirmed,160.44180297851562,[],False,False,unconfirmed_gpu_filter
zero,legacy_raw,5,24,96,0.48,right_ankle_roll_link,unconfirmed,160.09140014648438,[],False,False,unconfirmed_gpu_filter
zero,legacy_raw,6,24,96,0.48,left_ankle_roll_link,unconfirmed,160.4120330810547,[],False,False,unconfirmed_gpu_filter
zero,legacy_raw,6,24,96,0.48,right_ankle_roll_link,unconfirmed,160.07711791992188,[],False,False,unconfirmed_gpu_filter
zero,legacy_raw,7,24,96,0.48,left_ankle_roll_link,unconfirmed,160.4033966064453,[],False,False,unconfirmed_gpu_filter
zero,legacy_raw,7,24,96,0.48,right_ankle_roll_link,unconfirmed,160.05348205566406,[],False,False,unconfirmed_gpu_filter
zero,legacy_raw,0,25,100,0.5,left_ankle_roll_link,unconfirmed,160.3793182373047,[],False,False,unconfirmed_gpu_filter
zero,legacy_raw,0,25,100,0.5,right_ankle_roll_link,unconfirmed,160.0662841796875,[],False,False,unconfirmed_gpu_filter
zero,legacy_raw,1,25,100,0.5,left_ankle_roll_link,unconfirmed,160.54998779296875,[],False,False,unconfirmed_gpu_filter
zero,legacy_raw,1,25,100,0.5,right_ankle_roll_link,unconfirmed,160.04258728027344,[],False,False,unconfirmed_gpu_filter
zero,legacy_raw,2,25,100,0.5,left_ankle_roll_link,unconfirmed,160.40908813476562,[],False,False,unconfirmed_gpu_filter
zero,legacy_raw,2,25,100,0.5,right_ankle_roll_link,unconfirmed,159.95138549804688,[],False,False,unconfirmed_gpu_filter
zero,legacy_raw,3,25,100,0.5,left_ankle_roll_link,unconfirmed,160.38961791992188,[],False,False,unconfirmed_gpu_filter
zero,legacy_raw,3,25,100,0.5,right_ankle_roll_link,unconfirmed,159.94476318359375,[],False,False,unconfirmed_gpu_filter
zero,legacy_raw,4,25,100,0.5,left_ankle_roll_link,unconfirmed,160.47291564941406,[],False,False,unconfirmed_gpu_filter
zero,legacy_raw,4,25,100,0.5,right_ankle_roll_link,unconfirmed,159.9529266357422,[],False,False,unconfirmed_gpu_filter
zero,legacy_raw,5,25,100,0.5,left_ankle_roll_link,unconfirmed,160.37429809570312,[],False,False,unconfirmed_gpu_filter
zero,legacy_raw,5,25,100,0.5,right_ankle_roll_link,unconfirmed,159.93646240234375,[],False,False,unconfirmed_gpu_filter
zero,legacy_raw,6,25,100,0.5,left_ankle_roll_link,unconfirmed,160.43771362304688,[],False,False,unconfirmed_gpu_filter
zero,legacy_raw,6,25,100,0.5,right_ankle_roll_link,unconfirmed,160.07420349121094,[],False,False,unconfirmed_gpu_filter
zero,legacy_raw,7,25,100,0.5,left_ankle_roll_link,unconfirmed,160.43283081054688,[],False,False,unconfirmed_gpu_filter
zero,legacy_raw,7,25,100,0.5,right_ankle_roll_link,unconfirmed,159.94358825683594,[],False,False,unconfirmed_gpu_filter
zero,legacy_raw,0,26,104,0.52,left_ankle_roll_link,unconfirmed,160.48228454589844,[],False,False,unconfirmed_gpu_filter
zero,legacy_raw,0,26,104,0.52,right_ankle_roll_link,unconfirmed,159.85659790039062,[],False,False,unconfirmed_gpu_filter
zero,legacy_raw,1,26,104,0.52,left_ankle_roll_link,unconfirmed,160.4867706298828,[],False,False,unconfirmed_gpu_filter
zero,legacy_raw,1,26,104,0.52,right_ankle_roll_link,unconfirmed,159.9073486328125,[],False,False,unconfirmed_gpu_filter
zero,legacy_raw,2,26,104,0.52,left_ankle_roll_link,unconfirmed,160.34072875976562,[],False,False,unconfirmed_gpu_filter
zero,legacy_raw,2,26,104,0.52,right_ankle_roll_link,unconfirmed,159.87583923339844,[],False,False,unconfirmed_gpu_filter
zero,legacy_raw,3,26,104,0.52,left_ankle_roll_link,unconfirmed,160.4429473876953,[],False,False,unconfirmed_gpu_filter
zero,legacy_raw,3,26,104,0.52,right_ankle_roll_link,unconfirmed,159.8481903076172,[],False,False,unconfirmed_gpu_filter
zero,legacy_raw,4,26,104,0.52,left_ankle_roll_link,unconfirmed,160.3444061279297,[],False,False,unconfirmed_gpu_filter
zero,legacy_raw,4,26,104,0.52,right_ankle_roll_link,unconfirmed,159.86997985839844,[],False,False,unconfirmed_gpu_filter
zero,legacy_raw,5,26,104,0.52,left_ankle_roll_link,unconfirmed,160.34915161132812,[],False,False,unconfirmed_gpu_filter
zero,legacy_raw,5,26,104,0.52,right_ankle_roll_link,unconfirmed,159.89366149902344,[],False,False,unconfirmed_gpu_filter
zero,legacy_raw,6,26,104,0.52,left_ankle_roll_link,unconfirmed,160.416015625,[],False,False,unconfirmed_gpu_filter
zero,legacy_raw,6,26,104,0.52,right_ankle_roll_link,unconfirmed,159.90142822265625,[],False,False,unconfirmed_gpu_filter
zero,legacy_raw,7,26,104,0.52,left_ankle_roll_link,unconfirmed,160.62803649902344,[],False,False,unconfirmed_gpu_filter
zero,legacy_raw,7,26,104,0.52,right_ankle_roll_link,unconfirmed,160.0055389404297,[],False,False,unconfirmed_gpu_filter
zero,legacy_raw,0,27,108,0.54,left_ankle_roll_link,unconfirmed,160.56991577148438,[],False,False,unconfirmed_gpu_filter
zero,legacy_raw,0,27,108,0.54,right_ankle_roll_link,unconfirmed,159.7727508544922,[],False,False,unconfirmed_gpu_filter
zero,legacy_raw,1,27,108,0.54,left_ankle_roll_link,unconfirmed,160.38409423828125,[],False,False,unconfirmed_gpu_filter
zero,legacy_raw,1,27,108,0.54,right_ankle_roll_link,unconfirmed,159.85572814941406,[],False,False,unconfirmed_gpu_filter
zero,legacy_raw,2,27,108,0.54,left_ankle_roll_link,unconfirmed,160.33282470703125,[],False,False,unconfirmed_gpu_filter
zero,legacy_raw,2,27,108,0.54,right_ankle_roll_link,unconfirmed,159.752685546875,[],False,False,unconfirmed_gpu_filter
zero,legacy_raw,3,27,108,0.54,left_ankle_roll_link,unconfirmed,160.4258270263672,[],False,False,unconfirmed_gpu_filter
zero,legacy_raw,3,27,108,0.54,right_ankle_roll_link,unconfirmed,159.7795867919922,[],False,False,unconfirmed_gpu_filter
zero,legacy_raw,4,27,108,0.54,left_ankle_roll_link,unconfirmed,160.38430786132812,[],False,False,unconfirmed_gpu_filter
zero,legacy_raw,4,27,108,0.54,right_ankle_roll_link,unconfirmed,159.77256774902344,[],False,False,unconfirmed_gpu_filter
zero,legacy_raw,5,27,108,0.54,left_ankle_roll_link,unconfirmed,160.41624450683594,[],False,False,unconfirmed_gpu_filter
zero,legacy_raw,5,27,108,0.54,right_ankle_roll_link,unconfirmed,159.85675048828125,[],False,False,unconfirmed_gpu_filter
zero,legacy_raw,6,27,108,0.54,left_ankle_roll_link,unconfirmed,160.39208984375,[],False,False,unconfirmed_gpu_filter
zero,legacy_raw,6,27,108,0.54,right_ankle_roll_link,unconfirmed,159.8172607421875,[],False,False,unconfirmed_gpu_filter
zero,legacy_raw,7,27,108,0.54,left_ankle_roll_link,unconfirmed,160.44677734375,[],False,False,unconfirmed_gpu_filter
zero,legacy_raw,7,27,108,0.54,right_ankle_roll_link,unconfirmed,159.81228637695312,[],False,False,unconfirmed_gpu_filter
zero,legacy_raw,0,28,112,0.56,left_ankle_roll_link,unconfirmed,160.5099334716797,[],False,False,unconfirmed_gpu_filter
zero,legacy_raw,0,28,112,0.56,right_ankle_roll_link,unconfirmed,159.70703125,[],False,False,unconfirmed_gpu_filter
zero,legacy_raw,1,28,112,0.56,left_ankle_roll_link,unconfirmed,160.46551513671875,[],False,False,unconfirmed_gpu_filter
zero,legacy_raw,1,28,112,0.56,right_ankle_roll_link,unconfirmed,159.7373504638672,[],False,False,unconfirmed_gpu_filter
zero,legacy_raw,2,28,112,0.56,left_ankle_roll_link,unconfirmed,160.41029357910156,[],False,False,unconfirmed_gpu_filter
zero,legacy_raw,2,28,112,0.56,right_ankle_roll_link,unconfirmed,159.76690673828125,[],False,False,unconfirmed_gpu_filter
zero,legacy_raw,3,28,112,0.56,left_ankle_roll_link,unconfirmed,160.45571899414062,[],False,False,unconfirmed_gpu_filter
zero,legacy_raw,3,28,112,0.56,right_ankle_roll_link,unconfirmed,159.69985961914062,[],False,False,unconfirmed_gpu_filter
zero,legacy_raw,4,28,112,0.56,left_ankle_roll_link,unconfirmed,160.38856506347656,[],False,False,unconfirmed_gpu_filter
zero,legacy_raw,4,28,112,0.56,right_ankle_roll_link,unconfirmed,159.71397399902344,[],False,False,unconfirmed_gpu_filter
zero,legacy_raw,5,28,112,0.56,left_ankle_roll_link,unconfirmed,160.40679931640625,[],False,False,unconfirmed_gpu_filter
zero,legacy_raw,5,28,112,0.56,right_ankle_roll_link,unconfirmed,159.81753540039062,[],False,False,unconfirmed_gpu_filter
zero,legacy_raw,6,28,112,0.56,left_ankle_roll_link,unconfirmed,160.47811889648438,[],False,False,unconfirmed_gpu_filter
zero,legacy_raw,6,28,112,0.56,right_ankle_roll_link,unconfirmed,159.82542419433594,[],False,False,unconfirmed_gpu_filter
zero,legacy_raw,7,28,112,0.56,left_ankle_roll_link,unconfirmed,160.50787353515625,[],False,False,unconfirmed_gpu_filter
zero,legacy_raw,7,28,112,0.56,right_ankle_roll_link,unconfirmed,159.79345703125,[],False,False,unconfirmed_gpu_filter
zero,legacy_raw,0,29,116,0.58,left_ankle_roll_link,unconfirmed,160.60269165039062,[],False,False,unconfirmed_gpu_filter
zero,legacy_raw,0,29,116,0.58,right_ankle_roll_link,unconfirmed,159.71337890625,[],False,False,unconfirmed_gpu_filter
zero,legacy_raw,1,29,116,0.58,left_ankle_roll_link,unconfirmed,160.5699005126953,[],False,False,unconfirmed_gpu_filter
zero,legacy_raw,1,29,116,0.58,right_ankle_roll_link,unconfirmed,159.75497436523438,[],False,False,unconfirmed_gpu_filter
zero,legacy_raw,2,29,116,0.58,left_ankle_roll_link,unconfirmed,160.55078125,[],False,False,unconfirmed_gpu_filter
zero,legacy_raw,2,29,116,0.58,right_ankle_roll_link,unconfirmed,159.71510314941406,[],False,False,unconfirmed_gpu_filter
zero,legacy_raw,3,29,116,0.58,left_ankle_roll_link,unconfirmed,160.4911651611328,[],False,False,unconfirmed_gpu_filter
zero,legacy_raw,3,29,116,0.58,right_ankle_roll_link,unconfirmed,159.67822265625,[],False,False,unconfirmed_gpu_filter
zero,legacy_raw,4,29,116,0.58,left_ankle_roll_link,unconfirmed,160.45574951171875,[],False,False,unconfirmed_gpu_filter
zero,legacy_raw,4,29,116,0.58,right_ankle_roll_link,unconfirmed,159.66595458984375,[],False,False,unconfirmed_gpu_filter
zero,legacy_raw,5,29,116,0.58,left_ankle_roll_link,unconfirmed,160.64968872070312,[],False,False,unconfirmed_gpu_filter
zero,legacy_raw,5,29,116,0.58,right_ankle_roll_link,unconfirmed,159.6736297607422,[],False,False,unconfirmed_gpu_filter
zero,legacy_raw,6,29,116,0.58,left_ankle_roll_link,unconfirmed,160.8890380859375,[],False,False,unconfirmed_gpu_filter
zero,legacy_raw,6,29,116,0.58,right_ankle_roll_link,unconfirmed,159.8120880126953,[],False,False,unconfirmed_gpu_filter
zero,legacy_raw,7,29,116,0.58,left_ankle_roll_link,unconfirmed,160.87081909179688,[],False,False,unconfirmed_gpu_filter
zero,legacy_raw,7,29,116,0.58,right_ankle_roll_link,unconfirmed,159.7222442626953,[],False,False,unconfirmed_gpu_filter
zero,legacy_raw,0,30,120,0.6,left_ankle_roll_link,unconfirmed,160.93362426757812,[],False,False,unconfirmed_gpu_filter
zero,legacy_raw,0,30,120,0.6,right_ankle_roll_link,unconfirmed,159.7230987548828,[],False,False,unconfirmed_gpu_filter
zero,legacy_raw,1,30,120,0.6,left_ankle_roll_link,unconfirmed,160.7952880859375,[],False,False,unconfirmed_gpu_filter
zero,legacy_raw,1,30,120,0.6,right_ankle_roll_link,unconfirmed,160.01080322265625,[],False,False,unconfirmed_gpu_filter
zero,legacy_raw,2,30,120,0.6,left_ankle_roll_link,unconfirmed,160.65133666992188,[],False,False,unconfirmed_gpu_filter
zero,legacy_raw,2,30,120,0.6,right_ankle_roll_link,unconfirmed,159.72218322753906,[],False,False,unconfirmed_gpu_filter
zero,legacy_raw,3,30,120,0.6,left_ankle_roll_link,unconfirmed,160.7529296875,[],False,False,unconfirmed_gpu_filter
zero,legacy_raw,3,30,120,0.6,right_ankle_roll_link,unconfirmed,159.7107696533203,[],False,False,unconfirmed_gpu_filter
zero,legacy_raw,4,30,120,0.6,left_ankle_roll_link,unconfirmed,160.55325317382812,[],False,False,unconfirmed_gpu_filter
zero,legacy_raw,4,30,120,0.6,right_ankle_roll_link,unconfirmed,159.72293090820312,[],False,False,unconfirmed_gpu_filter
zero,legacy_raw,5,30,120,0.6,left_ankle_roll_link,unconfirmed,160.83087158203125,[],False,False,unconfirmed_gpu_filter
zero,legacy_raw,5,30,120,0.6,right_ankle_roll_link,unconfirmed,159.6667938232422,[],False,False,unconfirmed_gpu_filter
zero,legacy_raw,6,30,120,0.6,left_ankle_roll_link,unconfirmed,160.96383666992188,[],False,False,unconfirmed_gpu_filter
zero,legacy_raw,6,30,120,0.6,right_ankle_roll_link,unconfirmed,159.8430633544922,[],False,False,unconfirmed_gpu_filter
zero,legacy_raw,7,30,120,0.6,left_ankle_roll_link,unconfirmed,160.8190155029297,[],False,False,unconfirmed_gpu_filter
zero,legacy_raw,7,30,120,0.6,right_ankle_roll_link,unconfirmed,159.7572479248047,[],False,False,unconfirmed_gpu_filter
zero,legacy_raw,0,31,124,0.62,left_ankle_roll_link,unconfirmed,160.7497100830078,[],False,False,unconfirmed_gpu_filter
zero,legacy_raw,0,31,124,0.62,right_ankle_roll_link,unconfirmed,159.79209899902344,[],False,False,unconfirmed_gpu_filter
zero,legacy_raw,1,31,124,0.62,left_ankle_roll_link,unconfirmed,160.8417510986328,[],False,False,unconfirmed_gpu_filter
zero,legacy_raw,1,31,124,0.62,right_ankle_roll_link,unconfirmed,159.86135864257812,[],False,False,unconfirmed_gpu_filter
zero,legacy_raw,2,31,124,0.62,left_ankle_roll_link,unconfirmed,160.75540161132812,[],False,False,unconfirmed_gpu_filter
zero,legacy_raw,2,31,124,0.62,right_ankle_roll_link,unconfirmed,159.685546875,[],False,False,unconfirmed_gpu_filter
zero,legacy_raw,3,31,124,0.62,left_ankle_roll_link,unconfirmed,160.6884002685547,[],False,False,unconfirmed_gpu_filter
zero,legacy_raw,3,31,124,0.62,right_ankle_roll_link,unconfirmed,159.77154541015625,[],False,False,unconfirmed_gpu_filter
zero,legacy_raw,4,31,124,0.62,left_ankle_roll_link,unconfirmed,160.82083129882812,[],False,False,unconfirmed_gpu_filter
zero,legacy_raw,4,31,124,0.62,right_ankle_roll_link,unconfirmed,159.68182373046875,[],False,False,unconfirmed_gpu_filter
zero,legacy_raw,5,31,124,0.62,left_ankle_roll_link,unconfirmed,160.70767211914062,[],False,False,unconfirmed_gpu_filter
zero,legacy_raw,5,31,124,0.62,right_ankle_roll_link,unconfirmed,159.64291381835938,[],False,False,unconfirmed_gpu_filter
zero,legacy_raw,6,31,124,0.62,left_ankle_roll_link,unconfirmed,160.7316131591797,[],False,False,unconfirmed_gpu_filter
zero,legacy_raw,6,31,124,0.62,right_ankle_roll_link,unconfirmed,159.732666015625,[],False,False,unconfirmed_gpu_filter
zero,legacy_raw,7,31,124,0.62,left_ankle_roll_link,unconfirmed,160.87979125976562,[],False,False,unconfirmed_gpu_filter
zero,legacy_raw,7,31,124,0.62,right_ankle_roll_link,unconfirmed,159.69900512695312,[],False,False,unconfirmed_gpu_filter
zero,legacy_raw,0,32,128,0.64,left_ankle_roll_link,unconfirmed,160.66888427734375,[],False,False,unconfirmed_gpu_filter
zero,legacy_raw,0,32,128,0.64,right_ankle_roll_link,unconfirmed,159.62429809570312,[],False,False,unconfirmed_gpu_filter
zero,legacy_raw,1,32,128,0.64,left_ankle_roll_link,unconfirmed,160.76319885253906,[],False,False,unconfirmed_gpu_filter
zero,legacy_raw,1,32,128,0.64,right_ankle_roll_link,unconfirmed,159.6508331298828,[],False,False,unconfirmed_gpu_filter
zero,legacy_raw,2,32,128,0.64,left_ankle_roll_link,unconfirmed,160.73220825195312,[],False,False,unconfirmed_gpu_filter
zero,legacy_raw,2,32,128,0.64,right_ankle_roll_link,unconfirmed,159.62184143066406,[],False,False,unconfirmed_gpu_filter
zero,legacy_raw,3,32,128,0.64,left_ankle_roll_link,unconfirmed,160.78009033203125,[],False,False,unconfirmed_gpu_filter
zero,legacy_raw,3,32,128,0.64,right_ankle_roll_link,unconfirmed,159.66233825683594,[],False,False,unconfirmed_gpu_filter
zero,legacy_raw,4,32,128,0.64,left_ankle_roll_link,unconfirmed,160.75787353515625,[],False,False,unconfirmed_gpu_filter
zero,legacy_raw,4,32,128,0.64,right_ankle_roll_link,unconfirmed,159.58851623535156,[],False,False,unconfirmed_gpu_filter
zero,legacy_raw,5,32,128,0.64,left_ankle_roll_link,unconfirmed,160.720947265625,[],False,False,unconfirmed_gpu_filter
zero,legacy_raw,5,32,128,0.64,right_ankle_roll_link,unconfirmed,159.69992065429688,[],False,False,unconfirmed_gpu_filter
zero,legacy_raw,6,32,128,0.64,left_ankle_roll_link,unconfirmed,160.90354919433594,[],False,False,unconfirmed_gpu_filter
zero,legacy_raw,6,32,128,0.64,right_ankle_roll_link,unconfirmed,159.69883728027344,[],False,False,unconfirmed_gpu_filter
zero,legacy_raw,7,32,128,0.64,left_ankle_roll_link,unconfirmed,160.6842041015625,[],False,False,unconfirmed_gpu_filter
zero,legacy_raw,7,32,128,0.64,right_ankle_roll_link,unconfirmed,159.6024169921875,[],False,False,unconfirmed_gpu_filter
zero,legacy_raw,0,33,132,0.66,left_ankle_roll_link,unconfirmed,161.1370086669922,[],False,False,unconfirmed_gpu_filter
zero,legacy_raw,0,33,132,0.66,right_ankle_roll_link,unconfirmed,159.68576049804688,[],False,False,unconfirmed_gpu_filter
zero,legacy_raw,1,33,132,0.66,left_ankle_roll_link,unconfirmed,160.91976928710938,[],False,False,unconfirmed_gpu_filter
zero,legacy_raw,1,33,132,0.66,right_ankle_roll_link,unconfirmed,159.646728515625,[],False,False,unconfirmed_gpu_filter
zero,legacy_raw,2,33,132,0.66,left_ankle_roll_link,unconfirmed,160.80111694335938,[],False,False,unconfirmed_gpu_filter
zero,legacy_raw,2,33,132,0.66,right_ankle_roll_link,unconfirmed,159.50241088867188,[],False,False,unconfirmed_gpu_filter
zero,legacy_raw,3,33,132,0.66,left_ankle_roll_link,unconfirmed,160.74502563476562,[],False,False,unconfirmed_gpu_filter
zero,legacy_raw,3,33,132,0.66,right_ankle_roll_link,unconfirmed,159.5169219970703,[],False,False,unconfirmed_gpu_filter
zero,legacy_raw,4,33,132,0.66,left_ankle_roll_link,unconfirmed,160.80235290527344,[],False,False,unconfirmed_gpu_filter
zero,legacy_raw,4,33,132,0.66,right_ankle_roll_link,unconfirmed,159.52293395996094,[],False,False,unconfirmed_gpu_filter
zero,legacy_raw,5,33,132,0.66,left_ankle_roll_link,unconfirmed,160.70982360839844,[],False,False,unconfirmed_gpu_filter
zero,legacy_raw,5,33,132,0.66,right_ankle_roll_link,unconfirmed,159.4969024658203,[],False,False,unconfirmed_gpu_filter
zero,legacy_raw,6,33,132,0.66,left_ankle_roll_link,unconfirmed,161.1046142578125,[],False,False,unconfirmed_gpu_filter
zero,legacy_raw,6,33,132,0.66,right_ankle_roll_link,unconfirmed,159.60665893554688,[],False,False,unconfirmed_gpu_filter
zero,legacy_raw,7,33,132,0.66,left_ankle_roll_link,unconfirmed,160.81024169921875,[],False,False,unconfirmed_gpu_filter
zero,legacy_raw,7,33,132,0.66,right_ankle_roll_link,unconfirmed,159.64035034179688,[],False,False,unconfirmed_gpu_filter
zero,legacy_raw,0,34,136,0.68,left_ankle_roll_link,unconfirmed,160.89013671875,[],False,False,unconfirmed_gpu_filter
zero,legacy_raw,0,34,136,0.68,right_ankle_roll_link,unconfirmed,159.35214233398438,[],False,False,unconfirmed_gpu_filter
zero,legacy_raw,1,34,136,0.68,left_ankle_roll_link,unconfirmed,161.23480224609375,[],False,False,unconfirmed_gpu_filter
zero,legacy_raw,1,34,136,0.68,right_ankle_roll_link,unconfirmed,159.81802368164062,[],False,False,unconfirmed_gpu_filter
zero,legacy_raw,2,34,136,0.68,left_ankle_roll_link,unconfirmed,160.99322509765625,[],False,False,unconfirmed_gpu_filter
zero,legacy_raw,2,34,136,0.68,right_ankle_roll_link,unconfirmed,159.49668884277344,[],False,False,unconfirmed_gpu_filter
zero,legacy_raw,3,34,136,0.68,left_ankle_roll_link,unconfirmed,160.70188903808594,[],False,False,unconfirmed_gpu_filter
zero,legacy_raw,3,34,136,0.68,right_ankle_roll_link,unconfirmed,159.44979858398438,[],False,False,unconfirmed_gpu_filter
zero,legacy_raw,4,34,136,0.68,left_ankle_roll_link,unconfirmed,160.7592315673828,[],False,False,unconfirmed_gpu_filter
zero,legacy_raw,4,34,136,0.68,right_ankle_roll_link,unconfirmed,159.4080352783203,[],False,False,unconfirmed_gpu_filter
zero,legacy_raw,5,34,136,0.68,left_ankle_roll_link,unconfirmed,160.80003356933594,[],False,False,unconfirmed_gpu_filter
zero,legacy_raw,5,34,136,0.68,right_ankle_roll_link,unconfirmed,159.52745056152344,[],False,False,unconfirmed_gpu_filter
zero,legacy_raw,6,34,136,0.68,left_ankle_roll_link,unconfirmed,161.06491088867188,[],False,False,unconfirmed_gpu_filter
zero,legacy_raw,6,34,136,0.68,right_ankle_roll_link,unconfirmed,159.7537078857422,[],False,False,unconfirmed_gpu_filter
zero,legacy_raw,7,34,136,0.68,left_ankle_roll_link,unconfirmed,160.84027099609375,[],False,False,unconfirmed_gpu_filter
zero,legacy_raw,7,34,136,0.68,right_ankle_roll_link,unconfirmed,159.96739196777344,[],False,False,unconfirmed_gpu_filter
zero,legacy_raw,0,35,140,0.7000000000000001,left_ankle_roll_link,unconfirmed,161.13711547851562,[],False,False,unconfirmed_gpu_filter
zero,legacy_raw,0,35,140,0.7000000000000001,right_ankle_roll_link,unconfirmed,159.8199462890625,[],False,False,unconfirmed_gpu_filter
zero,legacy_raw,1,35,140,0.7000000000000001,left_ankle_roll_link,unconfirmed,161.67239379882812,[],False,False,unconfirmed_gpu_filter
zero,legacy_raw,1,35,140,0.7000000000000001,right_ankle_roll_link,unconfirmed,159.83901977539062,[],False,False,unconfirmed_gpu_filter
zero,legacy_raw,2,35,140,0.7000000000000001,left_ankle_roll_link,unconfirmed,160.6480712890625,[],False,False,unconfirmed_gpu_filter
zero,legacy_raw,2,35,140,0.7000000000000001,right_ankle_roll_link,unconfirmed,159.32864379882812,[],False,False,unconfirmed_gpu_filter
zero,legacy_raw,3,35,140,0.7000000000000001,left_ankle_roll_link,unconfirmed,160.77183532714844,[],False,False,unconfirmed_gpu_filter
zero,legacy_raw,3,35,140,0.7000000000000001,right_ankle_roll_link,unconfirmed,159.3264923095703,[],False,False,unconfirmed_gpu_filter
zero,legacy_raw,4,35,140,0.7000000000000001,left_ankle_roll_link,unconfirmed,160.85385131835938,[],False,False,unconfirmed_gpu_filter
zero,legacy_raw,4,35,140,0.7000000000000001,right_ankle_roll_link,unconfirmed,159.5070343017578,[],False,False,unconfirmed_gpu_filter
zero,legacy_raw,5,35,140,0.7000000000000001,left_ankle_roll_link,unconfirmed,160.89190673828125,[],False,False,unconfirmed_gpu_filter
zero,legacy_raw,5,35,140,0.7000000000000001,right_ankle_roll_link,unconfirmed,159.36004638671875,[],False,False,unconfirmed_gpu_filter
zero,legacy_raw,6,35,140,0.7000000000000001,left_ankle_roll_link,unconfirmed,161.3846435546875,[],False,False,unconfirmed_gpu_filter
zero,legacy_raw,6,35,140,0.7000000000000001,right_ankle_roll_link,unconfirmed,159.84034729003906,[],False,False,unconfirmed_gpu_filter
zero,legacy_raw,7,35,140,0.7000000000000001,left_ankle_roll_link,unconfirmed,160.6368408203125,[],False,False,unconfirmed_gpu_filter
zero,legacy_raw,7,35,140,0.7000000000000001,right_ankle_roll_link,unconfirmed,159.4889373779297,[],False,False,unconfirmed_gpu_filter
zero,legacy_raw,0,36,144,0.72,left_ankle_roll_link,unconfirmed,160.8458251953125,[],False,False,unconfirmed_gpu_filter
zero,legacy_raw,0,36,144,0.72,right_ankle_roll_link,unconfirmed,159.2433319091797,[],False,False,unconfirmed_gpu_filter
zero,legacy_raw,1,36,144,0.72,left_ankle_roll_link,unconfirmed,160.81832885742188,[],False,False,unconfirmed_gpu_filter
zero,legacy_raw,1,36,144,0.72,right_ankle_roll_link,unconfirmed,159.57559204101562,[],False,False,unconfirmed_gpu_filter
zero,legacy_raw,2,36,144,0.72,left_ankle_roll_link,unconfirmed,160.76431274414062,[],False,False,unconfirmed_gpu_filter
zero,legacy_raw,2,36,144,0.72,right_ankle_roll_link,unconfirmed,159.15476989746094,[],False,False,unconfirmed_gpu_filter
zero,legacy_raw,3,36,144,0.72,left_ankle_roll_link,unconfirmed,160.61959838867188,[],False,False,unconfirmed_gpu_filter
zero,legacy_raw,3,36,144,0.72,right_ankle_roll_link,unconfirmed,159.14060974121094,[],False,False,unconfirmed_gpu_filter
zero,legacy_raw,4,36,144,0.72,left_ankle_roll_link,unconfirmed,160.81260681152344,[],False,False,unconfirmed_gpu_filter
zero,legacy_raw,4,36,144,0.72,right_ankle_roll_link,unconfirmed,159.13140869140625,[],False,False,unconfirmed_gpu_filter
zero,legacy_raw,5,36,144,0.72,left_ankle_roll_link,unconfirmed,160.70162963867188,[],False,False,unconfirmed_gpu_filter
zero,legacy_raw,5,36,144,0.72,right_ankle_roll_link,unconfirmed,159.09039306640625,[],False,False,unconfirmed_gpu_filter
zero,legacy_raw,6,36,144,0.72,left_ankle_roll_link,unconfirmed,161.09713745117188,[],False,False,unconfirmed_gpu_filter
zero,legacy_raw,6,36,144,0.72,right_ankle_roll_link,unconfirmed,159.3907470703125,[],False,False,unconfirmed_gpu_filter
zero,legacy_raw,7,36,144,0.72,left_ankle_roll_link,unconfirmed,160.7002410888672,[],False,False,unconfirmed_gpu_filter
zero,legacy_raw,7,36,144,0.72,right_ankle_roll_link,unconfirmed,159.290283203125,[],False,False,unconfirmed_gpu_filter
zero,legacy_raw,0,37,148,0.74,left_ankle_roll_link,unconfirmed,160.51641845703125,[],False,False,unconfirmed_gpu_filter
zero,legacy_raw,0,37,148,0.74,right_ankle_roll_link,unconfirmed,158.58163452148438,[],False,False,unconfirmed_gpu_filter
zero,legacy_raw,1,37,148,0.74,left_ankle_roll_link,unconfirmed,160.71958923339844,[],False,False,unconfirmed_gpu_filter
zero,legacy_raw,1,37,148,0.74,right_ankle_roll_link,unconfirmed,158.72743225097656,[],False,False,unconfirmed_gpu_filter
zero,legacy_raw,2,37,148,0.74,left_ankle_roll_link,unconfirmed,160.31124877929688,[],False,False,unconfirmed_gpu_filter
zero,legacy_raw,2,37,148,0.74,right_ankle_roll_link,unconfirmed,158.7126007080078,[],False,False,unconfirmed_gpu_filter
zero,legacy_raw,3,37,148,0.74,left_ankle_roll_link,unconfirmed,160.3800048828125,[],False,False,unconfirmed_gpu_filter
zero,legacy_raw,3,37,148,0.74,right_ankle_roll_link,unconfirmed,158.71456909179688,[],False,False,unconfirmed_gpu_filter
zero,legacy_raw,4,37,148,0.74,left_ankle_roll_link,unconfirmed,160.3580322265625,[],False,False,unconfirmed_gpu_filter
zero,legacy_raw,4,37,148,0.74,right_ankle_roll_link,unconfirmed,158.698974609375,[],False,False,unconfirmed_gpu_filter
zero,legacy_raw,5,37,148,0.74,left_ankle_roll_link,unconfirmed,160.3264923095703,[],False,False,unconfirmed_gpu_filter
zero,legacy_raw,5,37,148,0.74,right_ankle_roll_link,unconfirmed,158.55503845214844,[],False,False,unconfirmed_gpu_filter
zero,legacy_raw,6,37,148,0.74,left_ankle_roll_link,unconfirmed,160.39930725097656,[],False,False,unconfirmed_gpu_filter
zero,legacy_raw,6,37,148,0.74,right_ankle_roll_link,unconfirmed,158.7269287109375,[],False,False,unconfirmed_gpu_filter
zero,legacy_raw,7,37,148,0.74,left_ankle_roll_link,unconfirmed,160.4949493408203,[],False,False,unconfirmed_gpu_filter
zero,legacy_raw,7,37,148,0.74,right_ankle_roll_link,unconfirmed,158.92047119140625,[],False,False,unconfirmed_gpu_filter
zero,legacy_raw,0,38,152,0.76,left_ankle_roll_link,unconfirmed,160.07327270507812,[],False,False,unconfirmed_gpu_filter
zero,legacy_raw,0,38,152,0.76,right_ankle_roll_link,unconfirmed,158.3146209716797,[],False,False,unconfirmed_gpu_filter
zero,legacy_raw,1,38,152,0.76,left_ankle_roll_link,unconfirmed,159.95230102539062,[],False,False,unconfirmed_gpu_filter
zero,legacy_raw,1,38,152,0.76,right_ankle_roll_link,unconfirmed,158.19003295898438,[],False,False,unconfirmed_gpu_filter
zero,legacy_raw,2,38,152,0.76,left_ankle_roll_link,unconfirmed,159.98291015625,[],False,False,unconfirmed_gpu_filter
zero,legacy_raw,2,38,152,0.76,right_ankle_roll_link,unconfirmed,158.2455596923828,[],False,False,unconfirmed_gpu_filter
zero,legacy_raw,3,38,152,0.76,left_ankle_roll_link,unconfirmed,159.9980010986328,[],False,False,unconfirmed_gpu_filter
zero,legacy_raw,3,38,152,0.76,right_ankle_roll_link,unconfirmed,158.28318786621094,[],False,False,unconfirmed_gpu_filter
zero,legacy_raw,4,38,152,0.76,left_ankle_roll_link,unconfirmed,160.0541229248047,[],False,False,unconfirmed_gpu_filter
zero,legacy_raw,4,38,152,0.76,right_ankle_roll_link,unconfirmed,158.28128051757812,[],False,False,unconfirmed_gpu_filter
zero,legacy_raw,5,38,152,0.76,left_ankle_roll_link,unconfirmed,160.03643798828125,[],False,False,unconfirmed_gpu_filter
zero,legacy_raw,5,38,152,0.76,right_ankle_roll_link,unconfirmed,158.24810791015625,[],False,False,unconfirmed_gpu_filter
zero,legacy_raw,6,38,152,0.76,left_ankle_roll_link,unconfirmed,159.9948272705078,[],False,False,unconfirmed_gpu_filter
zero,legacy_raw,6,38,152,0.76,right_ankle_roll_link,unconfirmed,158.21762084960938,[],False,False,unconfirmed_gpu_filter
zero,legacy_raw,7,38,152,0.76,left_ankle_roll_link,unconfirmed,160.08740234375,[],False,False,unconfirmed_gpu_filter
zero,legacy_raw,7,38,152,0.76,right_ankle_roll_link,unconfirmed,158.3531951904297,[],False,False,unconfirmed_gpu_filter
zero,legacy_raw,0,39,156,0.78,left_ankle_roll_link,unconfirmed,159.6630859375,[],False,False,unconfirmed_gpu_filter
zero,legacy_raw,0,39,156,0.78,right_ankle_roll_link,unconfirmed,157.98428344726562,[],False,False,unconfirmed_gpu_filter
zero,legacy_raw,1,39,156,0.78,left_ankle_roll_link,unconfirmed,159.756591796875,[],False,False,unconfirmed_gpu_filter
zero,legacy_raw,1,39,156,0.78,right_ankle_roll_link,unconfirmed,157.7540740966797,[],False,False,unconfirmed_gpu_filter
zero,legacy_raw,2,39,156,0.78,left_ankle_roll_link,unconfirmed,159.62387084960938,[],False,False,unconfirmed_gpu_filter
zero,legacy_raw,2,39,156,0.78,right_ankle_roll_link,unconfirmed,157.659423828125,[],False,False,unconfirmed_gpu_filter
zero,legacy_raw,3,39,156,0.78,left_ankle_roll_link,unconfirmed,159.6727294921875,[],False,False,unconfirmed_gpu_filter
zero,legacy_raw,3,39,156,0.78,right_ankle_roll_link,unconfirmed,157.73814392089844,[],False,False,unconfirmed_gpu_filter
zero,legacy_raw,4,39,156,0.78,left_ankle_roll_link,unconfirmed,159.67091369628906,[],False,False,unconfirmed_gpu_filter
zero,legacy_raw,4,39,156,0.78,right_ankle_roll_link,unconfirmed,157.7497100830078,[],False,False,unconfirmed_gpu_filter
zero,legacy_raw,5,39,156,0.78,left_ankle_roll_link,unconfirmed,159.6451416015625,[],False,False,unconfirmed_gpu_filter
zero,legacy_raw,5,39,156,0.78,right_ankle_roll_link,unconfirmed,157.7126922607422,[],False,False,unconfirmed_gpu_filter
zero,legacy_raw,6,39,156,0.78,left_ankle_roll_link,unconfirmed,159.78704833984375,[],False,False,unconfirmed_gpu_filter
zero,legacy_raw,6,39,156,0.78,right_ankle_roll_link,unconfirmed,157.7806396484375,[],False,False,unconfirmed_gpu_filter
zero,legacy_raw,7,39,156,0.78,left_ankle_roll_link,unconfirmed,159.57733154296875,[],False,False,unconfirmed_gpu_filter
zero,legacy_raw,7,39,156,0.78,right_ankle_roll_link,unconfirmed,157.725830078125,[],False,False,unconfirmed_gpu_filter
zero,legacy_raw,0,40,160,0.8,left_ankle_roll_link,unconfirmed,159.66690063476562,[],False,False,unconfirmed_gpu_filter
zero,legacy_raw,0,40,160,0.8,right_ankle_roll_link,unconfirmed,157.23854064941406,[],False,False,unconfirmed_gpu_filter
zero,legacy_raw,1,40,160,0.8,left_ankle_roll_link,unconfirmed,159.45460510253906,[],False,False,unconfirmed_gpu_filter
zero,legacy_raw,1,40,160,0.8,right_ankle_roll_link,unconfirmed,157.2209930419922,[],False,False,unconfirmed_gpu_filter
zero,legacy_raw,2,40,160,0.8,left_ankle_roll_link,unconfirmed,159.2197723388672,[],False,False,unconfirmed_gpu_filter
zero,legacy_raw,2,40,160,0.8,right_ankle_roll_link,unconfirmed,157.11065673828125,[],False,False,unconfirmed_gpu_filter
zero,legacy_raw,3,40,160,0.8,left_ankle_roll_link,unconfirmed,159.26084899902344,[],False,False,unconfirmed_gpu_filter
zero,legacy_raw,3,40,160,0.8,right_ankle_roll_link,unconfirmed,157.05810546875,[],False,False,unconfirmed_gpu_filter
zero,legacy_raw,4,40,160,0.8,left_ankle_roll_link,unconfirmed,159.1501922607422,[],False,False,unconfirmed_gpu_filter
zero,legacy_raw,4,40,160,0.8,right_ankle_roll_link,unconfirmed,157.03005981445312,[],False,False,unconfirmed_gpu_filter
zero,legacy_raw,5,40,160,0.8,left_ankle_roll_link,unconfirmed,159.4197235107422,[],False,False,unconfirmed_gpu_filter
zero,legacy_raw,5,40,160,0.8,right_ankle_roll_link,unconfirmed,157.0915069580078,[],False,False,unconfirmed_gpu_filter
zero,legacy_raw,6,40,160,0.8,left_ankle_roll_link,unconfirmed,159.15557861328125,[],False,False,unconfirmed_gpu_filter
zero,legacy_raw,6,40,160,0.8,right_ankle_roll_link,unconfirmed,157.17555236816406,[],False,False,unconfirmed_gpu_filter
zero,legacy_raw,7,40,160,0.8,left_ankle_roll_link,unconfirmed,159.35543823242188,[],False,False,unconfirmed_gpu_filter
zero,legacy_raw,7,40,160,0.8,right_ankle_roll_link,unconfirmed,157.0503692626953,[],False,False,unconfirmed_gpu_filter
zero,legacy_raw,0,41,164,0.8200000000000001,left_ankle_roll_link,unconfirmed,159.03067016601562,[],False,False,unconfirmed_gpu_filter
zero,legacy_raw,0,41,164,0.8200000000000001,right_ankle_roll_link,unconfirmed,156.11199951171875,[],False,False,unconfirmed_gpu_filter
zero,legacy_raw,1,41,164,0.8200000000000001,left_ankle_roll_link,unconfirmed,158.75270080566406,[],False,False,unconfirmed_gpu_filter
zero,legacy_raw,1,41,164,0.8200000000000001,right_ankle_roll_link,unconfirmed,156.5461883544922,[],False,False,unconfirmed_gpu_filter
zero,legacy_raw,2,41,164,0.8200000000000001,left_ankle_roll_link,unconfirmed,158.9508819580078,[],False,False,unconfirmed_gpu_filter
zero,legacy_raw,2,41,164,0.8200000000000001,right_ankle_roll_link,unconfirmed,156.43861389160156,[],False,False,unconfirmed_gpu_filter
zero,legacy_raw,3,41,164,0.8200000000000001,left_ankle_roll_link,unconfirmed,158.79367065429688,[],False,False,unconfirmed_gpu_filter
zero,legacy_raw,3,41,164,0.8200000000000001,right_ankle_roll_link,unconfirmed,156.35281372070312,[],False,False,unconfirmed_gpu_filter
zero,legacy_raw,4,41,164,0.8200000000000001,left_ankle_roll_link,unconfirmed,158.81019592285156,[],False,False,unconfirmed_gpu_filter
zero,legacy_raw,4,41,164,0.8200000000000001,right_ankle_roll_link,unconfirmed,156.56736755371094,[],False,False,unconfirmed_gpu_filter
zero,legacy_raw,5,41,164,0.8200000000000001,left_ankle_roll_link,unconfirmed,158.98663330078125,[],False,False,unconfirmed_gpu_filter
zero,legacy_raw,5,41,164,0.8200000000000001,right_ankle_roll_link,unconfirmed,156.72207641601562,[],False,False,unconfirmed_gpu_filter
zero,legacy_raw,6,41,164,0.8200000000000001,left_ankle_roll_link,unconfirmed,158.9793701171875,[],False,False,unconfirmed_gpu_filter
zero,legacy_raw,6,41,164,0.8200000000000001,right_ankle_roll_link,unconfirmed,156.9442596435547,[],False,False,unconfirmed_gpu_filter
zero,legacy_raw,7,41,164,0.8200000000000001,left_ankle_roll_link,unconfirmed,158.85684204101562,[],False,False,unconfirmed_gpu_filter
zero,legacy_raw,7,41,164,0.8200000000000001,right_ankle_roll_link,unconfirmed,156.59129333496094,[],False,False,unconfirmed_gpu_filter
zero,legacy_raw,0,42,168,0.84,left_ankle_roll_link,unconfirmed,157.69700622558594,[],False,False,unconfirmed_gpu_filter
zero,legacy_raw,0,42,168,0.84,right_ankle_roll_link,unconfirmed,155.62368774414062,[],False,False,unconfirmed_gpu_filter
zero,legacy_raw,1,42,168,0.84,left_ankle_roll_link,unconfirmed,157.58029174804688,[],False,False,unconfirmed_gpu_filter
zero,legacy_raw,1,42,168,0.84,right_ankle_roll_link,unconfirmed,155.2877197265625,[],False,False,unconfirmed_gpu_filter
zero,legacy_raw,2,42,168,0.84,left_ankle_roll_link,unconfirmed,157.63711547851562,[],False,False,unconfirmed_gpu_filter
zero,legacy_raw,2,42,168,0.84,right_ankle_roll_link,unconfirmed,155.31771850585938,[],False,False,unconfirmed_gpu_filter
zero,legacy_raw,3,42,168,0.84,left_ankle_roll_link,unconfirmed,157.95419311523438,[],False,False,unconfirmed_gpu_filter
zero,legacy_raw,3,42,168,0.84,right_ankle_roll_link,unconfirmed,155.22369384765625,[],False,False,unconfirmed_gpu_filter
zero,legacy_raw,4,42,168,0.84,left_ankle_roll_link,unconfirmed,158.2280731201172,[],False,False,unconfirmed_gpu_filter
zero,legacy_raw,4,42,168,0.84,right_ankle_roll_link,unconfirmed,156.10203552246094,[],False,False,unconfirmed_gpu_filter
zero,legacy_raw,5,42,168,0.84,left_ankle_roll_link,unconfirmed,157.73046875,[],False,False,unconfirmed_gpu_filter
zero,legacy_raw,5,42,168,0.84,right_ankle_roll_link,unconfirmed,155.56674194335938,[],False,False,unconfirmed_gpu_filter
zero,legacy_raw,6,42,168,0.84,left_ankle_roll_link,unconfirmed,157.69448852539062,[],False,False,unconfirmed_gpu_filter
zero,legacy_raw,6,42,168,0.84,right_ankle_roll_link,unconfirmed,155.83995056152344,[],False,False,unconfirmed_gpu_filter
zero,legacy_raw,7,42,168,0.84,left_ankle_roll_link,unconfirmed,157.560302734375,[],False,False,unconfirmed_gpu_filter
zero,legacy_raw,7,42,168,0.84,right_ankle_roll_link,unconfirmed,155.36703491210938,[],False,False,unconfirmed_gpu_filter
zero,legacy_raw,0,43,172,0.86,left_ankle_roll_link,unconfirmed,156.8531494140625,[],False,False,unconfirmed_gpu_filter
zero,legacy_raw,0,43,172,0.86,right_ankle_roll_link,unconfirmed,154.34744262695312,[],False,False,unconfirmed_gpu_filter
zero,legacy_raw,1,43,172,0.86,left_ankle_roll_link,unconfirmed,156.6107177734375,[],False,False,unconfirmed_gpu_filter
zero,legacy_raw,1,43,172,0.86,right_ankle_roll_link,unconfirmed,154.31295776367188,[],False,False,unconfirmed_gpu_filter
zero,legacy_raw,2,43,172,0.86,left_ankle_roll_link,unconfirmed,156.79876708984375,[],False,False,unconfirmed_gpu_filter
zero,legacy_raw,2,43,172,0.86,right_ankle_roll_link,unconfirmed,154.044921875,[],False,False,unconfirmed_gpu_filter
zero,legacy_raw,3,43,172,0.86,left_ankle_roll_link,unconfirmed,157.0084228515625,[],False,False,unconfirmed_gpu_filter
zero,legacy_raw,3,43,172,0.86,right_ankle_roll_link,unconfirmed,154.21310424804688,[],False,False,unconfirmed_gpu_filter
zero,legacy_raw,4,43,172,0.86,left_ankle_roll_link,unconfirmed,156.97885131835938,[],False,False,unconfirmed_gpu_filter
zero,legacy_raw,4,43,172,0.86,right_ankle_roll_link,unconfirmed,154.1373291015625,[],False,False,unconfirmed_gpu_filter
zero,legacy_raw,5,43,172,0.86,left_ankle_roll_link,unconfirmed,156.8463592529297,[],False,False,unconfirmed_gpu_filter
zero,legacy_raw,5,43,172,0.86,right_ankle_roll_link,unconfirmed,154.27418518066406,[],False,False,unconfirmed_gpu_filter
zero,legacy_raw,6,43,172,0.86,left_ankle_roll_link,unconfirmed,156.8177490234375,[],False,False,unconfirmed_gpu_filter
zero,legacy_raw,6,43,172,0.86,right_ankle_roll_link,unconfirmed,154.361328125,[],False,False,unconfirmed_gpu_filter
zero,legacy_raw,7,43,172,0.86,left_ankle_roll_link,unconfirmed,157.016357421875,[],False,False,unconfirmed_gpu_filter
zero,legacy_raw,7,43,172,0.86,right_ankle_roll_link,unconfirmed,154.0927734375,[],False,False,unconfirmed_gpu_filter
zero,legacy_raw,0,44,176,0.88,left_ankle_roll_link,unconfirmed,155.9119110107422,[],False,False,unconfirmed_gpu_filter
zero,legacy_raw,0,44,176,0.88,right_ankle_roll_link,unconfirmed,153.3721923828125,[],False,False,unconfirmed_gpu_filter
zero,legacy_raw,1,44,176,0.88,left_ankle_roll_link,unconfirmed,155.68675231933594,[],False,False,unconfirmed_gpu_filter
zero,legacy_raw,1,44,176,0.88,right_ankle_roll_link,unconfirmed,152.896484375,[],False,False,unconfirmed_gpu_filter
zero,legacy_raw,2,44,176,0.88,left_ankle_roll_link,unconfirmed,155.96832275390625,[],False,False,unconfirmed_gpu_filter
zero,legacy_raw,2,44,176,0.88,right_ankle_roll_link,unconfirmed,153.1783447265625,[],False,False,unconfirmed_gpu_filter
zero,legacy_raw,3,44,176,0.88,left_ankle_roll_link,unconfirmed,155.66818237304688,[],False,False,unconfirmed_gpu_filter
zero,legacy_raw,3,44,176,0.88,right_ankle_roll_link,unconfirmed,153.17137145996094,[],False,False,unconfirmed_gpu_filter
zero,legacy_raw,4,44,176,0.88,left_ankle_roll_link,unconfirmed,156.09115600585938,[],False,False,unconfirmed_gpu_filter
zero,legacy_raw,4,44,176,0.88,right_ankle_roll_link,unconfirmed,153.28475952148438,[],False,False,unconfirmed_gpu_filter
zero,legacy_raw,5,44,176,0.88,left_ankle_roll_link,unconfirmed,156.10836791992188,[],False,False,unconfirmed_gpu_filter
zero,legacy_raw,5,44,176,0.88,right_ankle_roll_link,unconfirmed,153.164306640625,[],False,False,unconfirmed_gpu_filter
zero,legacy_raw,6,44,176,0.88,left_ankle_roll_link,unconfirmed,155.5333709716797,[],False,False,unconfirmed_gpu_filter
zero,legacy_raw,6,44,176,0.88,right_ankle_roll_link,unconfirmed,152.9539794921875,[],False,False,unconfirmed_gpu_filter
zero,legacy_raw,7,44,176,0.88,left_ankle_roll_link,unconfirmed,155.84962463378906,[],False,False,unconfirmed_gpu_filter
zero,legacy_raw,7,44,176,0.88,right_ankle_roll_link,unconfirmed,153.03082275390625,[],False,False,unconfirmed_gpu_filter
zero,legacy_raw,0,45,180,0.9,left_ankle_roll_link,unconfirmed,154.71429443359375,[],False,False,unconfirmed_gpu_filter
zero,legacy_raw,0,45,180,0.9,right_ankle_roll_link,unconfirmed,151.71078491210938,[],False,False,unconfirmed_gpu_filter
zero,legacy_raw,1,45,180,0.9,left_ankle_roll_link,unconfirmed,154.49916076660156,[],False,False,unconfirmed_gpu_filter
zero,legacy_raw,1,45,180,0.9,right_ankle_roll_link,unconfirmed,151.4710693359375,[],False,False,unconfirmed_gpu_filter
zero,legacy_raw,2,45,180,0.9,left_ankle_roll_link,unconfirmed,154.58175659179688,[],False,False,unconfirmed_gpu_filter
zero,legacy_raw,2,45,180,0.9,right_ankle_roll_link,unconfirmed,151.62254333496094,[],False,False,unconfirmed_gpu_filter
zero,legacy_raw,3,45,180,0.9,left_ankle_roll_link,unconfirmed,154.71311950683594,[],False,False,unconfirmed_gpu_filter
zero,legacy_raw,3,45,180,0.9,right_ankle_roll_link,unconfirmed,151.6123809814453,[],False,False,unconfirmed_gpu_filter
zero,legacy_raw,4,45,180,0.9,left_ankle_roll_link,unconfirmed,154.49082946777344,[],False,False,unconfirmed_gpu_filter
zero,legacy_raw,4,45,180,0.9,right_ankle_roll_link,unconfirmed,151.60025024414062,[],False,False,unconfirmed_gpu_filter
zero,legacy_raw,5,45,180,0.9,left_ankle_roll_link,unconfirmed,154.88272094726562,[],False,False,unconfirmed_gpu_filter
zero,legacy_raw,5,45,180,0.9,right_ankle_roll_link,unconfirmed,151.61338806152344,[],False,False,unconfirmed_gpu_filter
zero,legacy_raw,6,45,180,0.9,left_ankle_roll_link,unconfirmed,154.3847198486328,[],False,False,unconfirmed_gpu_filter
zero,legacy_raw,6,45,180,0.9,right_ankle_roll_link,unconfirmed,151.48272705078125,[],False,False,unconfirmed_gpu_filter
zero,legacy_raw,7,45,180,0.9,left_ankle_roll_link,unconfirmed,154.66571044921875,[],False,False,unconfirmed_gpu_filter
zero,legacy_raw,7,45,180,0.9,right_ankle_roll_link,unconfirmed,151.708740234375,[],False,False,unconfirmed_gpu_filter
zero,legacy_raw,0,46,184,0.92,left_ankle_roll_link,unconfirmed,153.10211181640625,[],False,False,unconfirmed_gpu_filter
zero,legacy_raw,0,46,184,0.92,right_ankle_roll_link,unconfirmed,150.125,[],False,False,unconfirmed_gpu_filter
zero,legacy_raw,1,46,184,0.92,left_ankle_roll_link,unconfirmed,153.39443969726562,[],False,False,unconfirmed_gpu_filter
zero,legacy_raw,1,46,184,0.92,right_ankle_roll_link,unconfirmed,149.8968505859375,[],False,False,unconfirmed_gpu_filter
zero,legacy_raw,2,46,184,0.92,left_ankle_roll_link,unconfirmed,153.3095245361328,[],False,False,unconfirmed_gpu_filter
zero,legacy_raw,2,46,184,0.92,right_ankle_roll_link,unconfirmed,150.0625762939453,[],False,False,unconfirmed_gpu_filter
zero,legacy_raw,3,46,184,0.92,left_ankle_roll_link,unconfirmed,153.16700744628906,[],False,False,unconfirmed_gpu_filter
zero,legacy_raw,3,46,184,0.92,right_ankle_roll_link,unconfirmed,149.848388671875,[],False,False,unconfirmed_gpu_filter
zero,legacy_raw,4,46,184,0.92,left_ankle_roll_link,unconfirmed,153.0382537841797,[],False,False,unconfirmed_gpu_filter
zero,legacy_raw,4,46,184,0.92,right_ankle_roll_link,unconfirmed,150.27670288085938,[],False,False,unconfirmed_gpu_filter
zero,legacy_raw,5,46,184,0.92,left_ankle_roll_link,unconfirmed,152.98414611816406,[],False,False,unconfirmed_gpu_filter
zero,legacy_raw,5,46,184,0.92,right_ankle_roll_link,unconfirmed,150.05906677246094,[],False,False,unconfirmed_gpu_filter
zero,legacy_raw,6,46,184,0.92,left_ankle_roll_link,unconfirmed,152.84426879882812,[],False,False,unconfirmed_gpu_filter
zero,legacy_raw,6,46,184,0.92,right_ankle_roll_link,unconfirmed,150.0072021484375,[],False,False,unconfirmed_gpu_filter
zero,legacy_raw,7,46,184,0.92,left_ankle_roll_link,unconfirmed,153.29669189453125,[],False,False,unconfirmed_gpu_filter
zero,legacy_raw,7,46,184,0.92,right_ankle_roll_link,unconfirmed,150.05499267578125,[],False,False,unconfirmed_gpu_filter
zero,legacy_raw,0,47,188,0.9400000000000001,left_ankle_roll_link,unconfirmed,151.85867309570312,[],False,False,unconfirmed_gpu_filter
zero,legacy_raw,0,47,188,0.9400000000000001,right_ankle_roll_link,unconfirmed,148.53697204589844,[],False,False,unconfirmed_gpu_filter
zero,legacy_raw,1,47,188,0.9400000000000001,left_ankle_roll_link,unconfirmed,151.847900390625,[],False,False,unconfirmed_gpu_filter
zero,legacy_raw,1,47,188,0.9400000000000001,right_ankle_roll_link,unconfirmed,148.330810546875,[],False,False,unconfirmed_gpu_filter
zero,legacy_raw,2,47,188,0.9400000000000001,left_ankle_roll_link,unconfirmed,151.65411376953125,[],False,False,unconfirmed_gpu_filter
zero,legacy_raw,2,47,188,0.9400000000000001,right_ankle_roll_link,unconfirmed,148.37969970703125,[],False,False,unconfirmed_gpu_filter
zero,legacy_raw,3,47,188,0.9400000000000001,left_ankle_roll_link,unconfirmed,151.5474395751953,[],False,False,unconfirmed_gpu_filter
zero,legacy_raw,3,47,188,0.9400000000000001,right_ankle_roll_link,unconfirmed,148.35089111328125,[],False,False,unconfirmed_gpu_filter
zero,legacy_raw,4,47,188,0.9400000000000001,left_ankle_roll_link,unconfirmed,151.61790466308594,[],False,False,unconfirmed_gpu_filter
zero,legacy_raw,4,47,188,0.9400000000000001,right_ankle_roll_link,unconfirmed,148.10121154785156,[],False,False,unconfirmed_gpu_filter
zero,legacy_raw,5,47,188,0.9400000000000001,left_ankle_roll_link,unconfirmed,151.5665283203125,[],False,False,unconfirmed_gpu_filter
zero,legacy_raw,5,47,188,0.9400000000000001,right_ankle_roll_link,unconfirmed,148.39486694335938,[],False,False,unconfirmed_gpu_filter
zero,legacy_raw,6,47,188,0.9400000000000001,left_ankle_roll_link,unconfirmed,151.70755004882812,[],False,False,unconfirmed_gpu_filter
zero,legacy_raw,6,47,188,0.9400000000000001,right_ankle_roll_link,unconfirmed,148.3480987548828,[],False,False,unconfirmed_gpu_filter
zero,legacy_raw,7,47,188,0.9400000000000001,left_ankle_roll_link,unconfirmed,151.82374572753906,[],False,False,unconfirmed_gpu_filter
zero,legacy_raw,7,47,188,0.9400000000000001,right_ankle_roll_link,unconfirmed,148.21255493164062,[],False,False,unconfirmed_gpu_filter
zero,legacy_raw,0,48,192,0.96,left_ankle_roll_link,unconfirmed,475.2373962402344,[],False,False,unconfirmed_gpu_filter
zero,legacy_raw,0,48,192,0.96,right_ankle_roll_link,unconfirmed,198.4405517578125,[],False,False,unconfirmed_gpu_filter
zero,legacy_raw,1,48,192,0.96,left_ankle_roll_link,unconfirmed,474.78680419921875,[],False,False,unconfirmed_gpu_filter
zero,legacy_raw,1,48,192,0.96,right_ankle_roll_link,unconfirmed,198.27716064453125,[],False,False,unconfirmed_gpu_filter
zero,legacy_raw,2,48,192,0.96,left_ankle_roll_link,unconfirmed,475.2467041015625,[],False,False,unconfirmed_gpu_filter
zero,legacy_raw,2,48,192,0.96,right_ankle_roll_link,unconfirmed,198.76246643066406,[],False,False,unconfirmed_gpu_filter
zero,legacy_raw,3,48,192,0.96,left_ankle_roll_link,unconfirmed,475.85150146484375,[],False,False,unconfirmed_gpu_filter
zero,legacy_raw,3,48,192,0.96,right_ankle_roll_link,unconfirmed,200.02195739746094,[],False,False,unconfirmed_gpu_filter
zero,legacy_raw,4,48,192,0.96,left_ankle_roll_link,unconfirmed,474.6239929199219,[],False,False,unconfirmed_gpu_filter
zero,legacy_raw,4,48,192,0.96,right_ankle_roll_link,unconfirmed,198.8307647705078,[],False,False,unconfirmed_gpu_filter
zero,legacy_raw,5,48,192,0.96,left_ankle_roll_link,unconfirmed,474.372802734375,[],False,False,unconfirmed_gpu_filter
zero,legacy_raw,5,48,192,0.96,right_ankle_roll_link,unconfirmed,198.38124084472656,[],False,False,unconfirmed_gpu_filter
zero,legacy_raw,6,48,192,0.96,left_ankle_roll_link,unconfirmed,475.8427429199219,[],False,False,unconfirmed_gpu_filter
zero,legacy_raw,6,48,192,0.96,right_ankle_roll_link,unconfirmed,200.07733154296875,[],False,False,unconfirmed_gpu_filter
zero,legacy_raw,7,48,192,0.96,left_ankle_roll_link,unconfirmed,474.1653137207031,[],False,False,unconfirmed_gpu_filter
zero,legacy_raw,7,48,192,0.96,right_ankle_roll_link,unconfirmed,197.0070037841797,[],False,False,unconfirmed_gpu_filter
zero,legacy_raw,0,49,196,0.98,left_ankle_roll_link,unconfirmed,124.0450668334961,[],False,False,unconfirmed_gpu_filter
zero,legacy_raw,0,49,196,0.98,right_ankle_roll_link,unconfirmed,325.78204345703125,[],False,False,unconfirmed_gpu_filter
zero,legacy_raw,1,49,196,0.98,left_ankle_roll_link,unconfirmed,122.22599792480469,[],False,False,unconfirmed_gpu_filter
zero,legacy_raw,1,49,196,0.98,right_ankle_roll_link,unconfirmed,325.65887451171875,[],False,False,unconfirmed_gpu_filter
zero,legacy_raw,2,49,196,0.98,left_ankle_roll_link,unconfirmed,123.4336166381836,[],False,False,unconfirmed_gpu_filter
zero,legacy_raw,2,49,196,0.98,right_ankle_roll_link,unconfirmed,324.9786682128906,[],False,False,unconfirmed_gpu_filter
zero,legacy_raw,3,49,196,0.98,left_ankle_roll_link,unconfirmed,122.5566635131836,[],False,False,unconfirmed_gpu_filter
zero,legacy_raw,3,49,196,0.98,right_ankle_roll_link,unconfirmed,323.7621154785156,[],False,False,unconfirmed_gpu_filter
zero,legacy_raw,4,49,196,0.98,left_ankle_roll_link,unconfirmed,123.45536041259766,[],False,False,unconfirmed_gpu_filter
zero,legacy_raw,4,49,196,0.98,right_ankle_roll_link,unconfirmed,325.1477355957031,[],False,False,unconfirmed_gpu_filter
zero,legacy_raw,5,49,196,0.98,left_ankle_roll_link,unconfirmed,124.37841796875,[],False,False,unconfirmed_gpu_filter
zero,legacy_raw,5,49,196,0.98,right_ankle_roll_link,unconfirmed,325.58929443359375,[],False,False,unconfirmed_gpu_filter
zero,legacy_raw,6,49,196,0.98,left_ankle_roll_link,unconfirmed,122.97318267822266,[],False,False,unconfirmed_gpu_filter
zero,legacy_raw,6,49,196,0.98,right_ankle_roll_link,unconfirmed,323.1466369628906,[],False,False,unconfirmed_gpu_filter
zero,legacy_raw,7,49,196,0.98,left_ankle_roll_link,unconfirmed,124.84797668457031,[],False,False,unconfirmed_gpu_filter
zero,legacy_raw,7,49,196,0.98,right_ankle_roll_link,unconfirmed,327.4322509765625,[],False,False,unconfirmed_gpu_filter
zero,legacy_raw,0,50,200,1.0,left_ankle_roll_link,unconfirmed,228.45162963867188,[],False,False,unconfirmed_gpu_filter
zero,legacy_raw,0,50,200,1.0,right_ankle_roll_link,unconfirmed,114.49401092529297,[],False,False,unconfirmed_gpu_filter
zero,legacy_raw,1,50,200,1.0,left_ankle_roll_link,unconfirmed,227.81411743164062,[],False,False,unconfirmed_gpu_filter
zero,legacy_raw,1,50,200,1.0,right_ankle_roll_link,unconfirmed,114.314697265625,[],False,False,unconfirmed_gpu_filter
zero,legacy_raw,2,50,200,1.0,left_ankle_roll_link,unconfirmed,228.17169189453125,[],False,False,unconfirmed_gpu_filter
zero,legacy_raw,2,50,200,1.0,right_ankle_roll_link,unconfirmed,113.88117218017578,[],False,False,unconfirmed_gpu_filter
zero,legacy_raw,3,50,200,1.0,left_ankle_roll_link,unconfirmed,227.79180908203125,[],False,False,unconfirmed_gpu_filter
zero,legacy_raw,3,50,200,1.0,right_ankle_roll_link,unconfirmed,113.08284759521484,[],False,False,unconfirmed_gpu_filter
zero,legacy_raw,4,50,200,1.0,left_ankle_roll_link,unconfirmed,228.10205078125,[],False,False,unconfirmed_gpu_filter
zero,legacy_raw,4,50,200,1.0,right_ankle_roll_link,unconfirmed,114.86336517333984,[],False,False,unconfirmed_gpu_filter
zero,legacy_raw,5,50,200,1.0,left_ankle_roll_link,unconfirmed,228.1949462890625,[],False,False,unconfirmed_gpu_filter
zero,legacy_raw,5,50,200,1.0,right_ankle_roll_link,unconfirmed,115.00175476074219,[],False,False,unconfirmed_gpu_filter
zero,legacy_raw,6,50,200,1.0,left_ankle_roll_link,unconfirmed,227.88339233398438,[],False,False,unconfirmed_gpu_filter
zero,legacy_raw,6,50,200,1.0,right_ankle_roll_link,unconfirmed,113.25457000732422,[],False,False,unconfirmed_gpu_filter
zero,legacy_raw,7,50,200,1.0,left_ankle_roll_link,unconfirmed,228.38796997070312,[],False,False,unconfirmed_gpu_filter
zero,legacy_raw,7,50,200,1.0,right_ankle_roll_link,unconfirmed,116.55375671386719,[],False,False,unconfirmed_gpu_filter
zero,legacy_raw,0,51,204,1.02,left_ankle_roll_link,unconfirmed,164.87135314941406,[],False,False,unconfirmed_gpu_filter
zero,legacy_raw,0,51,204,1.02,right_ankle_roll_link,unconfirmed,226.54360961914062,[],False,False,unconfirmed_gpu_filter
zero,legacy_raw,1,51,204,1.02,left_ankle_roll_link,unconfirmed,165.699462890625,[],False,False,unconfirmed_gpu_filter
zero,legacy_raw,1,51,204,1.02,right_ankle_roll_link,unconfirmed,222.71072387695312,[],False,False,unconfirmed_gpu_filter
zero,legacy_raw,2,51,204,1.02,left_ankle_roll_link,unconfirmed,164.8321075439453,[],False,False,unconfirmed_gpu_filter
zero,legacy_raw,2,51,204,1.02,right_ankle_roll_link,unconfirmed,227.04208374023438,[],False,False,unconfirmed_gpu_filter
zero,legacy_raw,3,51,204,1.02,left_ankle_roll_link,unconfirmed,165.08575439453125,[],False,False,unconfirmed_gpu_filter
zero,legacy_raw,3,51,204,1.02,right_ankle_roll_link,unconfirmed,228.0418701171875,[],False,False,unconfirmed_gpu_filter
zero,legacy_raw,4,51,204,1.02,left_ankle_roll_link,unconfirmed,164.28857421875,[],False,False,unconfirmed_gpu_filter
zero,legacy_raw,4,51,204,1.02,right_ankle_roll_link,unconfirmed,225.80706787109375,[],False,False,unconfirmed_gpu_filter
zero,legacy_raw,5,51,204,1.02,left_ankle_roll_link,unconfirmed,163.9765625,[],False,False,unconfirmed_gpu_filter
zero,legacy_raw,5,51,204,1.02,right_ankle_roll_link,unconfirmed,225.5667266845703,[],False,False,unconfirmed_gpu_filter
zero,legacy_raw,6,51,204,1.02,left_ankle_roll_link,unconfirmed,165.71856689453125,[],False,False,unconfirmed_gpu_filter
zero,legacy_raw,6,51,204,1.02,right_ankle_roll_link,unconfirmed,228.41351318359375,[],False,False,unconfirmed_gpu_filter
zero,legacy_raw,7,51,204,1.02,left_ankle_roll_link,unconfirmed,164.04051208496094,[],False,False,unconfirmed_gpu_filter
zero,legacy_raw,7,51,204,1.02,right_ankle_roll_link,unconfirmed,223.32003784179688,[],False,False,unconfirmed_gpu_filter
zero,legacy_raw,0,52,208,1.04,left_ankle_roll_link,unconfirmed,159.2754669189453,[],False,False,unconfirmed_gpu_filter
zero,legacy_raw,0,52,208,1.04,right_ankle_roll_link,unconfirmed,165.56912231445312,[],False,False,unconfirmed_gpu_filter
zero,legacy_raw,1,52,208,1.04,left_ankle_roll_link,unconfirmed,159.4735107421875,[],False,False,unconfirmed_gpu_filter
zero,legacy_raw,1,52,208,1.04,right_ankle_roll_link,unconfirmed,165.2179412841797,[],False,False,unconfirmed_gpu_filter
zero,legacy_raw,2,52,208,1.04,left_ankle_roll_link,unconfirmed,159.47764587402344,[],False,False,unconfirmed_gpu_filter
zero,legacy_raw,2,52,208,1.04,right_ankle_roll_link,unconfirmed,166.5457763671875,[],False,False,unconfirmed_gpu_filter
zero,legacy_raw,3,52,208,1.04,left_ankle_roll_link,unconfirmed,159.38418579101562,[],False,False,unconfirmed_gpu_filter
zero,legacy_raw,3,52,208,1.04,right_ankle_roll_link,unconfirmed,166.84243774414062,[],False,False,unconfirmed_gpu_filter
zero,legacy_raw,4,52,208,1.04,left_ankle_roll_link,unconfirmed,159.33285522460938,[],False,False,unconfirmed_gpu_filter
zero,legacy_raw,4,52,208,1.04,right_ankle_roll_link,unconfirmed,165.42324829101562,[],False,False,unconfirmed_gpu_filter
zero,legacy_raw,5,52,208,1.04,left_ankle_roll_link,unconfirmed,159.06695556640625,[],False,False,unconfirmed_gpu_filter
zero,legacy_raw,5,52,208,1.04,right_ankle_roll_link,unconfirmed,165.1539764404297,[],False,False,unconfirmed_gpu_filter
zero,legacy_raw,6,52,208,1.04,left_ankle_roll_link,unconfirmed,160.28399658203125,[],False,False,unconfirmed_gpu_filter
zero,legacy_raw,6,52,208,1.04,right_ankle_roll_link,unconfirmed,167.33782958984375,[],False,False,unconfirmed_gpu_filter
zero,legacy_raw,7,52,208,1.04,left_ankle_roll_link,unconfirmed,159.13925170898438,[],False,False,unconfirmed_gpu_filter
zero,legacy_raw,7,52,208,1.04,right_ankle_roll_link,unconfirmed,164.35708618164062,[],False,False,unconfirmed_gpu_filter
zero,legacy_raw,0,53,212,1.06,left_ankle_roll_link,unconfirmed,150.65286254882812,[],False,False,unconfirmed_gpu_filter
zero,legacy_raw,0,53,212,1.06,right_ankle_roll_link,unconfirmed,140.4765167236328,[],False,False,unconfirmed_gpu_filter
zero,legacy_raw,1,53,212,1.06,left_ankle_roll_link,unconfirmed,150.76553344726562,[],False,False,unconfirmed_gpu_filter
zero,legacy_raw,1,53,212,1.06,right_ankle_roll_link,unconfirmed,140.11968994140625,[],False,False,unconfirmed_gpu_filter
zero,legacy_raw,2,53,212,1.06,left_ankle_roll_link,unconfirmed,150.96986389160156,[],False,False,unconfirmed_gpu_filter
zero,legacy_raw,2,53,212,1.06,right_ankle_roll_link,unconfirmed,140.4701690673828,[],False,False,unconfirmed_gpu_filter
zero,legacy_raw,3,53,212,1.06,left_ankle_roll_link,unconfirmed,150.78221130371094,[],False,False,unconfirmed_gpu_filter
zero,legacy_raw,3,53,212,1.06,right_ankle_roll_link,unconfirmed,140.38856506347656,[],False,False,unconfirmed_gpu_filter
zero,legacy_raw,4,53,212,1.06,left_ankle_roll_link,unconfirmed,150.66847229003906,[],False,False,unconfirmed_gpu_filter
zero,legacy_raw,4,53,212,1.06,right_ankle_roll_link,unconfirmed,140.47093200683594,[],False,False,unconfirmed_gpu_filter
zero,legacy_raw,5,53,212,1.06,left_ankle_roll_link,unconfirmed,150.3838653564453,[],False,False,unconfirmed_gpu_filter
zero,legacy_raw,5,53,212,1.06,right_ankle_roll_link,unconfirmed,140.37518310546875,[],False,False,unconfirmed_gpu_filter
zero,legacy_raw,6,53,212,1.06,left_ankle_roll_link,unconfirmed,151.14926147460938,[],False,False,unconfirmed_gpu_filter
zero,legacy_raw,6,53,212,1.06,right_ankle_roll_link,unconfirmed,140.57118225097656,[],False,False,unconfirmed_gpu_filter
zero,legacy_raw,7,53,212,1.06,left_ankle_roll_link,unconfirmed,150.61582946777344,[],False,False,unconfirmed_gpu_filter
zero,legacy_raw,7,53,212,1.06,right_ankle_roll_link,unconfirmed,140.54974365234375,[],False,False,unconfirmed_gpu_filter
zero,legacy_raw,0,54,216,1.08,left_ankle_roll_link,unconfirmed,139.4745635986328,[],False,False,unconfirmed_gpu_filter
zero,legacy_raw,0,54,216,1.08,right_ankle_roll_link,unconfirmed,128.0258026123047,[],False,False,unconfirmed_gpu_filter
zero,legacy_raw,1,54,216,1.08,left_ankle_roll_link,unconfirmed,139.73374938964844,[],False,False,unconfirmed_gpu_filter
zero,legacy_raw,1,54,216,1.08,right_ankle_roll_link,unconfirmed,127.6590576171875,[],False,False,unconfirmed_gpu_filter
zero,legacy_raw,2,54,216,1.08,left_ankle_roll_link,unconfirmed,139.63851928710938,[],False,False,unconfirmed_gpu_filter
zero,legacy_raw,2,54,216,1.08,right_ankle_roll_link,unconfirmed,127.9987564086914,[],False,False,unconfirmed_gpu_filter
zero,legacy_raw,3,54,216,1.08,left_ankle_roll_link,unconfirmed,139.43568420410156,[],False,False,unconfirmed_gpu_filter
zero,legacy_raw,3,54,216,1.08,right_ankle_roll_link,unconfirmed,127.96986389160156,[],False,False,unconfirmed_gpu_filter
zero,legacy_raw,4,54,216,1.08,left_ankle_roll_link,unconfirmed,139.61769104003906,[],False,False,unconfirmed_gpu_filter
zero,legacy_raw,4,54,216,1.08,right_ankle_roll_link,unconfirmed,128.3235321044922,[],False,False,unconfirmed_gpu_filter
zero,legacy_raw,5,54,216,1.08,left_ankle_roll_link,unconfirmed,139.64869689941406,[],False,False,unconfirmed_gpu_filter
zero,legacy_raw,5,54,216,1.08,right_ankle_roll_link,unconfirmed,128.01759338378906,[],False,False,unconfirmed_gpu_filter
zero,legacy_raw,6,54,216,1.08,left_ankle_roll_link,unconfirmed,139.5674285888672,[],False,False,unconfirmed_gpu_filter
zero,legacy_raw,6,54,216,1.08,right_ankle_roll_link,unconfirmed,128.28282165527344,[],False,False,unconfirmed_gpu_filter
zero,legacy_raw,7,54,216,1.08,left_ankle_roll_link,unconfirmed,139.6915283203125,[],False,False,unconfirmed_gpu_filter
zero,legacy_raw,7,54,216,1.08,right_ankle_roll_link,unconfirmed,128.29185485839844,[],False,False,unconfirmed_gpu_filter
zero,legacy_raw,0,55,220,1.1,left_ankle_roll_link,unconfirmed,150.40928649902344,[],False,False,unconfirmed_gpu_filter
zero,legacy_raw,0,55,220,1.1,right_ankle_roll_link,unconfirmed,122.92351531982422,[],False,False,unconfirmed_gpu_filter
zero,legacy_raw,1,55,220,1.1,left_ankle_roll_link,unconfirmed,150.5598602294922,[],False,False,unconfirmed_gpu_filter
zero,legacy_raw,1,55,220,1.1,right_ankle_roll_link,unconfirmed,123.1728286743164,[],False,False,unconfirmed_gpu_filter
zero,legacy_raw,2,55,220,1.1,left_ankle_roll_link,unconfirmed,150.4897918701172,[],False,False,unconfirmed_gpu_filter
zero,legacy_raw,2,55,220,1.1,right_ankle_roll_link,unconfirmed,122.7076416015625,[],False,False,unconfirmed_gpu_filter
zero,legacy_raw,3,55,220,1.1,left_ankle_roll_link,unconfirmed,150.481201171875,[],False,False,unconfirmed_gpu_filter
zero,legacy_raw,3,55,220,1.1,right_ankle_roll_link,unconfirmed,122.87875366210938,[],False,False,unconfirmed_gpu_filter
zero,legacy_raw,4,55,220,1.1,left_ankle_roll_link,unconfirmed,150.4333953857422,[],False,False,unconfirmed_gpu_filter
zero,legacy_raw,4,55,220,1.1,right_ankle_roll_link,unconfirmed,122.75823211669922,[],False,False,unconfirmed_gpu_filter
zero,legacy_raw,5,55,220,1.1,left_ankle_roll_link,unconfirmed,150.35159301757812,[],False,False,unconfirmed_gpu_filter
zero,legacy_raw,5,55,220,1.1,right_ankle_roll_link,unconfirmed,122.92280578613281,[],False,False,unconfirmed_gpu_filter
zero,legacy_raw,6,55,220,1.1,left_ankle_roll_link,unconfirmed,150.83819580078125,[],False,False,unconfirmed_gpu_filter
zero,legacy_raw,6,55,220,1.1,right_ankle_roll_link,unconfirmed,122.49249267578125,[],False,False,unconfirmed_gpu_filter
zero,legacy_raw,7,55,220,1.1,left_ankle_roll_link,unconfirmed,150.3865509033203,[],False,False,unconfirmed_gpu_filter
zero,legacy_raw,7,55,220,1.1,right_ankle_roll_link,unconfirmed,122.50152587890625,[],False,False,unconfirmed_gpu_filter
zero,legacy_raw,0,56,224,1.12,left_ankle_roll_link,unconfirmed,131.67723083496094,[],False,False,unconfirmed_gpu_filter
zero,legacy_raw,0,56,224,1.12,right_ankle_roll_link,unconfirmed,133.69198608398438,[],False,False,unconfirmed_gpu_filter
zero,legacy_raw,1,56,224,1.12,left_ankle_roll_link,unconfirmed,131.7195587158203,[],False,False,unconfirmed_gpu_filter
zero,legacy_raw,1,56,224,1.12,right_ankle_roll_link,unconfirmed,133.74374389648438,[],False,False,unconfirmed_gpu_filter
zero,legacy_raw,2,56,224,1.12,left_ankle_roll_link,unconfirmed,131.7969207763672,[],False,False,unconfirmed_gpu_filter
zero,legacy_raw,2,56,224,1.12,right_ankle_roll_link,unconfirmed,133.83998107910156,[],False,False,unconfirmed_gpu_filter
zero,legacy_raw,3,56,224,1.12,left_ankle_roll_link,unconfirmed,131.86561584472656,[],False,False,unconfirmed_gpu_filter
zero,legacy_raw,3,56,224,1.12,right_ankle_roll_link,unconfirmed,133.65408325195312,[],False,False,unconfirmed_gpu_filter
zero,legacy_raw,4,56,224,1.12,left_ankle_roll_link,unconfirmed,131.6488800048828,[],False,False,unconfirmed_gpu_filter
zero,legacy_raw,4,56,224,1.12,right_ankle_roll_link,unconfirmed,133.94374084472656,[],False,False,unconfirmed_gpu_filter
zero,legacy_raw,5,56,224,1.12,left_ankle_roll_link,unconfirmed,131.83563232421875,[],False,False,unconfirmed_gpu_filter
zero,legacy_raw,5,56,224,1.12,right_ankle_roll_link,unconfirmed,134.059326171875,[],False,False,unconfirmed_gpu_filter
zero,legacy_raw,6,56,224,1.12,left_ankle_roll_link,unconfirmed,132.08941650390625,[],False,False,unconfirmed_gpu_filter
zero,legacy_raw,6,56,224,1.12,right_ankle_roll_link,unconfirmed,133.83180236816406,[],False,False,unconfirmed_gpu_filter
zero,legacy_raw,7,56,224,1.12,left_ankle_roll_link,unconfirmed,131.96841430664062,[],False,False,unconfirmed_gpu_filter
zero,legacy_raw,7,56,224,1.12,right_ankle_roll_link,unconfirmed,133.60238647460938,[],False,False,unconfirmed_gpu_filter
zero,legacy_raw,0,57,228,1.1400000000000001,left_ankle_roll_link,unconfirmed,127.29605102539062,[],False,False,unconfirmed_gpu_filter
zero,legacy_raw,0,57,228,1.1400000000000001,right_ankle_roll_link,unconfirmed,119.17240905761719,[],False,False,unconfirmed_gpu_filter
zero,legacy_raw,1,57,228,1.1400000000000001,left_ankle_roll_link,unconfirmed,127.0795669555664,[],False,False,unconfirmed_gpu_filter
zero,legacy_raw,1,57,228,1.1400000000000001,right_ankle_roll_link,unconfirmed,119.05394744873047,[],False,False,unconfirmed_gpu_filter
zero,legacy_raw,2,57,228,1.1400000000000001,left_ankle_roll_link,unconfirmed,127.11927032470703,[],False,False,unconfirmed_gpu_filter
zero,legacy_raw,2,57,228,1.1400000000000001,right_ankle_roll_link,unconfirmed,119.09581756591797,[],False,False,unconfirmed_gpu_filter
zero,legacy_raw,3,57,228,1.1400000000000001,left_ankle_roll_link,unconfirmed,126.99586486816406,[],False,False,unconfirmed_gpu_filter
zero,legacy_raw,3,57,228,1.1400000000000001,right_ankle_roll_link,unconfirmed,118.88726806640625,[],False,False,unconfirmed_gpu_filter
zero,legacy_raw,4,57,228,1.1400000000000001,left_ankle_roll_link,unconfirmed,126.97948455810547,[],False,False,unconfirmed_gpu_filter
zero,legacy_raw,4,57,228,1.1400000000000001,right_ankle_roll_link,unconfirmed,118.91979217529297,[],False,False,unconfirmed_gpu_filter
zero,legacy_raw,5,57,228,1.1400000000000001,left_ankle_roll_link,unconfirmed,127.22288513183594,[],False,False,unconfirmed_gpu_filter
zero,legacy_raw,5,57,228,1.1400000000000001,right_ankle_roll_link,unconfirmed,118.92176818847656,[],False,False,unconfirmed_gpu_filter
zero,legacy_raw,6,57,228,1.1400000000000001,left_ankle_roll_link,unconfirmed,127.41870880126953,[],False,False,unconfirmed_gpu_filter
zero,legacy_raw,6,57,228,1.1400000000000001,right_ankle_roll_link,unconfirmed,118.78907775878906,[],False,False,unconfirmed_gpu_filter
zero,legacy_raw,7,57,228,1.1400000000000001,left_ankle_roll_link,unconfirmed,127.1041488647461,[],False,False,unconfirmed_gpu_filter
zero,legacy_raw,7,57,228,1.1400000000000001,right_ankle_roll_link,unconfirmed,119.088623046875,[],False,False,unconfirmed_gpu_filter
zero,legacy_raw,0,58,232,1.16,left_ankle_roll_link,unconfirmed,121.41914367675781,[],False,False,unconfirmed_gpu_filter
zero,legacy_raw,0,58,232,1.16,right_ankle_roll_link,unconfirmed,106.25639343261719,[],False,False,unconfirmed_gpu_filter
zero,legacy_raw,1,58,232,1.16,left_ankle_roll_link,unconfirmed,121.29039764404297,[],False,False,unconfirmed_gpu_filter
zero,legacy_raw,1,58,232,1.16,right_ankle_roll_link,unconfirmed,106.197265625,[],False,False,unconfirmed_gpu_filter
zero,legacy_raw,2,58,232,1.16,left_ankle_roll_link,unconfirmed,121.18218994140625,[],False,False,unconfirmed_gpu_filter
zero,legacy_raw,2,58,232,1.16,right_ankle_roll_link,unconfirmed,106.06614685058594,[],False,False,unconfirmed_gpu_filter
zero,legacy_raw,3,58,232,1.16,left_ankle_roll_link,unconfirmed,121.28126525878906,[],False,False,unconfirmed_gpu_filter
zero,legacy_raw,3,58,232,1.16,right_ankle_roll_link,unconfirmed,106.14405822753906,[],False,False,unconfirmed_gpu_filter
zero,legacy_raw,4,58,232,1.16,left_ankle_roll_link,unconfirmed,121.30863952636719,[],False,False,unconfirmed_gpu_filter
zero,legacy_raw,4,58,232,1.16,right_ankle_roll_link,unconfirmed,105.90129089355469,[],False,False,unconfirmed_gpu_filter
zero,legacy_raw,5,58,232,1.16,left_ankle_roll_link,unconfirmed,121.25894165039062,[],False,False,unconfirmed_gpu_filter
zero,legacy_raw,5,58,232,1.16,right_ankle_roll_link,unconfirmed,106.11585235595703,[],False,False,unconfirmed_gpu_filter
zero,legacy_raw,6,58,232,1.16,left_ankle_roll_link,unconfirmed,121.45413208007812,[],False,False,unconfirmed_gpu_filter
zero,legacy_raw,6,58,232,1.16,right_ankle_roll_link,unconfirmed,105.69510650634766,[],False,False,unconfirmed_gpu_filter
zero,legacy_raw,7,58,232,1.16,left_ankle_roll_link,unconfirmed,121.19963073730469,[],False,False,unconfirmed_gpu_filter
zero,legacy_raw,7,58,232,1.16,right_ankle_roll_link,unconfirmed,105.86099243164062,[],False,False,unconfirmed_gpu_filter
zero,legacy_raw,0,59,236,1.18,left_ankle_roll_link,unconfirmed,113.60335540771484,[],False,False,unconfirmed_gpu_filter
zero,legacy_raw,0,59,236,1.18,right_ankle_roll_link,unconfirmed,98.83998107910156,[],False,False,unconfirmed_gpu_filter
zero,legacy_raw,1,59,236,1.18,left_ankle_roll_link,unconfirmed,113.62775421142578,[],False,False,unconfirmed_gpu_filter
zero,legacy_raw,1,59,236,1.18,right_ankle_roll_link,unconfirmed,98.76732635498047,[],False,False,unconfirmed_gpu_filter
zero,legacy_raw,2,59,236,1.18,left_ankle_roll_link,unconfirmed,113.50151062011719,[],False,False,unconfirmed_gpu_filter
zero,legacy_raw,2,59,236,1.18,right_ankle_roll_link,unconfirmed,99.05095672607422,[],False,False,unconfirmed_gpu_filter
zero,legacy_raw,3,59,236,1.18,left_ankle_roll_link,unconfirmed,113.35325622558594,[],False,False,unconfirmed_gpu_filter
zero,legacy_raw,3,59,236,1.18,right_ankle_roll_link,unconfirmed,98.58930969238281,[],False,False,unconfirmed_gpu_filter
zero,legacy_raw,4,59,236,1.18,left_ankle_roll_link,unconfirmed,113.5701904296875,[],False,False,unconfirmed_gpu_filter
zero,legacy_raw,4,59,236,1.18,right_ankle_roll_link,unconfirmed,99.03685760498047,[],False,False,unconfirmed_gpu_filter
zero,legacy_raw,5,59,236,1.18,left_ankle_roll_link,unconfirmed,113.5507583618164,[],False,False,unconfirmed_gpu_filter
zero,legacy_raw,5,59,236,1.18,right_ankle_roll_link,unconfirmed,98.84508514404297,[],False,False,unconfirmed_gpu_filter
zero,legacy_raw,6,59,236,1.18,left_ankle_roll_link,unconfirmed,113.52337646484375,[],False,False,unconfirmed_gpu_filter
zero,legacy_raw,6,59,236,1.18,right_ankle_roll_link,unconfirmed,98.84416198730469,[],False,False,unconfirmed_gpu_filter
zero,legacy_raw,7,59,236,1.18,left_ankle_roll_link,unconfirmed,113.30322265625,[],False,False,unconfirmed_gpu_filter
zero,legacy_raw,7,59,236,1.18,right_ankle_roll_link,unconfirmed,98.81770324707031,[],False,False,unconfirmed_gpu_filter
zero,legacy_raw,0,60,240,1.2,left_ankle_roll_link,unconfirmed,109.1591796875,[],False,False,unconfirmed_gpu_filter
zero,legacy_raw,0,60,240,1.2,right_ankle_roll_link,unconfirmed,95.26770782470703,[],False,False,unconfirmed_gpu_filter
zero,legacy_raw,1,60,240,1.2,left_ankle_roll_link,unconfirmed,108.61288452148438,[],False,False,unconfirmed_gpu_filter
zero,legacy_raw,1,60,240,1.2,right_ankle_roll_link,unconfirmed,94.74688720703125,[],False,False,unconfirmed_gpu_filter
zero,legacy_raw,2,60,240,1.2,left_ankle_roll_link,unconfirmed,108.49372100830078,[],False,False,unconfirmed_gpu_filter
zero,legacy_raw,2,60,240,1.2,right_ankle_roll_link,unconfirmed,94.87944793701172,[],False,False,unconfirmed_gpu_filter
zero,legacy_raw,3,60,240,1.2,left_ankle_roll_link,unconfirmed,108.88658905029297,[],False,False,unconfirmed_gpu_filter
zero,legacy_raw,3,60,240,1.2,right_ankle_roll_link,unconfirmed,95.25719451904297,[],False,False,unconfirmed_gpu_filter
zero,legacy_raw,4,60,240,1.2,left_ankle_roll_link,unconfirmed,108.76128387451172,[],False,False,unconfirmed_gpu_filter
zero,legacy_raw,4,60,240,1.2,right_ankle_roll_link,unconfirmed,94.86449432373047,[],False,False,unconfirmed_gpu_filter
zero,legacy_raw,5,60,240,1.2,left_ankle_roll_link,unconfirmed,108.51559448242188,[],False,False,unconfirmed_gpu_filter
zero,legacy_raw,5,60,240,1.2,right_ankle_roll_link,unconfirmed,95.15438079833984,[],False,False,unconfirmed_gpu_filter
zero,legacy_raw,6,60,240,1.2,left_ankle_roll_link,unconfirmed,108.78365325927734,[],False,False,unconfirmed_gpu_filter
zero,legacy_raw,6,60,240,1.2,right_ankle_roll_link,unconfirmed,94.72795104980469,[],False,False,unconfirmed_gpu_filter
zero,legacy_raw,7,60,240,1.2,left_ankle_roll_link,unconfirmed,108.77395629882812,[],False,False,unconfirmed_gpu_filter
zero,legacy_raw,7,60,240,1.2,right_ankle_roll_link,unconfirmed,95.29740905761719,[],False,False,unconfirmed_gpu_filter
zero,legacy_raw,0,61,244,1.22,left_ankle_roll_link,unconfirmed,103.86724853515625,[],False,False,unconfirmed_gpu_filter
zero,legacy_raw,0,61,244,1.22,right_ankle_roll_link,unconfirmed,88.07170104980469,[],False,False,unconfirmed_gpu_filter
zero,legacy_raw,1,61,244,1.22,left_ankle_roll_link,unconfirmed,104.09349060058594,[],False,False,unconfirmed_gpu_filter
zero,legacy_raw,1,61,244,1.22,right_ankle_roll_link,unconfirmed,88.00544738769531,[],False,False,unconfirmed_gpu_filter
zero,legacy_raw,2,61,244,1.22,left_ankle_roll_link,unconfirmed,103.86419677734375,[],False,False,unconfirmed_gpu_filter
zero,legacy_raw,2,61,244,1.22,right_ankle_roll_link,unconfirmed,88.02169799804688,[],False,False,unconfirmed_gpu_filter
zero,legacy_raw,3,61,244,1.22,left_ankle_roll_link,unconfirmed,103.69590759277344,[],False,False,unconfirmed_gpu_filter
zero,legacy_raw,3,61,244,1.22,right_ankle_roll_link,unconfirmed,88.07322692871094,[],False,False,unconfirmed_gpu_filter
zero,legacy_raw,4,61,244,1.22,left_ankle_roll_link,unconfirmed,104.01530456542969,[],False,False,unconfirmed_gpu_filter
zero,legacy_raw,4,61,244,1.22,right_ankle_roll_link,unconfirmed,88.01806640625,[],False,False,unconfirmed_gpu_filter
zero,legacy_raw,5,61,244,1.22,left_ankle_roll_link,unconfirmed,103.8852310180664,[],False,False,unconfirmed_gpu_filter
zero,legacy_raw,5,61,244,1.22,right_ankle_roll_link,unconfirmed,88.06448364257812,[],False,False,unconfirmed_gpu_filter
zero,legacy_raw,6,61,244,1.22,left_ankle_roll_link,unconfirmed,104.08857727050781,[],False,False,unconfirmed_gpu_filter
zero,legacy_raw,6,61,244,1.22,right_ankle_roll_link,unconfirmed,87.95802307128906,[],False,False,unconfirmed_gpu_filter
zero,legacy_raw,7,61,244,1.22,left_ankle_roll_link,unconfirmed,103.93253326416016,[],False,False,unconfirmed_gpu_filter
zero,legacy_raw,7,61,244,1.22,right_ankle_roll_link,unconfirmed,88.03423309326172,[],False,False,unconfirmed_gpu_filter
zero,legacy_raw,0,62,248,1.24,left_ankle_roll_link,unconfirmed,88.8083267211914,[],False,False,unconfirmed_gpu_filter
zero,legacy_raw,0,62,248,1.24,right_ankle_roll_link,unconfirmed,85.03863525390625,[],False,False,unconfirmed_gpu_filter
zero,legacy_raw,1,62,248,1.24,left_ankle_roll_link,unconfirmed,88.8780746459961,[],False,False,unconfirmed_gpu_filter
zero,legacy_raw,1,62,248,1.24,right_ankle_roll_link,unconfirmed,85.0779800415039,[],False,False,unconfirmed_gpu_filter
zero,legacy_raw,2,62,248,1.24,left_ankle_roll_link,unconfirmed,88.65274047851562,[],False,False,unconfirmed_gpu_filter
zero,legacy_raw,2,62,248,1.24,right_ankle_roll_link,unconfirmed,85.03942108154297,[],False,False,unconfirmed_gpu_filter
zero,legacy_raw,3,62,248,1.24,left_ankle_roll_link,unconfirmed,88.43428802490234,[],False,False,unconfirmed_gpu_filter
zero,legacy_raw,3,62,248,1.24,right_ankle_roll_link,unconfirmed,85.06173706054688,[],False,False,unconfirmed_gpu_filter
zero,legacy_raw,4,62,248,1.24,left_ankle_roll_link,unconfirmed,88.80838775634766,[],False,False,unconfirmed_gpu_filter
zero,legacy_raw,4,62,248,1.24,right_ankle_roll_link,unconfirmed,85.06920623779297,[],False,False,unconfirmed_gpu_filter
zero,legacy_raw,5,62,248,1.24,left_ankle_roll_link,unconfirmed,88.56382751464844,[],False,False,unconfirmed_gpu_filter
zero,legacy_raw,5,62,248,1.24,right_ankle_roll_link,unconfirmed,85.0797119140625,[],False,False,unconfirmed_gpu_filter
zero,legacy_raw,6,62,248,1.24,left_ankle_roll_link,unconfirmed,88.7711410522461,[],False,False,unconfirmed_gpu_filter
zero,legacy_raw,6,62,248,1.24,right_ankle_roll_link,unconfirmed,85.094482421875,[],False,False,unconfirmed_gpu_filter
zero,legacy_raw,7,62,248,1.24,left_ankle_roll_link,unconfirmed,88.79940795898438,[],False,False,unconfirmed_gpu_filter
zero,legacy_raw,7,62,248,1.24,right_ankle_roll_link,unconfirmed,85.07587432861328,[],False,False,unconfirmed_gpu_filter
zero,legacy_raw,0,63,252,1.26,left_ankle_roll_link,unconfirmed,84.2763442993164,[],False,False,unconfirmed_gpu_filter
zero,legacy_raw,0,63,252,1.26,right_ankle_roll_link,unconfirmed,81.91136932373047,[],False,False,unconfirmed_gpu_filter
zero,legacy_raw,1,63,252,1.26,left_ankle_roll_link,unconfirmed,84.25704956054688,[],False,False,unconfirmed_gpu_filter
zero,legacy_raw,1,63,252,1.26,right_ankle_roll_link,unconfirmed,81.87744903564453,[],False,False,unconfirmed_gpu_filter
zero,legacy_raw,2,63,252,1.26,left_ankle_roll_link,unconfirmed,84.22400665283203,[],False,False,unconfirmed_gpu_filter
zero,legacy_raw,2,63,252,1.26,right_ankle_roll_link,unconfirmed,81.87116241455078,[],False,False,unconfirmed_gpu_filter
zero,legacy_raw,3,63,252,1.26,left_ankle_roll_link,unconfirmed,84.22589111328125,[],False,False,unconfirmed_gpu_filter
zero,legacy_raw,3,63,252,1.26,right_ankle_roll_link,unconfirmed,81.88924407958984,[],False,False,unconfirmed_gpu_filter
zero,legacy_raw,4,63,252,1.26,left_ankle_roll_link,unconfirmed,84.22418212890625,[],False,False,unconfirmed_gpu_filter
zero,legacy_raw,4,63,252,1.26,right_ankle_roll_link,unconfirmed,81.89104461669922,[],False,False,unconfirmed_gpu_filter
zero,legacy_raw,5,63,252,1.26,left_ankle_roll_link,unconfirmed,84.23722839355469,[],False,False,unconfirmed_gpu_filter
zero,legacy_raw,5,63,252,1.26,right_ankle_roll_link,unconfirmed,81.89219665527344,[],False,False,unconfirmed_gpu_filter
zero,legacy_raw,6,63,252,1.26,left_ankle_roll_link,unconfirmed,84.21637725830078,[],False,False,unconfirmed_gpu_filter
zero,legacy_raw,6,63,252,1.26,right_ankle_roll_link,unconfirmed,81.84664154052734,[],False,False,unconfirmed_gpu_filter
zero,legacy_raw,7,63,252,1.26,left_ankle_roll_link,unconfirmed,84.25733947753906,[],False,False,unconfirmed_gpu_filter
zero,legacy_raw,7,63,252,1.26,right_ankle_roll_link,unconfirmed,81.90763092041016,[],False,False,unconfirmed_gpu_filter
zero,legacy_raw,0,64,256,1.28,left_ankle_roll_link,unconfirmed,80.6038589477539,[],False,False,unconfirmed_gpu_filter
zero,legacy_raw,0,64,256,1.28,right_ankle_roll_link,unconfirmed,77.9922103881836,[],False,False,unconfirmed_gpu_filter
zero,legacy_raw,1,64,256,1.28,left_ankle_roll_link,unconfirmed,80.61763763427734,[],False,False,unconfirmed_gpu_filter
zero,legacy_raw,1,64,256,1.28,right_ankle_roll_link,unconfirmed,77.99662017822266,[],False,False,unconfirmed_gpu_filter
zero,legacy_raw,2,64,256,1.28,left_ankle_roll_link,unconfirmed,80.60690307617188,[],False,False,unconfirmed_gpu_filter
zero,legacy_raw,2,64,256,1.28,right_ankle_roll_link,unconfirmed,78.00447082519531,[],False,False,unconfirmed_gpu_filter
zero,legacy_raw,3,64,256,1.28,left_ankle_roll_link,unconfirmed,80.6282958984375,[],False,False,unconfirmed_gpu_filter
zero,legacy_raw,3,64,256,1.28,right_ankle_roll_link,unconfirmed,78.00896453857422,[],False,False,unconfirmed_gpu_filter
zero,legacy_raw,4,64,256,1.28,left_ankle_roll_link,unconfirmed,80.58708190917969,[],False,False,unconfirmed_gpu_filter
zero,legacy_raw,4,64,256,1.28,right_ankle_roll_link,unconfirmed,78.00010681152344,[],False,False,unconfirmed_gpu_filter
zero,legacy_raw,5,64,256,1.28,left_ankle_roll_link,unconfirmed,80.61431884765625,[],False,False,unconfirmed_gpu_filter
zero,legacy_raw,5,64,256,1.28,right_ankle_roll_link,unconfirmed,77.99942779541016,[],False,False,unconfirmed_gpu_filter
zero,legacy_raw,6,64,256,1.28,left_ankle_roll_link,unconfirmed,80.601806640625,[],False,False,unconfirmed_gpu_filter
zero,legacy_raw,6,64,256,1.28,right_ankle_roll_link,unconfirmed,78.0067367553711,[],False,False,unconfirmed_gpu_filter
zero,legacy_raw,7,64,256,1.28,left_ankle_roll_link,unconfirmed,80.60413360595703,[],False,False,unconfirmed_gpu_filter
zero,legacy_raw,7,64,256,1.28,right_ankle_roll_link,unconfirmed,77.99365997314453,[],False,False,unconfirmed_gpu_filter
zero,legacy_raw,0,65,260,1.3,left_ankle_roll_link,unconfirmed,78.07855224609375,[],False,False,unconfirmed_gpu_filter
zero,legacy_raw,0,65,260,1.3,right_ankle_roll_link,unconfirmed,75.32731628417969,[],False,False,unconfirmed_gpu_filter
zero,legacy_raw,1,65,260,1.3,left_ankle_roll_link,unconfirmed,78.07376098632812,[],False,False,unconfirmed_gpu_filter
zero,legacy_raw,1,65,260,1.3,right_ankle_roll_link,unconfirmed,75.3271713256836,[],False,False,unconfirmed_gpu_filter
zero,legacy_raw,2,65,260,1.3,left_ankle_roll_link,unconfirmed,78.07881927490234,[],False,False,unconfirmed_gpu_filter
zero,legacy_raw,2,65,260,1.3,right_ankle_roll_link,unconfirmed,75.34638977050781,[],False,False,unconfirmed_gpu_filter
zero,legacy_raw,3,65,260,1.3,left_ankle_roll_link,unconfirmed,78.0747299194336,[],False,False,unconfirmed_gpu_filter
zero,legacy_raw,3,65,260,1.3,right_ankle_roll_link,unconfirmed,75.33859252929688,[],False,False,unconfirmed_gpu_filter
zero,legacy_raw,4,65,260,1.3,left_ankle_roll_link,unconfirmed,78.0798110961914,[],False,False,unconfirmed_gpu_filter
zero,legacy_raw,4,65,260,1.3,right_ankle_roll_link,unconfirmed,75.33404541015625,[],False,False,unconfirmed_gpu_filter
zero,legacy_raw,5,65,260,1.3,left_ankle_roll_link,unconfirmed,78.07958984375,[],False,False,unconfirmed_gpu_filter
zero,legacy_raw,5,65,260,1.3,right_ankle_roll_link,unconfirmed,75.33680725097656,[],False,False,unconfirmed_gpu_filter
zero,legacy_raw,6,65,260,1.3,left_ankle_roll_link,unconfirmed,78.06600952148438,[],False,False,unconfirmed_gpu_filter
zero,legacy_raw,6,65,260,1.3,right_ankle_roll_link,unconfirmed,75.34098815917969,[],False,False,unconfirmed_gpu_filter
zero,legacy_raw,7,65,260,1.3,left_ankle_roll_link,unconfirmed,78.08375549316406,[],False,False,unconfirmed_gpu_filter
zero,legacy_raw,7,65,260,1.3,right_ankle_roll_link,unconfirmed,75.3218002319336,[],False,False,unconfirmed_gpu_filter
zero,legacy_raw,0,66,264,1.32,left_ankle_roll_link,unconfirmed,70.86101531982422,[],False,False,unconfirmed_gpu_filter
zero,legacy_raw,0,66,264,1.32,right_ankle_roll_link,unconfirmed,68.32220458984375,[],False,False,unconfirmed_gpu_filter
zero,legacy_raw,1,66,264,1.32,left_ankle_roll_link,unconfirmed,70.84750366210938,[],False,False,unconfirmed_gpu_filter
zero,legacy_raw,1,66,264,1.32,right_ankle_roll_link,unconfirmed,68.30398559570312,[],False,False,unconfirmed_gpu_filter
zero,legacy_raw,2,66,264,1.32,left_ankle_roll_link,unconfirmed,70.85921478271484,[],False,False,unconfirmed_gpu_filter
zero,legacy_raw,2,66,264,1.32,right_ankle_roll_link,unconfirmed,68.32298278808594,[],False,False,unconfirmed_gpu_filter
zero,legacy_raw,3,66,264,1.32,left_ankle_roll_link,unconfirmed,70.8546142578125,[],False,False,unconfirmed_gpu_filter
zero,legacy_raw,3,66,264,1.32,right_ankle_roll_link,unconfirmed,68.32501983642578,[],False,False,unconfirmed_gpu_filter
zero,legacy_raw,4,66,264,1.32,left_ankle_roll_link,unconfirmed,70.86185455322266,[],False,False,unconfirmed_gpu_filter
zero,legacy_raw,4,66,264,1.32,right_ankle_roll_link,unconfirmed,68.32377624511719,[],False,False,unconfirmed_gpu_filter
zero,legacy_raw,5,66,264,1.32,left_ankle_roll_link,unconfirmed,70.85990905761719,[],False,False,unconfirmed_gpu_filter
zero,legacy_raw,5,66,264,1.32,right_ankle_roll_link,unconfirmed,68.32391357421875,[],False,False,unconfirmed_gpu_filter
zero,legacy_raw,6,66,264,1.32,left_ankle_roll_link,unconfirmed,70.8354721069336,[],False,False,unconfirmed_gpu_filter
zero,legacy_raw,6,66,264,1.32,right_ankle_roll_link,unconfirmed,68.30709838867188,[],False,False,unconfirmed_gpu_filter
zero,legacy_raw,7,66,264,1.32,left_ankle_roll_link,unconfirmed,70.86820983886719,[],False,False,unconfirmed_gpu_filter
zero,legacy_raw,7,66,264,1.32,right_ankle_roll_link,unconfirmed,68.31869506835938,[],False,False,unconfirmed_gpu_filter
zero,legacy_raw,0,67,268,1.34,left_ankle_roll_link,unconfirmed,59.61805725097656,[],False,False,unconfirmed_gpu_filter
zero,legacy_raw,0,67,268,1.34,right_ankle_roll_link,unconfirmed,57.26002502441406,[],False,False,unconfirmed_gpu_filter
zero,legacy_raw,1,67,268,1.34,left_ankle_roll_link,unconfirmed,59.60667037963867,[],False,False,unconfirmed_gpu_filter
zero,legacy_raw,1,67,268,1.34,right_ankle_roll_link,unconfirmed,57.23541259765625,[],False,False,unconfirmed_gpu_filter
zero,legacy_raw,2,67,268,1.34,left_ankle_roll_link,unconfirmed,59.60689163208008,[],False,False,unconfirmed_gpu_filter
zero,legacy_raw,2,67,268,1.34,right_ankle_roll_link,unconfirmed,57.24092102050781,[],False,False,unconfirmed_gpu_filter
zero,legacy_raw,3,67,268,1.34,left_ankle_roll_link,unconfirmed,59.6107292175293,[],False,False,unconfirmed_gpu_filter
zero,legacy_raw,3,67,268,1.34,right_ankle_roll_link,unconfirmed,57.244712829589844,[],False,False,unconfirmed_gpu_filter
zero,legacy_raw,4,67,268,1.34,left_ankle_roll_link,unconfirmed,59.62310028076172,[],False,False,unconfirmed_gpu_filter
zero,legacy_raw,4,67,268,1.34,right_ankle_roll_link,unconfirmed,57.257347106933594,[],False,False,unconfirmed_gpu_filter
zero,legacy_raw,5,67,268,1.34,left_ankle_roll_link,unconfirmed,59.615867614746094,[],False,False,unconfirmed_gpu_filter
zero,legacy_raw,5,67,268,1.34,right_ankle_roll_link,unconfirmed,57.25404739379883,[],False,False,unconfirmed_gpu_filter
zero,legacy_raw,6,67,268,1.34,left_ankle_roll_link,unconfirmed,59.58415985107422,[],False,False,unconfirmed_gpu_filter
zero,legacy_raw,6,67,268,1.34,right_ankle_roll_link,unconfirmed,57.22655487060547,[],False,False,unconfirmed_gpu_filter
zero,legacy_raw,7,67,268,1.34,left_ankle_roll_link,unconfirmed,59.63467788696289,[],False,False,unconfirmed_gpu_filter
zero,legacy_raw,7,67,268,1.34,right_ankle_roll_link,unconfirmed,57.258487701416016,[],False,False,unconfirmed_gpu_filter
zero,legacy_raw,0,68,272,1.36,left_ankle_roll_link,unconfirmed,44.024940490722656,[],False,False,unconfirmed_gpu_filter
zero,legacy_raw,0,68,272,1.36,right_ankle_roll_link,unconfirmed,41.895347595214844,[],False,False,unconfirmed_gpu_filter
zero,legacy_raw,1,68,272,1.36,left_ankle_roll_link,unconfirmed,43.995628356933594,[],False,False,unconfirmed_gpu_filter
zero,legacy_raw,1,68,272,1.36,right_ankle_roll_link,unconfirmed,41.8676872253418,[],False,False,unconfirmed_gpu_filter
zero,legacy_raw,2,68,272,1.36,left_ankle_roll_link,unconfirmed,44.01620864868164,[],False,False,unconfirmed_gpu_filter
zero,legacy_raw,2,68,272,1.36,right_ankle_roll_link,unconfirmed,41.88410186767578,[],False,False,unconfirmed_gpu_filter
zero,legacy_raw,3,68,272,1.36,left_ankle_roll_link,unconfirmed,44.01591110229492,[],False,False,unconfirmed_gpu_filter
zero,legacy_raw,3,68,272,1.36,right_ankle_roll_link,unconfirmed,41.88322830200195,[],False,False,unconfirmed_gpu_filter
zero,legacy_raw,4,68,272,1.36,left_ankle_roll_link,unconfirmed,44.0214958190918,[],False,False,unconfirmed_gpu_filter
zero,legacy_raw,4,68,272,1.36,right_ankle_roll_link,unconfirmed,41.88755798339844,[],False,False,unconfirmed_gpu_filter
zero,legacy_raw,5,68,272,1.36,left_ankle_roll_link,unconfirmed,44.02116012573242,[],False,False,unconfirmed_gpu_filter
zero,legacy_raw,5,68,272,1.36,right_ankle_roll_link,unconfirmed,41.88188552856445,[],False,False,unconfirmed_gpu_filter
zero,legacy_raw,6,68,272,1.36,left_ankle_roll_link,unconfirmed,43.98380661010742,[],False,False,unconfirmed_gpu_filter
zero,legacy_raw,6,68,272,1.36,right_ankle_roll_link,unconfirmed,41.8537712097168,[],False,False,unconfirmed_gpu_filter
zero,legacy_raw,7,68,272,1.36,left_ankle_roll_link,unconfirmed,44.04766082763672,[],False,False,unconfirmed_gpu_filter
zero,legacy_raw,7,68,272,1.36,right_ankle_roll_link,unconfirmed,41.894073486328125,[],False,False,unconfirmed_gpu_filter
zero,legacy_raw,0,69,276,1.3800000000000001,left_ankle_roll_link,unconfirmed,16.150224685668945,[],False,True,unconfirmed_gpu_filter
zero,legacy_raw,0,69,276,1.3800000000000001,right_ankle_roll_link,unconfirmed,14.463268280029297,[],False,True,unconfirmed_gpu_filter
zero,legacy_raw,1,69,276,1.3800000000000001,left_ankle_roll_link,unconfirmed,16.147672653198242,[],False,True,unconfirmed_gpu_filter
zero,legacy_raw,1,69,276,1.3800000000000001,right_ankle_roll_link,unconfirmed,14.463545799255371,[],False,True,unconfirmed_gpu_filter
zero,legacy_raw,2,69,276,1.3800000000000001,left_ankle_roll_link,unconfirmed,16.140193939208984,[],False,True,unconfirmed_gpu_filter
zero,legacy_raw,2,69,276,1.3800000000000001,right_ankle_roll_link,unconfirmed,14.446860313415527,[],False,True,unconfirmed_gpu_filter
zero,legacy_raw,3,69,276,1.3800000000000001,left_ankle_roll_link,unconfirmed,16.144166946411133,[],False,True,unconfirmed_gpu_filter
zero,legacy_raw,3,69,276,1.3800000000000001,right_ankle_roll_link,unconfirmed,14.464007377624512,[],False,True,unconfirmed_gpu_filter
zero,legacy_raw,4,69,276,1.3800000000000001,left_ankle_roll_link,unconfirmed,16.1451473236084,[],False,True,unconfirmed_gpu_filter
zero,legacy_raw,4,69,276,1.3800000000000001,right_ankle_roll_link,unconfirmed,14.45370864868164,[],False,True,unconfirmed_gpu_filter
zero,legacy_raw,5,69,276,1.3800000000000001,left_ankle_roll_link,unconfirmed,16.154064178466797,[],False,True,unconfirmed_gpu_filter
zero,legacy_raw,5,69,276,1.3800000000000001,right_ankle_roll_link,unconfirmed,14.465841293334961,[],False,True,unconfirmed_gpu_filter
zero,legacy_raw,6,69,276,1.3800000000000001,left_ankle_roll_link,unconfirmed,16.09820556640625,[],False,True,unconfirmed_gpu_filter
zero,legacy_raw,6,69,276,1.3800000000000001,right_ankle_roll_link,unconfirmed,14.423340797424316,[],False,True,unconfirmed_gpu_filter
zero,legacy_raw,7,69,276,1.3800000000000001,left_ankle_roll_link,unconfirmed,16.14787483215332,[],False,True,unconfirmed_gpu_filter
zero,legacy_raw,7,69,276,1.3800000000000001,right_ankle_roll_link,unconfirmed,14.46708869934082,[],False,True,unconfirmed_gpu_filter
