update,env_id,episode_index,episode_length,episode_return,primary_fall,timeout,terminated,reward_termination_penalty,reward_track_lin_vel_xy_exp,reward_track_ang_vel_z_exp,reward_feet_air_time,reward_feet_slide,reward_flat_orientation_l2,reward_stand_still,reward_dof_pos_limits,reward_joint_deviation_hip,reward_joint_deviation_arms,reward_joint_deviation_torso,reward_joint_deviation_knee,reward_lin_vel_z_l2,reward_action_rate_l2,reward_dof_acc_l2,reward_dof_torques_l2
2,32,0,36,-3.9698733907938,True,False,True,-4.0,0.012493379811626962,0.37456586892635874,9.999990463256836e-05,-0.014603432044968938,-0.1711305304587586,0.0,-0.018763411920517684,-0.008534201232250781,-0.03042181022465229,-0.010303883065935224,-0.005204680452588946,-0.00401480775901291,-0.09157169654965397,-0.0017288457381073384,-0.0007554461251129394
2,16,0,39,-3.9324466317892077,True,False,True,-4.0,0.1764705525428872,0.2745203490997271,0.00019999995827674866,-0.029740444926428605,-0.09154389857751084,0.0,-0.001813265960663557,-0.044040576973930004,-0.04619347728788852,-0.03174989498220384,-0.014621537926141173,-0.01731597394306846,-0.10120169639587402,-0.0009823106147814546,-0.00443426954909228
2,33,0,39,-4.130361984074115,True,False,True,-4.0,0.03720740049364169,0.19194034602282695,0.0018999983929097655,-0.014206367982551456,-0.13455399609723828,0.0,-0.03211121629923582,-0.00915184883400798,-0.039953244663774964,-0.01483839190099388,-0.00827984366333112,-0.0028255317770526744,-0.10285410851240159,-0.0010097403297550046,-0.001625372567214072
2,42,0,39,-4.171736720502377,True,False,True,-4.0,0.004585953690207425,0.19267488109966383,0.0004999995976686477,-0.02667732498375698,-0.062273694442701526,0.0,-0.025252042794600128,-0.03737149664200842,-0.04702415239065885,-0.03559133243747055,-0.012525050165131689,-0.019300757534801958,-0.09890498384833332,-0.0009905436731060032,-0.003586321157345082
2,52,0,39,-4.105597605109216,True,False,True,-4.0,0.020762419562674952,0.2172149017278043,0.0029999970644712447,-0.019436825276352467,-0.08995450040645664,0.0,-0.027886864654719824,-0.028095291615463792,-0.04055624138563872,-0.01759856641059741,-0.009195816041901709,-0.003483868703624466,-0.10653707325458525,-0.0008478418413142208,-0.0029818100039847198
2,29,0,40,-5.219881854653358,True,False,True,-4.0,0.08674294734982452,0.3748696261554142,0.0,-0.011594802818726747,-0.11016165469283805,-1.3302052187919615,-0.03806263487786055,-0.009735405766405166,-0.04773155234754086,-0.016152821681462228,-0.009440195453353225,-0.0049118784020356545,-0.101324258223176,-0.0007078361409367063,-0.00146646315632097
2,50,0,40,-4.055015478581191,True,False,True,-4.0,0.06534829653311588,0.2249214647739785,0.007899992503225803,-0.01621519453590736,-0.10607792454335142,0.0,-0.021288668436463928,-0.033199786492623395,-0.04251018818467857,-0.02037721734959632,-0.011964688431471587,-0.001887201543990216,-0.09565885797142983,-0.0007785843007150104,-0.0032270915483240976
2,59,0,40,-4.017475664317607,True,False,True,-4.0,0.04247011610404116,0.30478266120490943,0.0011999991536140442,-0.02778048783715349,-0.11556727055591183,0.0,0.0,-0.030656244861893365,-0.043204803802073005,-0.023233099104836584,-0.012441268630209378,-0.006633047197719861,-0.1021533679962158,-0.0008660328390396899,-0.0033925552092841835
2,63,0,40,-4.032567081153393,True,False,True,-4.0,0.003079408034025557,0.38337613955838606,0.0009999991953372955,-0.024727011639624832,-0.1597614405330387,0.0,-0.018250590190291405,-0.03672987298341467,-0.03656396929174662,-0.02220224115531891,-0.008443564479239288,-0.004621107214452422,-0.1040550812333822,-0.002387050801480655,-0.0022806655039312317
2,9,0,41,-4.278664506822825,True,False,True,-4.0,0.00016324258767227217,0.21452429167777576,0.0011999988555908203,-0.01893841495621018,-0.21698038723290666,0.0,0.0,-0.04101421524770558,-0.05568922568112612,-0.03520137695129961,-0.01399333457928151,-0.0022713155643613453,-0.1045316061377525,-0.001728273751505185,-0.004203836216620403
2,26,0,41,-5.240822995305062,True,False,True,-4.0,0.08227283056504806,0.35914328630129616,0.0,-0.009951990919653327,-0.14690892972546862,-1.2969116258621216,-0.029233759269118312,-0.022047247774899012,-0.04252280659973621,-0.011897089090198279,-0.008822683899197731,-0.008195333509065678,-0.10313136138021944,-0.0008499189649592155,-0.0017661950292676928
2,53,0,41,-3.9970234335958956,True,False,True,-4.0,0.05125398119722918,0.2982483227864223,0.0005999994277954101,-0.018153719352558256,-0.11476092577642703,0.0,-0.020255643986165528,-0.019326969357207416,-0.03744511157274247,-0.013838329794816676,-0.010742887640371918,-0.0021188553865653147,-0.1079062893986702,-0.0006655710951599758,-0.001911520438152365
2,12,0,42,-4.294960724711418,True,False,True,-4.0,0.004234766175737227,0.0842906214411072,0.00499999511986971,-0.01723218976520002,-0.10890473718885917,0.0,-0.03330946937203408,-0.027696509649977084,-0.05027599606662988,-0.020317928818985823,-0.00868321686401032,-0.003919144865103588,-0.11477617442607878,-0.0008657400042284278,-0.002504838207969442
2,24,0,42,-4.132629312574863,True,False,True,-4.0,0.01671256178850277,0.3004835434220468,0.008199992310255765,-0.024461737286765126,-0.19253342491749204,0.0,-0.020657488033175467,-0.03817082539666444,-0.033836183343082665,-0.018899329612031585,-0.00769254111684859,-0.005690245612296961,-0.10620216727256775,-0.007936923472007036,-0.00194473960189498
2,46,0,42,-4.054585532844066,True,False,True,-4.0,0.06029222843786559,0.3382889175084699,0.0009999991953372955,-0.014258396294899287,-0.22655563647655072,0.0,-0.016896333396434784,-0.010466328854672607,-0.04128807194530964,-0.01572648537810892,-0.007962206830925423,-0.014249187891896328,-0.10250747345387937,-0.002990782774722902,-0.0012657415131980087
2,51,0,42,-3.8992261472344394,True,False,True,-4.0,0.3808042212761939,0.1418135651690201,0.0006999996118247509,-0.014545815968886017,-0.19628669319004982,0.0,-0.019304624348878866,-0.008586998302489518,-0.03488758370280267,-0.012465575877577068,-0.008411655207164588,-0.01282617382053104,-0.11303335815668106,-0.0009410078474320472,-0.0012543744761933334
2,15,0,43,-4.206025840342044,True,False,True,-4.0,0.024617582578648576,0.12080237329186609,0.002299998346716166,-0.022787393832113596,-0.053015433747641505,0.0,-0.0029410728067159656,-0.05639325802214445,-0.045540411174297336,-0.026336276286747305,-0.01247004142147489,-0.013344502742111219,-0.11561902582645417,-0.000769853024103213,-0.004528556247823872
2,17,0,43,-4.134665636718273,True,False,True,-4.0,0.03741651806893061,0.19949593263247375,0.006399993672966958,-0.018137431489303704,-0.13797431656508707,0.0,-0.001862645447254181,-0.02783990299329162,-0.04656199362128972,-0.010425731803989037,-0.015366997262462972,-0.0023304832414430456,-0.11120089799165725,-0.0017096898637100819,-0.004568135683075525
2,18,0,43,-4.1045446082949635,True,False,True,-4.0,0.08250277403230938,0.1945081246264854,0.0002999996952712536,-0.03302085544797592,-0.0812117792159552,0.0,-0.013383026197552684,-0.04215142916887999,-0.038259575553238376,-0.036804271377623085,-0.012865590965375305,-0.012842143936140927,-0.10596407957375048,-0.0009858992410590873,-0.004366797043476253
2,40,0,43,-3.912109994888306,True,False,True,-4.0,0.020229066396434167,0.39439166139409293,0.0002999999187886715,-0.017726078996784054,-0.07384597912183381,0.0,-0.018672734349966053,-0.016962698418647056,-0.04674640782177447,-0.01459443415980786,-0.013497820561751726,-0.0036810878502501507,-0.11700493976473808,-0.0019208325310319204,-0.002377579230815172
2,49,0,43,-5.3023402570188045,True,False,True,-4.0,0.1333229950916575,0.21316537676084235,0.0,-0.022192806118400767,-0.057235265799681655,-1.3215134477615356,-0.0016969030350446703,-0.038354456191882484,-0.04241604600101709,-0.019445825819857418,-0.01130801368504763,-0.013138064371469228,-0.11494022272527221,-0.0031344914543296925,-0.003453166623221477
2,61,0,43,-3.902342458367348,True,False,True,-4.0,0.08416923535750985,0.3476617519636068,0.001999998614192009,-0.02320036500168499,-0.028049988036273135,0.0,-0.017820905689150093,-0.04586897604167461,-0.045029863826930513,-0.025875010706949978,-0.010606633056886496,-0.017432612938137027,-0.11710465431213378,-0.0012468187886406667,-0.003937487271032296
2,62,0,43,-4.025492198914289,True,False,True,-4.0,0.04745835026182761,0.3018085434690875,0.003599996492266655,-0.012424162522656844,-0.12201595232909314,0.0,-0.031231195703148838,-0.02263104707933963,-0.04476265035569669,-0.015669191889464855,-0.010024293171009049,-0.0034097541217670375,-0.1118348824977875,-0.0016668010078137747,-0.0026891640090616425
2,6,0,44,-4.132217424511909,True,False,True,-4.0,0.03869595199561447,0.24959015937731235,0.0012999988347291947,-0.015593231404200197,-0.19037562861660265,0.0,-0.013447825871407987,-0.014549068957567213,-0.03677674066275357,-0.01653191795339808,-0.007835395662114022,-0.003913972768018539,-0.12027603566646576,-0.0007542747232218972,-0.0017491864180192356
2,23,0,44,-5.409748247861863,True,False,True,-4.0,0.13332395531256233,0.37059575378159565,0.0,-0.015044124382548034,-0.1329121114841837,-1.5166448450088503,-0.026470888555049896,-0.021034934325143695,-0.042656793408095826,-0.019892579494044195,-0.011020380721893165,-0.0025176328551376774,-0.12119718186557293,-0.0016786664069513792,-0.0025976164668099952
2,31,0,44,-3.6834480381011963,True,False,True,-4.0,0.39958935932256273,0.3779625137074618,0.001399998813867569,-0.01353856822475791,-0.1884953410743765,0.0,-0.028401746740564705,-0.01283720671199262,-0.05240063250064852,-0.028042945452034486,-0.011851742817088963,-0.005971067540299372,-0.11747540570795534,-0.0012638187478296455,-0.002121153427433456
2,41,0,44,-3.9637668706476687,True,False,True,-4.0,0.016449450587184992,0.3418924597487785,0.005199995264410973,-0.020556656969711186,-0.02988159667722357,0.0,-0.018184393122792245,-0.04705889943055808,-0.04076375644654037,-0.026518579032272102,-0.010585576125886294,-0.011069681332883193,-0.11794371157884596,-0.0010968089997186324,-0.003649221355153714
2,45,0,44,-5.218755802810192,True,False,True,-4.0,0.1061995834909658,0.541759019587189,0.0,-0.01608086167834699,-0.21689897286327323,-1.39138320684433,-0.017427228577435016,-0.0196266004210338,-0.043466937690973276,-0.023828552612103517,-0.009605120572960002,-0.009894454874436177,-0.11558896243572236,-0.0007337592967087402,-0.002180051733157598
2,3,0,45,-3.899427398145199,True,False,True,-4.0,0.07231744876572747,0.35982735537073723,0.004399995729327202,-0.020263676525792113,-0.043241428825713225,0.0,-0.005977635309100151,-0.03905530613847077,-0.04398923501372337,-0.03326003947295249,-0.013737188167870045,-0.01841209851159874,-0.11311451755464072,-0.0007916774996556341,-0.004129101364524103
2,5,0,45,-4.035978980064392,True,False,True,-4.0,0.16405902406167008,0.2341413645550243,0.0005999995023012161,-0.016726722836028784,-0.19736276585259477,0.0,-0.01585841961205006,-0.01091647885739803,-0.038859881386160845,-0.01206098208669573,-0.004992379662580786,-0.009830721539628941,-0.12505648009479048,-0.0018685513341915791,-0.0012459761371428615
2,7,0,45,-3.8698215392231936,True,False,True,-4.0,0.39109758323058486,0.13438558732746375,0.0005999993905425071,-0.016925550907617437,-0.15900644449473475,0.0,-0.015525054782629014,-0.019127209361176938,-0.03999087072908877,-0.011990201104199516,-0.01189810365438461,-0.00407224799746464,-0.11455270744860174,-0.0006577182954060845,-0.002158853598230052
2,22,0,45,-4.304975661635399,True,False,True,-4.0,0.00203111458510893,0.11621522700587446,0.0007999999076128006,-0.028377115076873453,-0.16865536150915433,0.0,0.0,-0.026083292637486013,-0.04711045149713755,-0.019970104757230735,-0.014722113683819774,-0.002529778377130958,-0.11068746790289875,-0.002640457019442693,-0.0032459933729842307
2,28,0,45,-4.011169026196003,True,False,True,-4.0,0.08104966532720509,0.3027506345653508,0.002799997255206108,-0.023079067762009804,-0.10315182554544435,0.0,-0.03087731566280126,-0.024291290221735828,-0.04678229749202729,-0.024173467913642516,-0.013232456003315747,-0.0037828017589205836,-0.1235172002017498,-0.0021540131840447427,-0.0027276370913023123
2,39,0,45,-4.312510526776314,True,False,True,-4.0,0.08759813280592597,0.09498484447608636,0.0032999968901276586,-0.017513619330711664,-0.22741856168067903,0.0,-0.013647810034453868,-0.02905114431865513,-0.04592052172869444,-0.01650576916756108,-0.008790067518129946,-0.01194155518330117,-0.12486344367265702,-0.0010125789738958703,-0.0017283038087771278
2,58,0,45,-3.9509559091925626,True,False,True,-4.0,0.11629761723102999,0.3998293352706136,0.0035999965481460098,-0.014275319654843771,-0.22529012001647059,0.0,0.0,-0.013131630141288046,-0.05429013554006815,-0.024903580634854736,-0.013504645640496166,-0.00861153378859779,-0.11309213049709799,-0.0007900068457820454,-0.002793567958287895
2,8,0,46,-4.2363772964477535,True,False,True,-4.0,0.011581438689654439,0.12905318913549194,0.0010999991558492185,-0.02092647031415254,-0.03611360543232876,0.0,-0.026179238408803943,-0.03756571930833161,-0.055421846956014646,-0.03778378737159074,-0.014913569262716916,-0.020511872237548228,-0.1238852968811989,-0.0008736628395854492,-0.00393705815076828
2,19,0,46,-5.3038130828738215,True,False,True,-4.0,0.14735092873612304,0.3097518831682112,0.0,-0.0314308663783595,-0.08632838710007493,-1.3811834126710893,-0.004966434203088284,-0.04164952443912625,-0.05211956657469272,-0.02064560248283669,-0.012462948653846978,-0.009782301868599463,-0.11603420287370682,-0.0009104782875510864,-0.0034025689068948855
2,55,0,46,-5.272661527395248,True,False,True,-4.0,0.15853850771386138,0.33987509731756294,0.0,-0.02156192648690194,-0.0818551135186135,-1.423266950845718,-0.0070878987759351725,-0.0342325167171657,-0.045584658831357955,-0.01477998911868781,-0.01463789978995919,-0.004083187277304176,-0.11874237954616547,-0.0012319178097823173,-0.0040105370842502455
2,34,0,47,-4.1968419367074965,True,False,True,-4.0,0.14682148637238246,0.09102690288741846,0.0,-0.01577569196932018,-0.17558623654746044,0.0,-0.021321359723806377,-0.013816495975479485,-0.04598613185808063,-0.020432054488919677,-0.011455480279400947,-0.005805279988853726,-0.12065196201205251,-0.0016088723970460706,-0.002251072533399565
2,37,0,47,-4.241556776016951,True,False,True,-4.0,0.034255235773248946,0.244370454116595,0.008799991235136986,-0.0182636827416718,-0.22284580671053844,0.0,-0.018511638562195006,-0.03138155978173017,-0.045868181996047495,-0.030858501279726624,-0.01563750637695193,-0.004334348735178537,-0.13187691345810892,-0.003924480972345918,-0.005479855027369923
2,30,0,48,-4.3342752546072,True,False,True,-4.0,0.0035695982965080484,0.21590681477920567,0.00019999995827674866,-0.009098930106847546,-0.26948431749668095,0.0,0.0,-0.01769226532429457,-0.05727672178298236,-0.043146310634911055,-0.01869006891734898,-0.011923035185159421,-0.12104901239275934,-0.0006972318423504476,-0.00489379818784073
3,13,0,49,-4.256134090721607,True,False,True,-4.0,0.14051258339129116,0.02374422058625707,0.0011999988555908203,-0.016533058386994526,-0.15738436196348632,0.0,-0.023591020610183484,-0.016822265526279807,-0.049005450978875174,-0.022876052390784034,-0.011632289180997755,-0.0076222386101298415,-0.11336044892668722,-0.0008904332647216508,-0.0018734320609655694
3,14,0,49,-3.9603175604343415,True,False,True,-4.0,0.2614349397621505,0.2841874354387675,0.0038999964110553263,-0.016651091487146913,-0.16241529031220123,0.0,-0.03877550229430199,-0.03793980467133225,-0.0648098679073155,-0.0344583421573043,-0.015255614956840876,-0.003317049928518828,-0.13088860958814624,-0.0010096198780229317,-0.0043191835610196
3,21,0,49,-5.771212849020959,True,False,True,-4.0,0.22816719198948696,0.5241322423288557,0.0,-0.02896564570604824,-0.35439697359543054,-1.8406024265289307,-0.003496556505560875,-0.04047355259303003,-0.06781538207083941,-0.029499354732688512,-0.01826465744990855,-0.008191754395083989,-0.1253108176589012,-0.0011712947803607678,-0.005323598228715128
3,25,0,49,-4.02660548388958,True,False,True,-4.0,0.14062829056326911,0.2012463570250503,0.0006999993138015271,-0.016457120216800833,-0.053150366888930885,0.0,-0.0032072966825217007,-0.043347457423806184,-0.05363421186804771,-0.03073395891115069,-0.019038234227336946,-0.016673444832166383,-0.12674171373248105,-0.0006596734108461533,-0.0055366561733535494
3,43,0,49,-5.029096653163434,True,False,True,-4.0,0.22196898878415597,0.4925767812006292,0.0,-0.013580588505137712,-0.21302799711037326,-1.2791594398021702,-0.016505989804863928,-0.009391573849134149,-0.050698513053357604,-0.015796545287594197,-0.009033640706911681,-0.010496786082152596,-0.12259583517909049,-0.0017192895851621864,-0.001636594381416217
3,0,0,50,-3.5669881752133374,True,False,True,-4.0,0.4183622182928956,0.4742085294076241,0.002499997615814209,-0.016418901399010796,-0.18801602205669043,0.0,0.0,-0.010462855705991389,-0.05337572824209928,-0.019834637495223434,-0.01871132935397327,-0.006191778995402047,-0.1397759651392698,-0.005637010806531178,-0.003634671010076999
3,2,0,50,-4.203664597272873,True,False,True,-4.0,0.10323896974239459,0.1388817743569408,0.003799996338784695,-0.019862176374299455,-0.14286013006312714,0.0,-0.025358413048088554,-0.029268885811325158,-0.054968409016728406,-0.016437701687682424,-0.013235959964804351,-0.001488165269724391,-0.14072580844163898,-0.0019350965957710287,-0.003444396377090016
3,48,0,50,-3.859015767276287,True,False,True,-4.0,0.18685941697127254,0.44514322330205675,0.0007999995350837707,-0.013512649544281888,-0.18972845929027243,0.0,-0.036096949949860575,-0.028932555383071303,-0.05053051918745041,-0.02151996967382729,-0.01285176241071895,-0.007955684342199057,-0.12689843863248826,-0.0011070060275960715,-0.0026846348596154712
3,60,0,51,-5.3206920102238655,True,False,True,-4.0,0.292087995063921,0.37922356358116854,0.0,-0.02747920603258536,-0.05628402199698031,-1.5879045438766477,-0.003270580749958754,-0.04920061291428283,-0.05335077568888664,-0.03058199213817716,-0.014631741589400917,-0.018629423822203537,-0.14541983902454375,-0.0006504525222044323,-0.0046006440566270625
3,1,0,52,-4.038490654826164,True,False,True,-4.0,0.002971619136264479,0.360617320035235,0.0013999987766146662,-0.021012860040646047,-0.04361683290597285,0.0,-0.009686286300420763,-0.053226817944087096,-0.058648527264595025,-0.04456872864626347,-0.018534119182731956,-0.019540503040188926,-0.12524828292429446,-0.00326942743413383,-0.006127318150829524
3,44,0,52,-3.8990702253580096,True,False,True,-4.0,0.3213594565540551,0.19300035526343606,0.0025999975204467774,-0.024559563896036706,-0.12118107427566427,0.0,-0.01757420979440212,-0.02741302590817214,-0.044761817753314975,-0.01381929526571184,-0.014041764272842556,-0.002313750495094924,-0.1435026790201664,-0.0036595318227773538,-0.0032032347717904485
3,56,0,52,-4.457903295457363,True,False,True,-4.0,0.0030948407186770065,0.0870542867764879,0.00479999765753746,-0.01945446230296511,-0.21969152985169788,0.0,-0.004539302177727223,-0.05137436963617802,-0.06527241792529823,-0.02479570255614817,-0.01825676728039979,-0.0035626147754101115,-0.1391046553105116,-0.0010542035975959151,-0.005746433904278091
3,36,0,55,-4.291574958711863,True,False,True,-4.0,0.04040607332762499,0.11881020747321035,0.000799999199807644,-0.02442420973442495,-0.11061293078311964,0.0,-0.026434912607073785,-0.028001738372258844,-0.060110474489629265,-0.031418193187564614,-0.016807508929632602,-0.0050060133208171455,-0.1444445147365332,-0.0010159898732672445,-0.003314844897249714
3,20,0,56,-3.5308557590842247,True,False,True,-4.0,0.448762364380018,0.4747980043204733,0.00039999961853027344,-0.014492835869314153,-0.15598746059367843,0.0,-0.03406445672735572,-0.011539429291151463,-0.057444317229092136,-0.019742549378424887,-0.012758806161582472,-0.009754251507632431,-0.13526808172464372,-0.0012824942628503783,-0.002481500433641487
3,35,0,56,-5.397743054330349,True,False,True,-4.0,0.3648837016196923,0.4653142943942248,0.0,-0.021133384235727137,-0.274325619503943,-1.6439963370561599,0.0,-0.0165830238268245,-0.0712505115941167,-0.024747825800441207,-0.020699542080983523,-0.004588932408892106,-0.14592558242380613,-0.0008611193794786236,-0.0038294847286306334
3,47,0,56,-3.702722083628178,True,False,True,-4.0,0.2725083223455045,0.4778910332151793,0.001699998453259468,-0.02233456737594679,-0.13096114938780376,0.0,-0.02255684850737453,-0.02210467499680817,-0.05803395751863718,-0.024354999074712395,-0.01637227128725499,-0.0031490090098222363,-0.15017656102776525,-0.0019052762864157564,-0.0028721525467699403
3,57,0,56,-3.8045284035801887,True,False,True,-4.0,0.38298595919142153,0.2598703989390833,0.0023999976366758345,-0.023329637751448896,-0.12453006302663198,0.0,-0.028025081921368836,-0.034039561562240125,-0.049582904353737814,-0.023554345278535053,-0.016931817671284082,-0.0019293218108350626,-0.14177507504820822,-0.0015281209982640574,-0.004558898503455566
3,4,0,59,-4.433491847515106,True,False,True,-4.0,0.007409726258455073,0.14956847031932127,0.0014999985322356223,-0.0159603248880012,-0.2672754870045901,0.0,0.0,-0.024540057675912986,-0.06536773525178431,-0.024776084837503726,-0.023510300926864135,-0.006463602262148741,-0.15838504821062088,-0.0009678706315207818,-0.0047235598432598625
3,11,0,59,-3.440370877087117,True,False,True,-4.0,0.5761585808091332,0.47310581138086377,0.007799995094537736,-0.02411496180109681,-0.180676433689805,0.0,-0.010000636465847493,-0.029521202137693766,-0.04981746327131988,-0.02173837264999747,-0.01452060021227226,-0.002497651780438694,-0.15962318621575833,-0.0015106058691162613,-0.003414153185731267
3,54,0,64,-3.8348842728137975,True,False,True,-4.0,0.2252436558676599,0.4419012736102227,0.0007999992370605469,-0.022206051135435702,-0.1550025511454442,0.0,-0.02172624304883357,-0.021160450810566545,-0.05924205467104912,-0.029416572330519558,-0.01864986532367765,-0.0023061501563194043,-0.16572862602770327,-0.004228232334935455,-0.003162576100439765
4,59,1,38,-4.31650205925107,True,False,True,-4.0,0.0031420229576708454,0.05320529846844485,0.0,-0.022564842533320188,-0.1233867620464298,0.0,-0.027726101353764535,-0.014121696613729,-0.040944028161466105,-0.019670672067441046,-0.009255601819604636,-0.0017327007532003335,-0.11019020646810532,-0.0015120036198641171,-0.0017449454992311075
4,38,0,79,-5.469617012441159,True,False,True,-4.0,0.8043876600502159,0.6500312865712111,0.0,-0.01910588542523328,-0.14610566071874928,-2.3466349291801465,-0.019684074725955725,-0.04588090526871382,-0.08226386841386556,-0.020943195740692314,-0.020419971933588382,-0.0017119869742418807,-0.21607791103422652,-0.0011137465572392104,-0.0040939218061976125
4,16,1,41,-5.157708236575127,True,False,True,-4.0,0.08088482443381509,0.3483974391438641,0.0,-0.01233777011744678,-0.19909208250421218,-1.1616375452280048,0.0,-0.013425186411477623,-0.0469316579028964,-0.017502660013269635,-0.014959109351038937,-0.007472328856226795,-0.10924131840467452,-0.0013003032821870878,-0.003090615079272539
4,29,1,41,-5.010953553617001,True,False,True,-4.0,0.1116802168632421,0.39417219063199815,0.0,-0.011512360911583525,-0.18989843288334668,-1.1091894096136092,0.0,-0.011485981359146536,-0.04300379082560538,-0.015034187142737208,-0.015100054289214312,-0.007661018363869515,-0.11053865522146225,-0.000716411313333083,-0.0026656377047766
4,27,0,82,-3.5827285139262672,True,False,True,-4.0,0.4897183619625868,0.63042228154224,0.0004999995231628418,-0.013761145679745826,-0.2429852689390828,0.0,-0.025497526973485948,-0.01983829931821675,-0.0952730374038219,-0.04517114244867116,-0.023927383159752933,-0.013116295888562493,-0.21788281679153454,-0.001293685109048966,-0.0046228174059069725
4,39,1,38,-5.015459480285644,True,False,True,-4.0,0.04913113308995605,0.3928822204307653,0.0,-0.013211717035155742,-0.17389827891151075,-1.0715020745992658,-0.01558274008333683,-0.007831885495688768,-0.03714855819940567,-0.010294393044896424,-0.007223185729235411,-0.010858345753804314,-0.1079532902687788,-0.0007266964227892457,-0.001241659792140126
4,51,1,41,-4.082776895463467,True,False,True,-4.0,0.15002254432882176,0.21435181725436184,0.00039999961853027344,-0.015699934274889527,-0.20330771619657753,0.0,-0.022675890247337523,-0.009409603695385158,-0.03792706187814475,-0.014909893559524788,-0.007443595980294052,-0.01223555638392666,-0.12139235541224479,-0.001307840085937641,-0.0012418206944130356
4,3,1,39,-4.31655089750886,True,False,True,-4.0,1.4531591285462108e-05,0.048546024323882796,0.0011999988555908203,-0.015111068838741632,-0.14347884471651925,0.0,0.0,-0.026053718230687077,-0.04104536570608616,-0.020625437754206364,-0.014511324334889652,-0.0036564896016352583,-0.09738974794745446,-0.0011944516582298092,-0.0032450220192549745
4,5,1,39,-4.27569166123867,True,False,True,-4.0,0.0030651931440623687,0.10347191583658609,0.0006999993138015271,-0.01804049998521805,-0.15425400435284248,0.0,-0.013571928662713617,-0.024756596013903627,-0.03898840736597777,-0.015733329528011382,-0.0062145236809737995,-0.004488777171936817,-0.10469353549182416,-0.000707642460183706,-0.0014796323468908661
4,12,1,42,-5.111202991604805,True,False,True,-4.0,0.10319299245942148,0.3810965389996057,0.0,-0.014159404338570311,-0.17231904267073334,-1.1831691992282867,-0.023040399365127084,-0.0156254409160465,-0.03735193002969027,-0.012365225083194674,-0.00742940247990191,-0.008986049565064604,-0.11843677170574665,-0.0008050176943652332,-0.0018046663174754933
4,33,1,45,-4.128979560434818,True,False,True,-4.0,0.016847253452745223,0.3057663569327971,0.003199997562915087,-0.031144364597275855,-0.09675467781664336,0.0,-0.01325418658554554,-0.06548752406612036,-0.05263344746083021,-0.04034937459975481,-0.013414285676553847,-0.022550626515876502,-0.11121954753994936,-0.0027902196714421745,-0.00519482069721562
4,62,1,41,-3.9444936025142674,True,False,True,-4.0,0.04114070283823507,0.3368835956738349,0.0023999976366758345,-0.011087179267778994,-0.11226367009527168,0.0,-0.028394571319222458,-0.00563086979323998,-0.03604700237512588,-0.010970734572038053,-0.009194241527002309,-0.002125424770296149,-0.10626514397561548,-0.0012688433975563387,-0.0016701875430590008
4,26,1,44,-4.014407987743616,True,False,True,-4.0,0.02638233305751291,0.30336591646686434,0.00679999340325594,-0.016500382737722252,-0.05410436255284366,0.0,-0.031104104053229095,-0.04353442921768873,-0.04543889064341783,-0.020072609239723527,-0.010953553983126769,-0.005313717129174621,-0.11651740565896035,-0.003354881967097754,-0.004061860662768594
4,50,1,45,-4.175548223853111,True,False,True,-4.0,0.1001721483680376,0.10168550580708433,0.006099994182586671,-0.019481650958769022,-0.13294992292881944,0.0,-0.010529899892862887,-0.02433311968110501,-0.04190888930112125,-0.01779238841496408,-0.01404169648885727,-0.0019690234851259445,-0.11604302816092969,-0.001279536139336414,-0.0031767339105135766
4,41,1,42,-3.964950830936432,True,False,True,-4.0,0.010859036729587504,0.4065150000955328,0.000699999537318945,-0.020412162377033385,-0.15904702679341426,0.0,-0.011350383460521698,-0.019096501152962447,-0.03669980149716139,-0.01135889026336372,-0.008464912972413006,-0.0035134366827287516,-0.11060145989060403,-0.0009290710043569562,-0.001551235076622106
4,9,1,46,-4.289841266870499,True,False,True,-4.0,0.011745360657649825,0.05952473575711902,0.00039999961853027344,-0.02184633677476086,-0.04643785313965055,0.0,-0.01902578844688833,-0.044761011293157946,-0.039353956691920766,-0.021033659912645813,-0.012635334876831623,-0.012050802215095297,-0.13502033516764644,-0.005192529031774031,-0.004153530407056679
4,28,1,42,-3.743373828530312,True,False,True,-4.0,0.3752246024832131,0.29660355679581696,0.00199999812990427,-0.012709278815891593,-0.1673939871397306,0.0,0.0,-0.02287229480221867,-0.03979389894753694,-0.027252852534875274,-0.015426863241009415,-0.006471024998281791,-0.11825109951198101,-0.0039700377474946435,-0.003060708875418641
4,52,1,48,-4.264671083837748,True,False,True,-4.0,0.0006146928781805627,0.23923943049725493,0.0018999983929097655,-0.021924570917035455,-0.20783591744926525,0.0,-0.003231681194156408,-0.04598818212747575,-0.0509122220426798,-0.026987187182530768,-0.020925159765174613,-0.002699603078092707,-0.11854064106941224,-0.0011410974630780407,-0.006238788556511281
4,55,1,41,-4.038873899877071,True,False,True,-4.0,0.02415649942702403,0.44591348810514325,0.008799991235136986,-0.022691720016300678,-0.24092630586761518,0.0,-0.01253613879904151,-0.02534150958061218,-0.03372011184692383,-0.02085951179265976,-0.009950362048111859,-0.013938762604945084,-0.1313665989786386,-0.004215834936476311,-0.002197251626639627
4,53,1,47,-4.06708861425519,True,False,True,-4.0,0.17503615533931224,0.12899577414917257,0.004999995362013579,-0.023279425213113426,-0.07452538587836897,0.0,-0.00756390118971467,-0.0440178422536701,-0.052145531885325905,-0.019487049439921984,-0.014060916416347026,-0.014032451391202655,-0.12162069499492645,-0.0007869958208175378,-0.004600372870045249
4,15,1,46,-5.552705405652523,True,False,True,-4.0,0.16834481898211914,0.38612800406602465,0.0,-0.019712922016624362,-0.03797588652538252,-1.7491336506605148,-0.0074839172605425126,-0.045596489990130065,-0.04992370545864105,-0.03377851127646864,-0.014320593224838377,-0.011826383534353224,-0.1319423514604568,-0.0011040323399356565,-0.004379855147126364
4,2,1,40,-4.267501447945833,True,False,True,-4.0,0.0039031281439579958,0.05408315458237265,0.0023999977670609947,-0.015079101640731098,-0.07881751200817234,0.0,-0.02597915155813098,-0.029092187238857155,-0.04139238994568587,-0.013231712304987013,-0.007479009788949044,-0.0026644610716329,-0.10880142480134962,-0.002992591779620853,-0.0023581684241071347
4,7,1,45,-3.7405287998914716,True,False,True,-4.0,0.336881249260623,0.34601080446209387,0.0035999974608421324,-0.024864640107844026,-0.18047287942608814,0.0,0.0,-0.019538897206075493,-0.04886556811630726,-0.014252499816939237,-0.01442150895018131,-0.003484904783378937,-0.11709606751799581,-0.0006597775853879284,-0.003364220153307543
4,37,1,43,-3.5313562694191933,True,False,True,-4.0,0.3388262712582945,0.4651750390097721,0.0016999985836446286,-0.01840761040453799,-0.11170080913066961,0.0,0.0,-0.015739885508082807,-0.0355850226432085,-0.020106837253551932,-0.015222363686189054,-0.0029285073178471066,-0.1104521805047989,-0.003948539624689145,-0.002965908030455467
4,42,1,51,-3.3520810219645503,True,False,True,-4.0,0.5309305664279963,0.5863084825934778,0.002499999087303877,-0.012336092630866914,-0.17692368928890576,0.0,-0.03619202993810177,-0.013451983053237202,-0.04651039637625218,-0.018122218144126238,-0.013076618891209365,-0.009941361727353524,-0.14170413404703144,-0.0011591557515203024,-0.0024025529380014635
4,18,1,48,-3.516617009043694,True,False,True,-4.0,0.48794113556272334,0.4258203724196988,0.0027999972552061082,-0.02007306143641472,-0.11300353658289168,0.0,-0.034763235822319986,-0.036371337203308936,-0.04214165251702071,-0.023096742206253112,-0.01440010370919481,-0.005153947943981622,-0.13655303835868834,-0.0035675938645727,-0.004053856992723012
4,23,1,48,-5.2272348117828376,True,False,True,-4.0,0.1993860482609534,0.44617973422980867,0.0,-0.01645563364145346,-0.13489549010835616,-1.472572400569916,-0.021251381412148475,-0.025530407503247258,-0.04094017954543234,-0.01508751871529967,-0.011120643235044553,-0.002060526194651544,-0.12843909740447998,-0.001762286870798562,-0.0026849895545456096
4,46,1,50,-4.0679387623071666,True,False,True,-4.0,0.3277594799052168,0.09652934239351242,0.002799998298287392,-0.014236184350447732,-0.20748112449655307,0.0,-0.020566191971302036,-0.0220335937757045,-0.05142517868429423,-0.021062598135322335,-0.009954531919211147,-0.009192212581001512,-0.13458837777376179,-0.002333826755493646,-0.002153717261971906
4,6,1,49,-5.318914987444877,True,False,True,-4.0,0.19474835940836782,0.31527437817331344,0.0,-0.02731555189937353,-0.06552819078431639,-1.4614526700973511,-1.1296271113678813e-05,-0.03183667645324021,-0.04836994007229804,-0.019279936933889987,-0.01341459774877876,-0.010481008592739833,-0.13977675274014476,-0.007815383218548959,-0.003655597921751905
4,25,1,44,-5.87516513645649,True,False,True,-4.0,0.14084304531442168,0.31932810577651266,0.0,-0.023763466235250233,-0.09935349959312591,-1.9102809715270992,-0.02520833875751123,-0.052193690259009606,-0.04541584100574256,-0.042255480324383816,-0.011653563003055754,-0.014514319506124595,-0.10400985836982723,-0.0016731339861871676,-0.005014341452624649
4,58,1,48,-5.289189701378345,True,False,True,-4.0,0.1631777511182009,0.3987980059163602,0.0,-0.016161842918372714,-0.24797793959507541,-1.3495849382877347,0.0,-0.014687754614278676,-0.05610690839588644,-0.0166969842556864,-0.0183819155395031,-0.0048841665157397076,-0.12141736805438996,-0.0017683217256853822,-0.0034971064505953105
4,8,1,48,-4.105098028331995,True,False,True,-4.0,0.03255815087410155,0.28907032729418,0.00739999271929264,-0.0203892329824157,-0.17039229076576703,0.0,0.0,-0.022832506215199833,-0.04525080889463426,-0.018409957312978804,-0.01622012750245631,-0.0024769405247645443,-0.12959355890750884,-0.00411249225231586,-0.0044484001552336835
4,0,1,45,-5.198521486222744,True,False,True,-4.0,0.15955418559913143,0.4728397302495433,0.0,-0.019643212088849397,-0.2078993136598729,-1.3579414707422257,-0.021093018501996998,-0.01697983959689737,-0.041517270132899284,-0.021801569350063797,-0.010258205607533455,-0.008331538789557273,-0.12228566892445088,-0.0012427871985710227,-0.0019216386580956167
4,21,1,46,-5.388888238966466,True,False,True,-4.0,0.18688551894854766,0.34782357887859694,0.0,-0.012428118009120226,-0.26819728107737323,-1.3958289706707003,-0.0008817284740507604,-0.01330623605288565,-0.05139401093125342,-0.02644534315913916,-0.019196936646476388,-0.0107313703721411,-0.12041881307959555,-0.0008532397290400695,-0.003915186339290813
4,22,1,50,-3.894169518053532,True,False,True,-4.0,0.439718561968766,0.1359148880432423,0.0013999989256262778,-0.014909604659769687,-0.19686135019145695,0.0,-0.023007683455944065,-0.01611093014013022,-0.04760270621627571,-0.016673386932816357,-0.010826194146648052,-0.006891163297802904,-0.13550800427794452,-0.0010842366201177357,-0.0017276462144218386
4,43,1,46,-5.107171044647694,True,False,True,-4.0,0.18091430859145466,0.3996055918882959,0.0,-0.029653044338338076,-0.06593663371008006,-1.3338127881288526,-0.002022302448749542,-0.03273338903672993,-0.042585162892937664,-0.019877725378610194,-0.013100735154002905,-0.01037242149096123,-0.13215538993477824,-0.001315464805957163,-0.004125813990831375
4,44,1,43,-4.113252446651459,True,False,True,-4.0,0.017093333010820125,0.2749994047814638,0.0021999988332390787,-0.0219722595566418,-0.14193165445427441,0.0,-0.026249153427779677,-0.014992807428352534,-0.04302045837044717,-0.021626957934349777,-0.012076891046017411,-0.004992907221494534,-0.11730779677629473,-0.0011486413862439808,-0.002225473175494699
4,57,1,39,-4.099873819351196,True,False,True,-4.0,0.026029672744189162,0.21366390711141456,0.0035999976843595505,-0.0277253671688959,-0.036574620331521146,0.0,-0.006828270144760609,-0.04895854548551143,-0.03988568931818009,-0.03265530578326434,-0.011640317309647798,-0.026394988060928885,-0.1064895062148571,-0.001198119247274008,-0.004816748967277817
4,14,1,47,-4.20497344121337,True,False,True,-4.0,0.00010381847069446339,0.2750764520145571,9.999990463256836e-05,-0.024905323002021758,-0.19996035066840706,0.0,0.0,-0.015743962740525603,-0.047816982455551604,-0.03401397216832265,-0.01648484126664698,-0.002793908919488787,-0.13368494421243668,-0.0018293127335709872,-0.0030201987287728116
4,17,1,53,-3.943880792111158,True,False,True,-4.0,0.004400320535924315,0.4519720583292507,0.004399999603629112,-0.020499792582122613,-0.09272369686252203,0.0,-0.005920230336487293,-0.035518769510090344,-0.05158757485449314,-0.020349006892647594,-0.01934140817727894,-0.004042282679896516,-0.1485569861531258,-0.0009371503998409023,-0.005176340764446651
4,30,1,48,-4.413781725764275,True,False,True,-4.0,0.0535626297186144,0.031583874381128085,0.0013999987393617632,-0.014521478164242584,-0.19267206329095643,0.0,0.0,-0.020246556624770165,-0.05613603413105012,-0.047516343831084676,-0.018560236394405374,-0.0034164773259908556,-0.1406273576617241,-0.0027302689720090723,-0.0039014346565818415
4,31,1,52,-3.607246896624565,True,False,True,-4.0,0.5682006191479739,0.387765605270442,0.0007999995350837707,-0.02764649561897386,-0.16854503484180897,0.0,-0.003994786021648906,-0.0546816809521988,-0.071078022159636,-0.05452459190040826,-0.018932770173996687,-0.011294454442104328,-0.1388429432362318,-0.0077116326018585825,-0.0067606774086016235
5,19,1,52,-3.6846186587214467,True,False,True,-4.0,0.3360468084906096,0.5313710387417983,0.01779998645186424,-0.01846684935037047,-0.26439378567331007,0.0,-0.017852155994623902,-0.02824340808670967,-0.044257338568568255,-0.02011305871186778,-0.011782424096018077,-0.01888428967766231,-0.14202777922153476,-0.0008659384521888569,-0.0029496347409440214
5,34,1,52,-5.123144566416741,True,False,True,-4.0,0.3425492698344534,0.44133373535878495,0.0,-0.008510846873832634,-0.24145571092420143,-1.4059208941459653,0.0,-0.01506339116021991,-0.061432107277214515,-0.016543986848555504,-0.020367810071911664,-0.009540267177465013,-0.12351456984877585,-0.0009388379458687264,-0.0037391266017220907
5,48,1,49,-3.5385056751966473,True,False,True,-4.0,0.4774821046926082,0.47460287872887424,0.00139999907463789,-0.015503184664994478,-0.17591133349822485,0.0,-0.034555824620183556,-0.023993198657408357,-0.05202466987073421,-0.03207252725027501,-0.012527852782513949,-0.00520135592938459,-0.13531282573938366,-0.0023372389291762365,-0.0025508540196460673
5,61,1,56,-4.137212262749672,True,False,True,-4.0,0.2589194695284964,0.08344028200082104,0.005399995651096106,-0.02296418910846114,-0.13523635042947718,0.0,-0.023043899126350877,-0.0348611145792529,-0.05822499413043259,-0.03577054655179381,-0.016467696917243306,-0.002652809997598525,-0.15147342920303344,-0.0009834576940193076,-0.003293569309171289
5,35,1,44,-3.9606787854433056,True,False,True,-4.0,0.0637805815071101,0.34933065934506885,0.0007999992370605469,-0.02441710314713419,-0.10992973921893281,0.0,-0.011382928378880023,-0.03066437039058656,-0.0372885598987341,-0.02057789242826402,-0.010897857663221655,-0.00282812354064788,-0.12284222200512884,-0.0010192598045978226,-0.0027418713786755682
5,40,1,57,-4.217536562979221,True,False,True,-4.0,0.298313785372302,0.034118955910395224,0.00019999995827674866,-0.007116273898864165,-0.23923062235116957,0.0,0.0,-0.014167274711653589,-0.07546278551220893,-0.03015885431552306,-0.024243608661927287,-0.008127081373477837,-0.1448061341047287,-0.0011934990655572619,-0.005663042521773605
5,49,1,58,-4.962729241847992,True,False,True,-4.0,0.4913579738925955,0.5870796684711241,0.0,-0.01650963762891479,-0.14818877324360072,-1.602079852223396,-0.020266289333812894,-0.014447832051664593,-0.049125473052263266,-0.016391412866069002,-0.01576841406757012,-0.0033375621669040354,-0.15165385656058783,-0.000862073133903323,-0.002536094255556237
5,1,1,50,-4.215879152417183,True,False,True,-4.0,0.08054380766908482,0.1667076785427742,0.004499995894730092,-0.012368746139109134,-0.1794553344216547,0.0,-0.022938704229891298,-0.020175746451132005,-0.048468952812254426,-0.01712820777669549,-0.01299546450376511,-0.013147291707473415,-0.13699690476059914,-0.00105794953822624,-0.0028973076213878804
5,10,0,102,-3.5348405009508137,True,False,True,-4.0,0.9289142346045901,0.29874362308935964,0.003300025649368763,-0.03117370882770046,-0.145911634896911,0.0,-0.002392293103039265,-0.062573471092619,-0.11549403727054594,-0.044146280845161534,-0.02841331813018769,-0.01209643973630222,-0.31138565719127664,-0.005193124403303955,-0.0070186058233957715
5,24,1,60,-3.808352926671505,True,False,True,-4.0,0.16314262472682345,0.48582872714138675,0.01809998348355293,-0.018660730174742634,-0.13593887001974506,0.0,-0.009224542528390884,-0.03769969821441919,-0.059507076144218456,-0.020942455194890495,-0.014017881136387583,-0.0015094235775438842,-0.17026810005307197,-0.0036799179352237847,-0.003975474838516676
5,36,1,48,-3.7815066030621534,True,False,True,-4.0,0.25234616458619724,0.34988906490949756,0.003399996869266033,-0.020406534029170875,-0.10435653648426524,0.0,-0.006436614156700672,-0.03976637708954514,-0.04599422823637725,-0.017343898760154845,-0.014587375037372114,-0.007204021527788882,-0.1252298069000244,-0.0015258659284154421,-0.004290628784801811
5,45,1,65,-3.6592185139656066,True,False,True,-4.0,0.5589254776528105,0.6968914567679168,0.0,-0.009685740281129255,-0.49436298413244006,0.0,0.0,-0.0152743386477232,-0.10570914164185523,-0.058781988288974386,-0.03141827743966133,-0.013023508746553603,-0.17710038155317306,-0.0014812858973164112,-0.008197861712542366
5,20,1,55,-6.225167635977268,True,False,True,-4.0,0.3814013854219649,0.3856200633594423,0.0,-0.02470740152522921,-0.08938386146193807,-2.466633135080338,-0.03429791789501905,-0.05845109146088361,-0.061064329035580164,-0.04993272837717085,-0.018609194013988604,-0.020405590838207675,-0.1595357263088226,-0.003068365675280802,-0.00609951009741053
5,4,1,54,-3.9284778621792795,True,False,True,-4.0,0.5027159282842284,0.0567099908255249,0.0013999986462295056,-0.023443460984854038,-0.13832381612504832,0.0,-0.027062966823577884,-0.04605494826566427,-0.05433566976338625,-0.03432359139726031,-0.01326683153863996,-0.0032067367919614755,-0.14029917597770683,-0.005421962882828669,-0.003564561697567116
5,47,1,58,-4.230365913659334,True,False,True,-4.0,0.002448665457139477,0.22610565119256848,0.00369999697431922,-0.017849709171860018,-0.1916530441447685,0.0,0.0,-0.011365986349992457,-0.057980073019862174,-0.018486608723178508,-0.019096824270673093,-0.0028457969959856653,-0.13931502223014827,-0.0007677087182673856,-0.0032592036825371904
5,63,1,75,-4.378213241398335,True,False,True,-4.0,0.14851482570971705,0.152993737087633,0.001699998453259468,-0.02862799661001191,-0.24768090399797071,0.0,0.0,-0.039316122601740056,-0.08461892716586589,-0.03903017694596201,-0.02795059855096042,-0.00637065572075244,-0.20048011265695095,-0.0015843580878572541,-0.005761864353262354
5,11,1,58,-4.3407445269823075,True,False,True,-4.0,0.0827720564446645,0.07015609067563995,0.005799996368587018,-0.027704215529374777,-0.16228753469971707,0.0,-0.010347057394683364,-0.03396234823390842,-0.058603818342089636,-0.02155131991952658,-0.016285527125000948,-0.0026441660996027847,-0.16052287474274632,-0.0020723802672000607,-0.0034913537674583495
5,56,1,65,-5.36899039208889,True,False,True,-4.0,0.5374541037479521,0.5636312431078839,0.0,-0.021423571388004346,-0.07164819211152007,-2.0163048160076142,-0.023843735624104745,-0.04686716942116617,-0.06983468558639287,-0.017123940277379006,-0.016291307902429254,-0.003477476323598693,-0.17483744494616985,-0.0037656810731277776,-0.004657722784177168
5,59,2,39,-5.434006184935571,True,False,True,-4.0,0.06853495708732228,0.34134108374432803,0.0,-0.023269323855638506,-0.14838847878505476,-1.4430767512321472,-0.009557356080040335,-0.028408817038871353,-0.03370984703302384,-0.028380459602922195,-0.01254101139958948,-0.003863567585219699,-0.10831724025309084,-0.0009223750708406443,-0.0034469467896269626
5,13,1,69,-5.441697857379913,True,False,True,-4.0,0.6748822686240489,0.5536057722073304,0.0,-0.017679187681060287,-0.07452369941223877,-2.1918476796150204,-0.026216698437929155,-0.04998007290065288,-0.05974658628925682,-0.02823569596279412,-0.019359247107058764,-0.004941206682041184,-0.1916412495076657,-0.0011712186384829695,-0.004843228652607649
5,54,1,54,-3.8136195188760755,True,False,True,-4.0,0.2511062737386509,0.5187699055943312,0.0039999961480498315,-0.02438749644323253,-0.258833567105612,0.0,-0.018877767845988273,-0.027953900215215988,-0.04601949762552977,-0.03131011421792209,-0.016231582332402465,-0.010023263087111047,-0.14822336450219156,-0.0017997567451675414,-0.0038352287501766114
5,60,1,68,-5.679847752153873,True,False,True,-4.0,0.5752821137700324,0.6030105915805324,0.0,-0.015818685965496116,-0.34558800683313173,-2.093796379566193,-0.025149774290621277,-0.019870496150106193,-0.07269241772592065,-0.05674276734236629,-0.015362160014919937,-0.013620388753179216,-0.19426264382898806,-0.0016941313962161076,-0.003542288461467251
6,38,1,44,-4.164917740225792,True,False,True,-4.0,0.014103773318114465,0.21848658713349478,0.0033999971859157083,-0.02306307186605409,-0.1464601011378909,0.0,0.0,-0.012879205835051833,-0.04510847918689252,-0.0231270337337628,-0.01355551423504949,-0.004369114929968702,-0.12898039340972897,-0.001013186888594646,-0.002352038813987746
6,27,1,43,-5.189823445975781,True,False,True,-4.0,0.1744150695274584,0.3186026330732967,0.0,-0.01997733473661356,-0.09616714588686592,-1.3189579319953917,0.0,-0.02911208745092153,-0.04329861599951983,-0.030264284596778455,-0.013065077241044491,-0.008954354975139722,-0.11891785815358162,-0.0005787674209568652,-0.003547886221203953
6,29,2,44,-4.089162087142467,True,False,True,-4.0,0.13464816894498655,0.1684758642493241,0.0,-0.019570034421049057,-0.14227407544327433,0.0,-0.019289730414748192,-0.023358667762950064,-0.0376758449152112,-0.017614870276302094,-0.012011705921031535,-0.0019258470642708394,-0.11318717479705812,-0.002638942918274552,-0.002738883211859502
6,12,2,42,-3.918288787603378,True,False,True,-4.0,0.15164486419649623,0.29180857491374185,0.005999994054436684,-0.01650457620504312,-0.10168783924353192,0.0,-0.02226835488341749,-0.03416215926408767,-0.04159064300358295,-0.013547816374339165,-0.009657229358563202,-0.001963402581313858,-0.12288986168801783,-0.0008081019567907786,-0.002662288713618181
6,51,2,44,-4.077049031406641,True,False,True,-4.0,0.009273402469720962,0.29988829169311,0.0005999994277954101,-0.019219971443526447,-0.15364545465359697,0.0,-0.014504452645778657,-0.024071308025158937,-0.03975704371929169,-0.009023268583696335,-0.007755162946414202,-0.003410684024729562,-0.11270982511341572,-0.0008345624802313977,-0.0018788895566831337
6,55,2,41,-4.128111382722855,True,False,True,-4.0,0.004964499806730359,0.25011391917705356,0.0012999988347291947,-0.018615657095797357,-0.1502374996571598,0.0,-0.01716654857620597,-0.013966854186728597,-0.039089661799371234,-0.012151059594471006,-0.012038686163723467,-0.00356854938682659,-0.11469075381755832,-0.0012861203585634944,-0.0016781907860422508
6,52,2,42,-5.247361609339714,True,False,True,-4.0,0.11757786489874432,0.44062466299976216,0.0,-0.011147170574986374,-0.18925625205258256,-1.3625700771808624,-0.026591421775519847,-0.00832149903755635,-0.04366605665534734,-0.02669286402408034,-0.01091225962387398,-0.010409084211605659,-0.1126941069960594,-0.0010479800583561884,-0.0022551386134000494
6,7,2,40,-4.265889762341976,True,False,True,-4.0,0.001837165581546553,0.06620694884917687,0.0012999991700053215,-0.013990824967622757,-0.10194428323447938,0.0,-0.02874598827213049,-0.013487442759796974,-0.041987776830792405,-0.014511005980893969,-0.008061650090385229,-0.0031643608680695934,-0.10672920823097229,-0.0008706309521221555,-0.0017408533475827424
6,62,2,46,-5.36228689879179,True,False,True,-4.0,0.19831640891032293,0.22116707167051866,0.0,-0.023298233873210852,-0.11820141346775927,-1.3882162499427797,0.0,-0.021129216989502313,-0.038832577392458906,-0.03729767299257218,-0.014964830037206412,-0.008753804480002146,-0.12411815717816353,-0.0035188052432204137,-0.0034393146212096325
6,0,2,36,-4.3154996815323825,True,False,True,-4.0,0.01220686869351994,0.10754317064993134,0.006499994210898877,-0.015036472091451284,-0.20694015781475178,0.0,-0.017866873051971197,-0.015700075635686518,-0.03424612786620856,-0.017315733120776715,-0.01033410107716918,-0.01734971527934249,-0.100650182813406,-0.004162298928713427,-0.002147907249163836
6,9,2,44,-5.266970387101173,True,False,True,-4.0,0.18347139654864802,0.290434292655864,0.0,-0.018318303650594312,-0.04165171040498535,-1.4196817672252655,-0.0036454185470938686,-0.04459657593164592,-0.03664412364363669,-0.026458191699348394,-0.014229536587372419,-0.01814127268182347,-0.11094520650804042,-0.001963569161416672,-0.0046003149246098465
6,15,2,42,-3.9948320135474207,True,False,True,-4.0,0.04261381943354535,0.27673750880177983,0.0019999980926513673,-0.018251507221721114,-0.06842187404635297,0.0,-0.004376767557114363,-0.032316834302619106,-0.03536553822457791,-0.022091009377036248,-0.01252142433077097,-0.006074261796102292,-0.11259496696293357,-0.0008042307989671827,-0.003365028363768943
6,28,2,45,-4.366826150417328,True,False,True,-4.0,0.012205150948878387,0.057355046088843405,0.0039999961107969285,-0.012897494006901978,-0.19067254457768287,0.0,-0.02712850032374263,-0.022612007306888702,-0.041838707029819476,-0.017360269359778614,-0.0076282097474904735,-0.007672865575254947,-0.10980201683938502,-0.0008013472579477822,-0.0019722839459427642
6,32,1,96,-3.8528074212372303,True,False,True,-4.0,0.17055619213856063,0.6597681816575559,0.001299998927861452,-0.03192320489208215,-0.12442308447381947,0.0,-0.021477719768881798,-0.06783974126446991,-0.10958642367273569,-0.027682091128081093,-0.028533221925608816,-0.0033308681040134045,-0.260501252040267,-0.001822229639365104,-0.007312013261544053
6,41,2,46,-4.0645190665125845,True,False,True,-4.0,0.0029124234925984637,0.27218917277786886,0.004899995885789395,-0.022534176851622758,-0.07938156181942758,0.0,-0.00335165673866868,-0.03171762590296567,-0.04481459025293589,-0.019487740788608796,-0.011510632873978468,-0.0062432617579906945,-0.1214368496835232,-0.0006886196475534233,-0.0033539733994984995
6,53,2,44,-4.162581057846546,True,False,True,-4.0,0.2859485514997504,0.052577020689926424,0.0,-0.01102616734278854,-0.24558285649661232,0.0,0.0,-0.008175869523547593,-0.056309213787317264,-0.016739170285873115,-0.017866533480118962,-0.012750050530739828,-0.127075155377388,-0.002031548912273138,-0.0035499341864488085
6,21,2,38,-4.044940541982651,True,False,True,-4.0,0.33247259265277535,0.03637248990636114,0.0023999977111816406,-0.011929378329077736,-0.18927698524181324,0.0,-0.020110644008964302,-0.013377546146512032,-0.03362418357282876,-0.010973395775072278,-0.008367036851122975,-0.016535103127089317,-0.10909695275127888,-0.0011009635508526117,-0.0017936843156348915
6,43,2,38,-3.9167745208740232,True,False,True,-4.0,0.06458588596881326,0.3706578477934811,0.0,-0.011522462435532359,-0.1394640956039075,0.0,-0.01932528704404831,-0.00865018923766911,-0.033532063104212285,-0.00897281000507064,-0.008509162059053776,-0.0036471057737071533,-0.11448407128453253,-0.002453818067442625,-0.0014568127787788396
6,50,2,48,-4.055905801355839,True,False,True,-4.0,0.008620787008797207,0.3730493619921913,0.0006999993138015271,-0.014490790229756382,-0.1666574334196048,0.0,0.0,-0.01652278679423034,-0.050254373587667926,-0.03919781013624742,-0.017125383312813932,-0.00366493641637689,-0.126716847717762,-0.0007252167246042519,-0.0029203552531544127
6,42,2,44,-4.103167553842068,True,False,True,-4.0,0.3423381358259212,0.03134759956343056,0.0029999972879886628,-0.020640094280242927,-0.18279451634480212,0.0,-0.023977481368929153,-0.03659182013943792,-0.04877086631953717,-0.025500870505347852,-0.011854726672172545,-0.0036992760904036013,-0.11876462206244472,-0.003843777762813261,-0.00341484266682528
6,48,2,35,-3.771036373376847,True,False,True,-4.0,0.21663408024993258,0.41674861378967765,0.00039999961853027344,-0.014207726209424437,-0.1963506732118549,0.0,-0.018164002667181194,-0.010912155280821026,-0.027543768361210825,-0.017084286744939167,-0.006441969336010516,-0.014134650009405253,-0.09437311291694642,-0.004242311497800983,-0.00136432946252171
6,16,2,55,-5.1072332522273065,True,False,True,-4.0,0.45100636717283127,0.5863209607265891,0.0,-0.01235055623576045,-0.1907753016229253,-1.6431786465644833,-0.021696909368038177,-0.015222825501114133,-0.052978674769401574,-0.023231153567321593,-0.016399051835760473,-0.012385419423195574,-0.15231721557676794,-0.0010768682999332663,-0.002947939626174047
6,18,2,45,-3.9483327920734888,True,False,True,-4.0,0.28731419253964313,0.15331080357876367,0.00039999961853027344,-0.023781954270089046,-0.08099172226924566,0.0,-0.027958859615027903,-0.040221764924936,-0.04038999389857055,-0.02963057012530043,-0.012650734488852323,-0.006944045890923007,-0.11966155305504798,-0.003844694215076742,-0.00328183422825532
6,34,2,37,-5.151405217051506,True,False,True,-4.0,0.06365816646488387,0.20356855084893302,0.0,-0.02520383936818689,-0.07672377873765071,-1.1181745183467868,-0.0011876350245438516,-0.02374259610194712,-0.03454692777246236,-0.021720696697011585,-0.008892911213915798,-0.007149872400223104,-0.09712570406496526,-0.0015459653007565068,-0.0026172097615199167
6,44,2,41,-3.6245253676176072,True,False,True,-4.0,0.3589179886208148,0.424897388296991,0.007799992393702269,-0.016168163670226932,-0.18250472758198155,0.0,-0.02359892077744007,-0.014868204677477482,-0.034046520665287974,-0.014759215735830366,-0.010008133568335322,-0.009710923431653098,-0.10560717195272447,-0.0031782614265102897,-0.0016903521621134134
6,22,2,42,-3.8182624235749247,True,False,True,-4.0,0.16811539290109068,0.33876054157837804,0.004999995306134224,-0.0191506964986911,-0.07577074737543625,0.0,-0.005455777868628501,-0.040693798051215715,-0.041176284290850164,-0.01760473801521585,-0.012079732604324819,-0.0035495462104343603,-0.11066488191485405,-0.0007331290165893737,-0.0032590067328419543
6,40,2,37,-3.8592530152201654,True,False,True,-4.0,0.06661937634984495,0.3452697422308848,0.005299994945526123,-0.02247717573773116,-0.020238290132983824,0.0,-0.003720728708431125,-0.0349408245133236,-0.03334676664322615,-0.02374085430987179,-0.010633909932803363,-0.0241876413137652,-0.09728415578603744,-0.0017938971502007917,-0.004077873409842141
6,3,2,54,-5.997670130729675,True,False,True,-4.0,0.3447638987117534,0.4082528413089336,0.0,-0.018201764125842602,-0.2913728680759959,-2.100854934453964,0.0,-0.04482959920074791,-0.07218978643417359,-0.04890324418433009,-0.02312380466610194,-0.0033848837816123556,-0.14095223635435103,-0.001100846549088601,-0.005772855730610901
6,8,2,44,-4.153145101368427,True,False,True,-4.0,0.0021340643422081483,0.2532527896549072,0.0011999988555908203,-0.021231219031615182,-0.15429366440424927,0.0,0.0,-0.03426966493949294,-0.04967174541205168,-0.017234319122508168,-0.01539335428737104,-0.003560064966873001,-0.10956109032034875,-0.0008715675014536827,-0.003645278097246773
6,5,2,55,-4.211298720240594,True,False,True,-4.0,0.0077314839708105855,0.20911842917006254,0.0012999992072582245,-0.021678409758023917,-0.1253252909745788,0.0,0.0,-0.03507378349080682,-0.05637549012899399,-0.016188597064465283,-0.019010587949305772,-0.00214247850858726,-0.14939932167530057,-0.0008648741083743518,-0.0033895843254867944
6,30,2,43,-3.999246845543385,True,False,True,-4.0,0.044495086565148084,0.3336561713959235,0.0037999964505434037,-0.013568454685155303,-0.14928534489212328,0.0,-0.0022758960351347926,-0.020659246384166177,-0.033691584616899486,-0.016662133112549785,-0.01640079795382917,-0.002534192221828817,-0.12073349446058275,-0.0014647507492918516,-0.003922259668179323
6,31,2,43,-3.856205980479718,True,False,True,-4.0,0.10943435381632297,0.3491712971907147,0.0010999991185963154,-0.02141207355540246,-0.018318788231990762,0.0,-0.009892171584069728,-0.04219662182033062,-0.042574823647737514,-0.027274945899844166,-0.015732884015305895,-0.017212768389090343,-0.11542646445333957,-0.0007281424777465872,-0.005142037523328327
6,33,2,55,-6.353678085207939,True,False,True,-4.0,0.39678081907058466,0.33686368838100134,0.0,-0.021287852260284127,-0.10392223057075169,-2.556983390450478,-0.029178398922085763,-0.059515265258960434,-0.07008116263896229,-0.055120413526892675,-0.018065813214052474,-0.015335967469436582,-0.15120414458215234,-0.0009084258756774944,-0.005719283212674781
6,39,2,56,-4.0109847509861,True,False,True,-4.0,0.14601981616429835,0.2925069543857927,0.0005000007152557374,-0.026156660877168177,-0.15072787398617948,0.0,-0.015284317918121815,-0.021535375029779973,-0.05245130721479654,-0.016657484518364074,-0.013805639133788641,-0.0018250878257304005,-0.14744315460324292,-0.0014638365971040915,-0.0026608412203495396
6,49,2,39,-3.70161871701479,True,False,True,-4.0,0.22538291591859888,0.45700371294689823,0.0005999995768070221,-0.015632713099475948,-0.15940071303513834,0.0,-0.021999617516994478,-0.018010630016215144,-0.03725638698786497,-0.0215256642177701,-0.008399782837368551,-0.004386277802623227,-0.09271714083850384,-0.003649229035363534,-0.0016271237214095895
6,57,2,45,-5.241416140198707,True,False,True,-4.0,0.14569802249163952,0.49892647806848733,0.0,-0.02304305464960635,-0.059718349069880786,-1.5340175473690032,-0.021550680641084913,-0.034891217527911064,-0.045902736335992796,-0.014358562696725133,-0.015085535896942018,-0.00488962566756527,-0.1255667187273502,-0.002430590384901735,-0.00458619727520272
6,2,2,51,-3.859909658133984,True,False,True,-4.0,0.41804916299530304,0.13776797145556843,0.0025999975949525835,-0.02405470760772005,-0.10751539703291202,0.0,-0.0009915438294410706,-0.03276748342439532,-0.04783028442412614,-0.02907803732901811,-0.015147121651098135,-0.008478125847639717,-0.14591467149555687,-0.002982371164689539,-0.003566896130796521
6,46,2,50,-4.052818780243397,True,False,True,-4.0,0.02181668519231139,0.45304803043503705,0.014699985589832069,-0.014687483126763254,-0.23659596114375747,0.0,-0.019708120748400688,-0.03496758901514113,-0.04620542444288731,-0.0222311442042701,-0.011148815017077141,-0.014976965948998357,-0.13802072562277315,-0.0011107929176068863,-0.0027304656843625706
6,25,2,50,-3.698561182022095,True,False,True,-4.0,0.5826525673683501,0.18265006564888145,0.0011999988555908203,-0.020355571799445898,-0.12157668206826203,0.0,-0.022928807025309653,-0.049069931912235895,-0.054944415837526336,-0.026068899556994443,-0.01777315873652696,-0.004851710604056354,-0.14005644641816617,-0.0013129984901024724,-0.006125072511495091
7,1,2,43,-4.127798446863889,True,False,True,-4.0,0.04427810930807028,0.22193164980822078,0.000699999537318945,-0.02367853278410621,-0.12444248662031898,0.0,-0.011894401833415032,-0.04060426421463489,-0.04252673752605916,-0.02228199856355786,-0.011356083052232863,-0.003484274307329542,-0.11040233656764031,-0.0007706601102836433,-0.0032664284296333797
7,61,2,47,-5.333607559800148,True,False,True,-4.0,0.15868774201953786,0.44192755539551853,0.0,-0.016649189773015678,-0.26974252372368934,-1.3860126101970673,-0.015999526530504227,-0.011737398391123857,-0.0410256465151906,-0.029767895773984494,-0.010473965839482843,-0.013648581509478388,-0.13523834690451622,-0.0018569999803003166,-0.0020701498896232807
7,23,2,56,-4.085602562576533,True,False,True,-4.0,0.18218074994420366,0.2570061659587524,0.0005999996140599251,-0.022857300214236605,-0.07321351055616104,0.0,-0.033237704988569025,-0.07559489269740878,-0.062074344344437114,-0.05479237474966793,-0.01790718723088503,-0.027320401860633864,-0.1497779169678688,-0.0019577188648690945,-0.006656016601555164
7,58,2,55,-4.2340809810161595,True,False,True,-4.0,0.045178046823753,0.26712545175721514,0.0014999987743794917,-0.01709471596637741,-0.24573505769223636,0.0,0.0,-0.03008062599226832,-0.05854996901005508,-0.025925932652316987,-0.017920118300244217,-0.005596156969486403,-0.14157129734754562,-0.001392238367479877,-0.004018248241045511
7,14,2,53,-3.993265285789967,True,False,True,-4.0,0.11824832597372263,0.28759391926323147,0.0015999984741210938,-0.018716793258208787,-0.07908324527466905,0.0,-0.012014116551727058,-0.0368168524093926,-0.04613037418574094,-0.02646089046844281,-0.020040450831875202,-0.006290434337940953,-0.14897840932011605,-0.001296168776170816,-0.004880018325638958
7,45,2,40,-4.183092262744903,True,False,True,-4.0,2.6671133132781796e-05,0.2710576075581131,0.00019999995827674866,-0.010281062467256562,-0.19892455027555117,0.0,0.0,-0.01398677682504058,-0.06001023884862661,-0.027256048023700706,-0.018649984109215437,-0.005890843924594742,-0.11450466379523273,-0.0007085178939450997,-0.004163910851348192
7,17,2,54,-3.9012993735074994,True,False,True,-4.0,0.30833188112825155,0.27115188831662695,0.0002999996952712536,-0.012278114446089604,-0.16277586170903074,0.0,-0.03534513888851507,-0.020734867127612234,-0.05213982582092286,-0.01766839216463268,-0.014946266652550543,-0.009557316455369573,-0.15192298717796796,-0.0012063741114980077,-0.002508091998752207
7,19,2,55,-3.904965875893831,True,False,True,-4.0,0.3097092049929779,0.25226498267154907,9.999997913837433e-05,-0.02517428492428735,-0.15571791807829868,0.0,-0.013372598588466646,-0.03316791778430343,-0.048626641146838664,-0.021548613691702485,-0.012228065262315794,-0.0016228331341022798,-0.1515260662138462,-0.0016642184204101796,-0.002390785719617269
7,26,2,68,-6.055320008397102,True,False,True,-4.0,0.6300605571022739,0.4902410793868163,0.0,-0.022166022798046466,-0.09860346677072812,-2.6212236112356186,-0.03616285748779774,-0.05417592925950884,-0.08247476477175947,-0.040698898283299055,-0.020261090188287197,-0.004240394291475126,-0.18811381220817575,-0.002165817354543834,-0.0053351678012404586
7,36,2,50,-4.380241783484816,True,False,True,-4.0,0.017234828258356174,0.1597267413326927,0.0002999996952712536,-0.01926301621715539,-0.2359477863754728,0.0,0.0,-0.03853543296456336,-0.05400121241807938,-0.03194229596760124,-0.018547260586638,-0.004936408016603765,-0.14930515125393864,-0.0010518370289355518,-0.003972719422890804
7,63,2,40,-4.033862883895636,True,False,True,-4.0,0.018408854117528836,0.2762064215856777,0.0013999986276030541,-0.017408976798178624,-0.0959509812887518,0.0,-0.0235171514749527,-0.02977431123610585,-0.03888438370078803,-0.011427635012660177,-0.007858626823872327,-0.0012252781471892155,-0.10072326093912125,-0.000809462376346346,-0.002298446800559759
7,37,2,66,-4.170603501647711,True,False,True,-4.0,0.13996337869105593,0.23130636955450895,0.0009999990276992321,-0.017572650328511373,-0.18840455922774707,0.0,-0.0244996888935566,-0.015487636243924494,-0.06971568390727045,-0.026585225006565447,-0.018878751873271545,-0.00692739157372408,-0.16969737380743027,-0.0016136390180327,-0.0034906763114850034
7,54,2,39,-3.831156087815762,True,False,True,-4.0,0.29496634788753,0.2613842015837063,0.0006999993696808815,-0.017580895905848593,-0.14571915912609254,0.0,-0.02461810901761055,-0.0073654028493911035,-0.045036941207945345,-0.019639475718140603,-0.00875362084247172,-0.005221356537585962,-0.11174299374222756,-0.0009914824047882575,-0.001537378359644208
7,6,2,65,-5.034287286996841,True,False,True,-4.0,0.6054883339657681,0.584975442772302,0.0,-0.01842077994137071,-0.21460141268849836,-1.681593891382217,0.0,-0.01593059142585844,-0.08122674629092216,-0.01543463352369145,-0.021904969876632093,-0.0023948034078917135,-0.16855414435267446,-0.0009027698742283972,-0.0037863496746285813
7,47,2,44,-4.057718777060509,True,False,True,-4.0,0.00014620205808981273,0.2523994521528451,0.000699999537318945,-0.02930735104251653,-0.050125235013692884,0.0,0.0,-0.03043203703593462,-0.04152885012328625,-0.02150380065664649,-0.009839842733927072,-0.017482259243423923,-0.1071350982785225,-0.0006948401543195359,-0.002915222190204076
7,59,3,42,-4.193504396229983,True,False,True,-4.0,0.016030947374136267,0.1357000464031263,0.001699998453259468,-0.022743183579295872,-0.06467869660380529,0.0,-0.01864672019612044,-0.04320760772563517,-0.03790676426142455,-0.021141780428588393,-0.012372512649744751,-0.007432578021507653,-0.11143804609775543,-0.0034837178772431795,-0.003883769535459578
7,35,2,63,-4.365503055155277,True,False,True,-4.0,0.11951517834793778,0.0794442192622664,0.00039999961853027344,-0.016936961882747712,-0.22756561291069374,0.0,-0.01857292406260967,-0.017611470958217974,-0.059925673101097345,-0.022334440122358495,-0.013336786171421405,-0.010796246289564805,-0.17423500284552576,-0.0010591858094994677,-0.00248821952554863
7,56,2,46,-3.8444286417961124,True,False,True,-4.0,0.22884326240786323,0.2770481361659381,0.0007999992370605469,-0.02279424083302729,-0.03216221895447234,0.0,-0.023770059738308192,-0.05564692028798163,-0.042047066837549205,-0.021491682156920433,-0.014120369581505657,-0.011791198668070138,-0.12207865625619892,-0.000853564124990953,-0.004364102683030069
7,20,2,53,-3.586012108623981,True,False,True,-4.0,0.31607865719537803,0.48209823916683403,0.004799999594688416,-0.02625895933248103,-0.060247813575406324,0.0,-0.019133697259239853,-0.049327237242832785,-0.048480207603424794,-0.018174863397143783,-0.015342278000898659,-0.00635374672456237,-0.13957620739936827,-0.001241077716258587,-0.00485305677226279
7,29,3,39,-4.212706624716521,True,False,True,-4.0,0.0028746772269533935,0.17883948062619434,0.0012999987043440342,-0.01170755501370877,-0.19155133462911178,0.0,0.0,-0.014764689691364765,-0.04500305246561766,-0.015184783670119944,-0.014183897327166049,-0.005364552721093788,-0.09355618610978127,-0.0018359547032741827,-0.0025686950562521823
7,13,2,47,-3.9530521163344385,True,False,True,-4.0,0.2847043478474552,0.23479130015997984,0.0,-0.014386121657444165,-0.2118696487940906,0.0,-0.01716085180640221,-0.011609512586146595,-0.044699082151055336,-0.017343894620425997,-0.011407700921408836,-0.013808603845418474,-0.1276267720758915,-0.0009783053316641597,-0.001657292520976625
7,27,2,43,-5.329108516573906,True,False,True,-4.0,0.15247846748570737,0.30982775480556946,0.0,-0.02230739879189059,-0.03172066741477465,-1.4746398425102234,-0.0033433996886014935,-0.04584997450001538,-0.03550423737615348,-0.032871495452709495,-0.012039326715748751,-0.0224189335515257,-0.10605513952672485,-0.0006522086802578997,-0.004012126439192799
7,60,2,49,-5.127082898914814,True,False,True,-4.0,0.207818136150745,0.44651541103652564,0.0,-0.009351407692302017,-0.21286894872064296,-1.3152975314855575,0.0,-0.016518226563930514,-0.05265835348516705,-0.018507694071158765,-0.01797335338313133,-0.00777062592349381,-0.12603504136204718,-0.0012113700942427386,-0.003224043814261677
8,4,2,56,-4.164334738850594,True,False,True,-4.0,0.02148224789979627,0.27239748299594585,0.0,-0.02356088222702965,-0.07297185446826916,0.0,-0.028546517789363852,-0.03369640992954374,-0.0714544678851962,-0.042759039625525484,-0.017910426938324234,-0.008687360391835455,-0.15078145623207093,-0.0037408461779705245,-0.004105387192103081
8,24,2,67,-4.028282817602158,True,False,True,-4.0,0.4393318723420968,0.1348902935204575,0.0004999995231628418,-0.018187164182309062,-0.24929141883068953,0.0,-0.013969204351305962,-0.01612600440625101,-0.062014459371566785,-0.02138793396763504,-0.012483810521662234,-0.01701026094152441,-0.18949954919517037,-0.00097715320342104,-0.002057850595156197
8,51,3,43,-3.778187870979309,True,False,True,-4.0,0.3348035231919494,0.33923306219217414,0.0023999982699751854,-0.01923353251535445,-0.1987334271942382,0.0,-0.02136838048696518,-0.01835120846517384,-0.040348820537328724,-0.017766764885745946,-0.00944685404188931,-0.013764414569559449,-0.11147101700305939,-0.0025863148894859477,-0.0015540569153381506
8,55,3,42,-5.168576637208462,True,False,True,-4.0,0.10267442049654617,0.422688034049097,0.0,-0.018398570360150194,-0.17571947834745516,-1.2586239206790923,-0.01914265083149076,-0.009691005484201015,-0.0431775637716055,-0.019777827914804216,-0.008999479559715836,-0.007432251766704213,-0.1302738766372204,-0.0010524616633483677,-0.0016501694402541033
8,7,3,43,-5.199859261214733,True,False,True,-4.0,0.14836738847306608,0.37213500694910195,0.0,-0.01904985126107931,-0.13380305801998477,-1.345130289793015,-0.01731828555464745,-0.011810277858749031,-0.04225968766957521,-0.017250185483135283,-0.0117670765472576,-0.002744530258042061,-0.11458129972219469,-0.0029760949505725884,-0.0016709649635595265
8,15,3,42,-5.299929500222206,True,False,True,-4.0,0.1193595867986733,0.3207369585493961,0.0,-0.018673296291381127,-0.17110731520757327,-1.3108158791065216,0.0,-0.03099377078004182,-0.043704259842634194,-0.01835000074235722,-0.012424404909834265,-0.003407004367727495,-0.12652754962444304,-0.001187851503491402,-0.002834709573362488
8,38,2,50,-4.034691713303327,True,False,True,-4.0,0.008907422232870204,0.3609177031010041,0.005899994485080243,-0.026629692279966543,-0.10628272836853284,0.0,-0.0027480577956885102,-0.03901422579307109,-0.05110504368320108,-0.022064525913447142,-0.011668207843322304,-0.005810087753922061,-0.13970568902790545,-0.0014955374841520096,-0.00389326347183669
8,41,3,41,-4.020235603451729,True,False,True,-4.0,0.17624385999049988,0.2273712655834146,0.005999994054436684,-0.018396724725607782,-0.18668000400066373,0.0,-0.014606236219406127,-0.026364676328375938,-0.040860091559588904,-0.0189374314295128,-0.008395047346130015,-0.006081961076433801,-0.1068812683224678,-0.0007235870629665442,-0.0019238121320086065
8,44,3,40,-3.9406710544228556,True,False,True,-4.0,0.37411796226631855,0.06258353898636695,0.0023999977111816406,-0.013732589548453692,-0.15506293465230556,0.0,-0.022699419111013412,-0.008959259055554869,-0.03610899791121484,-0.011749788068118504,-0.009345942949876191,-0.006018260877191324,-0.11355844765901567,-0.0006300607159209903,-0.0019070542517874852
8,62,3,46,-4.170439859628678,True,False,True,-4.0,0.15444150629587972,0.03519349134804457,0.001699998453259468,-0.024382759883301332,-0.07557579446227464,0.0,-0.017914696633815765,-0.027354145860299467,-0.04783682949841023,-0.017691763110924512,-0.015564356939867146,-0.007451819097382782,-0.12207724153995514,-0.001991886585601605,-0.00393361913287663
8,3,3,39,-5.260102746486664,True,False,True,-4.0,0.04379919648068607,0.31171136723904047,0.0,-0.02321336367167533,-0.1250897998723667,-1.2506442153453827,0.0,-0.014528883546590803,-0.04440275538712741,-0.029898927074391398,-0.01420405425131321,-0.0036518529406748715,-0.10652758315205575,-0.0008005471641081385,-0.0026512871045269995
8,50,3,44,-3.716682229936123,True,False,True,-4.0,0.2932028398802505,0.3839538186936988,0.018499982059001923,-0.020060897797811776,-0.16634104660777665,0.0,-0.012055447474122046,-0.025673822355456656,-0.039028802812099465,-0.01640332869719714,-0.0125716487178579,-0.002672677037662653,-0.11281614601612092,-0.0014130186563852474,-0.0033022163266286948
8,0,3,47,-4.24507431179285,True,False,True,-4.0,0.02706548499168928,0.2920824369175413,0.001499998737126589,-0.020723981098271907,-0.2532334394432837,0.0,-0.016091850800439716,-0.028444048268720507,-0.04340575765818358,-0.04058163813315332,-0.011851301554124803,-0.0082687036190174,-0.13974137373268608,-0.000903231403499376,-0.0024769396224292
8,48,3,45,-4.263309305906295,True,False,True,-4.0,0.05711294492193702,0.15097374375379866,0.0,-0.015748951041605327,-0.16027444643405034,0.0,-0.04544508241117,-0.011871608197689057,-0.04910260818898677,-0.03832441636826843,-0.013432713855290785,-0.00976665190677915,-0.12301566526293754,-0.0019324298718129285,-0.0024812475970247758
8,30,3,41,-4.140356827378272,True,False,True,-4.0,0.13358866046881304,0.22977266588072218,0.0039999961107969285,-0.008531175128882752,-0.27414548803935757,0.0,0.0,-0.00888637120835483,-0.05338714372366666,-0.021747300822753467,-0.015670274328440422,-0.013599953471129994,-0.10677047103643414,-0.0010310671859770084,-0.003948817561322357
8,42,3,47,-3.8892275196313855,True,False,True,-4.0,0.021939000391694406,0.45890393293753734,0.0039999961107969285,-0.023313130324240774,-0.029885413237789184,0.0,-0.020441621649079027,-0.056901835212484,-0.04400491073727609,-0.02668441036250442,-0.013545819579157986,-0.015804457399050308,-0.1356298267841339,-0.0030662286830192894,-0.004792764209050801
8,40,3,45,-3.967914575338364,True,False,True,-4.0,0.3771590247936548,0.20535438422261348,0.006399993970990182,-0.023428482664749027,-0.2801334099149244,0.0,-0.0009660786390304566,-0.013973701428622008,-0.04960366841405631,-0.0323054328467697,-0.01783751054899767,-0.006881939590184629,-0.1267221108078957,-0.0010007746258634148,-0.003975032768794335
8,52,3,53,-3.770080731511116,True,False,True,-4.0,0.1518069151710916,0.48662325220586733,0.0016000000946223736,-0.025690919868648052,-0.03810179663654708,0.0,-0.018091961070895193,-0.04079277134500444,-0.05160858068615197,-0.037998181702569134,-0.02127598970662803,-0.019788257288540195,-0.14776181675493716,-0.0027803866968315566,-0.006220265392039436
8,21,3,50,-5.414622245728969,True,False,True,-4.0,0.2395413326033622,0.39779176028097923,0.0,-0.01699602513341233,-0.13054046764111263,-1.635476474761963,-0.025555231273174286,-0.025754613922908905,-0.04725735627114772,-0.022051633531227705,-0.012550688716582957,-0.0025184794214986542,-0.12827866062521937,-0.0024844100963673553,-0.0024911713917390448
8,28,3,51,-4.180892860293388,True,False,True,-4.0,0.300998253139478,0.17141648040239432,0.001399998664855957,-0.015438442624872551,-0.32115465462076825,0.0,-0.00045493006706237793,-0.0229787568282336,-0.07058481480926274,-0.037415005648508665,-0.02069939583889208,-0.015808021441371237,-0.14400670215487474,-0.0009276210935786367,-0.005238922421704045
8,43,3,50,-4.2936569629609584,True,False,True,-4.0,0.032166138058933036,0.1392249064023476,0.0030999970063567165,-0.01396097012562677,-0.20539956365420947,0.0,0.0,-0.010895440885797143,-0.053039820380508904,-0.020892607527785004,-0.016329325155820695,-0.004876890198829643,-0.1372271958738566,-0.0024924236460356036,-0.0030335909556015385
8,11,2,67,-4.247765488177538,True,False,True,-4.0,0.20557344822213056,0.10865684497205469,0.0031999975070357324,-0.015673434456111864,-0.20759236901998518,0.0,-0.019789318777620794,-0.026302424548193808,-0.06140494424849748,-0.021333750891499224,-0.012824378223740496,-0.01387433141578299,-0.18304258838295934,-0.0011980335761472818,-0.0021603632153710355
8,16,3,49,-5.564362746179104,True,False,True,-4.0,0.39906916950829335,0.5279093283507972,0.0,-0.00705329935590271,-0.3097106735612397,-1.8715319085121154,0.0,-0.024634665697813023,-0.07082392822951078,-0.03834715156350286,-0.021689590956084435,-0.01322841011425453,-0.12738938972353933,-0.0008344353074789981,-0.006097784936791868
8,33,3,45,-3.5732251024246215,True,False,True,-4.0,0.4434588546506712,0.3963437193938256,0.0,-0.025670199200976643,-0.10071483695530334,0.0,-0.020663456693291667,-0.04053988333791495,-0.04886406395584344,-0.036172285418724644,-0.012926255902275445,-0.008950692378275563,-0.11350208483636381,-0.0012680763928801751,-0.003755792947777081
8,32,2,54,-4.218982592225075,True,False,True,-4.0,0.002054405748276931,0.2375464933250743,9.999999776482583e-05,-0.01750993078807369,-0.17400896651088263,0.0,0.0,-0.024285561749711637,-0.05842937018722296,-0.020451860125176607,-0.01706910311244428,-0.0027298613935866456,-0.13935832798480985,-0.0016957442983402868,-0.0031447673299408053
8,61,3,40,-3.9740973928570753,True,False,True,-4.0,0.187245808900334,0.2218639384943225,0.003399996925145388,-0.024849623835179958,-0.13988615949318045,0.0,-0.0011615282110869884,-0.02842919852584601,-0.04375635296106337,-0.015127173676155509,-0.01300443748012185,-0.0038413667413806254,-0.11277784399688247,-0.0007548889482859519,-0.0030186420580139376
8,5,3,50,-4.219356050193309,True,False,True,-4.0,0.010617866354674273,0.2377913543467294,0.0012999988347291947,-0.02300874150823802,-0.203058161818044,0.0,0.0,-0.013024012772366405,-0.06237905517220498,-0.0121171722561121,-0.013681921712122857,-0.0024047392723343824,-0.135338835939765,-0.00130291191599099,-0.002749702830915339
8,2,3,49,-3.5483411625027657,True,False,True,-4.0,0.39423437840305275,0.46382174446771385,0.0039999961107969285,-0.02630791405914351,-0.11462219211141927,0.0,-0.014062153678387403,-0.03520539252087474,-0.049333872348070136,-0.0211406026640907,-0.012010314515791832,-0.00563264390878544,-0.12675127752125265,-0.001771333650976885,-0.0035596475860802455
8,8,3,52,-3.9499793827533725,True,False,True,-4.0,0.033912304604670304,0.42803901347763795,0.0010999991558492185,-0.020983329875161872,-0.0925480800335572,0.0,-0.02068819671869278,-0.03989735355600715,-0.050119756050407874,-0.017646808815188708,-0.014843683240469543,-0.0038464767224888874,-0.146680061519146,-0.0013740421284455808,-0.004402738468197641
8,31,3,52,-5.645125054419041,True,False,True,-4.0,0.26324515492765055,0.5297208358696236,0.0,-0.03156533987610601,-0.17655413452273933,-1.9099566161632537,-0.019965591132640834,-0.04035060819238425,-0.050474014021456244,-0.038253331608138985,-0.015345755936577915,-0.0024828710636759163,-0.14811646923422814,-0.0008584767865249887,-0.004167565529351123
8,45,3,42,-4.113453497588635,True,False,True,-4.0,0.07561292569763241,0.2778242849918753,0.00019999995827674866,-0.021125686911400408,-0.17401743454203827,0.0,-0.018876987397670745,-0.02831680598668754,-0.04731755711138249,-0.03924577276222408,-0.012002078839577737,-0.0030360395769821477,-0.11613194398581983,-0.003963957103987923,-0.0030565933496109203
8,53,3,60,-3.539583949446678,True,False,True,-4.0,0.5749508483846145,0.3856447142606249,0.0039999961107969285,-0.017170702335424722,-0.1692905479844194,0.0,-0.02006977468729019,-0.0334657236840576,-0.05750945188105104,-0.01627528133802116,-0.015287860538810495,-0.004208243491367654,-0.16662410281598575,-0.0010016209054992944,-0.0032764209705055686
9,6,3,35,-4.83510595023632,True,False,True,-4.0,0.04259187194963601,0.40095864907139905,0.0,-0.013677368403878063,-0.1548036169396073,-0.9386903309822083,-0.017922192569822075,-0.008192265080288053,-0.032845909744501106,-0.006306833843700587,-0.005406716829165817,-0.0048348282038205076,-0.09294131994247437,-0.002107555176771711,-0.0009272228914051085
9,18,3,57,-4.087648499906063,True,False,True,-4.0,0.4402823292870017,0.007783415567335187,0.006599993929266929,-0.01893503367784433,-0.17521213487372736,0.0,-0.03449145928025246,-0.05157335495110602,-0.05289255537092687,-0.032118204599246386,-0.017077524671331043,-0.007470986502444459,-0.14569957122206684,-0.002221167713287286,-0.004621899442427092
9,22,3,56,-3.841214710772038,True,False,True,-4.0,0.1860153970647761,0.5011508086317532,0.007799998354166746,-0.021204967093653975,-0.21250640873666274,0.0,-0.018086900636553764,-0.018637196836061774,-0.059933231547474874,-0.019997478439472614,-0.011309369502123448,-0.01376097993872179,-0.1577210865914822,-0.000992133459658362,-0.002031074272672413
9,1,3,49,-4.011843768656254,True,False,True,-4.0,0.05461103279187228,0.4706877318822043,0.0023999976366758345,-0.015894097132841126,-0.246682323219793,0.0,0.0,-0.021342305089347056,-0.0630784536898136,-0.0225848877010867,-0.01779620902612805,-0.010009758759750794,-0.13695470854640007,-0.0008977732479979748,-0.004302119716303424
9,37,3,38,-4.1403443557024,True,False,True,-4.0,0.111904793017311,0.08198213761436854,9.999997913837433e-05,-0.024125933460891247,-0.06512907309763251,0.0,-0.023312593474984166,-0.023133726501837374,-0.037276776768267156,-0.029600972775369883,-0.009980814263690265,-0.010057307209353893,-0.10810080006718636,-0.0010289413157443053,-0.0025843824728508484
9,57,3,54,-4.0678313277661795,True,False,True,-4.0,0.41951966406544655,0.07543260714283041,0.009399993177503348,-0.01506746855913661,-0.23253978260327135,0.0,-0.025563299469649796,-0.033518187806475905,-0.053721927069127554,-0.032569018653593955,-0.01410140830092132,-0.014821470925125481,-0.14433226734399804,-0.0022077323995472395,-0.0037411789398174725
9,34,3,61,-5.387988573610783,True,False,True,-4.0,0.46937567478889836,0.5673137330834119,0.0,-0.027644761637784537,-0.1547540593103622,-1.9298666590452196,-0.008577317222952841,-0.028027958287857473,-0.0675931444019079,-0.022463751113973557,-0.019762940690852705,-0.0036997915168012693,-0.15526436612010003,-0.002509113603446169,-0.004514115034544373
9,39,3,59,-4.078634032607079,True,False,True,-4.0,0.0019252380033265531,0.3768013845010519,0.0015999985858798026,-0.01874400416738354,-0.12073294169851577,0.0,-0.002858955855481327,-0.03831872963812202,-0.061640220768749705,-0.0321287953760475,-0.015179134071804582,-0.00818756805544183,-0.1548951078951359,-0.0022483615139208273,-0.004027102910913526
9,10,1,97,-3.216356253921986,True,False,True,-4.0,0.8757417806291826,0.5253688438878896,0.001699998565018177,-0.031115218209452004,-0.08362419766664972,0.0,0.0,-0.041049197311513116,-0.10623780958354472,-0.035003746846923596,-0.030305906594730918,-0.012577945149928669,-0.2721278109401464,-0.0012241724885825533,-0.005900985923071857
9,9,3,69,-6.534759501516819,True,False,True,-4.0,0.678942056023225,0.6058380352977801,0.0,-0.02078670956543647,-0.19684990193811244,-3.1204626369476327,-0.03197312641888857,-0.06162349155638367,-0.0963970839604735,-0.06603769551962614,-0.023726172177121047,-0.013975589315014079,-0.1787011759728193,-0.0013011642685887637,-0.0077046741201775145
9,12,3,75,-3.1543003463745123,True,False,True,-4.0,0.9537662595824802,0.551795305255407,0.004999995231628419,-0.03432798270310742,-0.20830420982621942,0.0,-0.0048945509642362595,-0.05519114477559925,-0.09056294858455656,-0.03101273132953794,-0.026344265065272342,-0.005248172614814628,-0.2005573625862599,-0.0011704684251162695,-0.0072480167436879146
9,14,3,52,-3.7761771455407143,True,False,True,-4.0,0.28600718494504695,0.36146060833529203,0.002599997967481613,-0.021818207921460272,-0.14062378039860052,0.0,0.0,-0.025085242209024722,-0.0502020600810647,-0.026074987831525506,-0.01541401447437238,-0.004076673189206055,-0.13773866340517998,-0.0009447116183582696,-0.004266519757802598
9,63,3,46,-3.9557425820827485,True,False,True,-4.0,0.04635050185830552,0.3487419190273975,0.0095999925583601,-0.015122157041914767,-0.05644981658086181,0.0,-0.02859942007809877,-0.04096265043132007,-0.04638061974197627,-0.016015075091272594,-0.014147501471452422,-0.004549618139671914,-0.13330207899212834,-0.0009380475059151649,-0.0039677971351193275
9,25,3,59,-4.138220450878144,True,False,True,-4.0,0.4969478887027889,0.09689089723498104,0.0015999984741210938,-0.017573544195620343,-0.2710481168326806,0.0,-0.04417927458882331,-0.05626359943766146,-0.08556715220212936,-0.061953270416706785,-0.02237241084920242,-0.009977779897162692,-0.15565779045224193,-0.0017448765638982868,-0.007321319853654131
9,26,3,49,-5.417570850849152,True,False,True,-4.0,0.23281537280927292,0.36945882644046835,0.0,-0.01476027905708179,-0.23310052950415414,-1.49919610619545,0.0,-0.02125837737461552,-0.05398953605443239,-0.025214910386130208,-0.019778126287274066,-0.006066856674721066,-0.13994227379560473,-0.00211900498426985,-0.004419005031231791
9,56,3,39,-4.014997268617154,True,False,True,-4.0,0.23150627253111447,0.1584074842690143,0.002799997255206108,-0.010941720036789775,-0.18714688864856727,0.0,-0.01684197634458542,-0.01535373754799366,-0.03874036252498626,-0.010505997291766107,-0.00687244476052001,-0.01578191154336197,-0.10317878991365431,-0.0008366179774748164,-0.0015108715731184932
9,19,3,51,-3.921342642903328,True,False,True,-4.0,0.4090093277767301,0.20404000223008395,0.0028999988362193112,-0.014186429153196511,-0.23483539484936047,0.0,-0.015940908938646314,-0.01662101547233761,-0.05008580103516578,-0.0285226464504376,-0.008977088047540745,-0.0163996585266932,-0.148123728632927,-0.0015387912029837024,-0.0020604667317820715
9,23,3,56,-4.181573071479797,True,False,True,-4.0,0.173784921746701,0.35836158908806826,0.007099993210285902,-0.026215114960796204,-0.3732647316035582,0.0,-0.0029338914155960082,-0.015310556067852305,-0.06558056667447089,-0.05085010305047036,-0.020582258708309386,-0.011233245809971776,-0.14889071300625803,-0.0008717012415581847,-0.005086813177185833
9,17,3,56,-4.182180125415325,True,False,True,-4.0,0.0003646846892329035,0.24643545374152834,0.0012999988347291947,-0.022976767006330192,-0.04469730637589237,0.0,-0.0003609493374824524,-0.06156999549362807,-0.06040655579417943,-0.0403756869607605,-0.016941496031358836,-0.019266679170918906,-0.15607677057385452,-0.0020263021171558647,-0.005581895756768061
9,13,3,42,-4.066644288897515,True,False,True,-4.0,0.009488365944010486,0.33992788404879193,0.0005999995768070221,-0.011581053433474158,-0.1648846987017896,0.0,-0.024742772355675693,-0.01326516332104802,-0.04732212968170644,-0.01740986310876906,-0.009014164502732454,-0.012165752827138974,-0.11337151169776917,-0.001014480647572782,-0.001889033587358427
9,46,3,65,-3.328096345961094,True,False,True,-4.0,0.5769307756003581,0.5971499099692208,0.004399995692074299,-0.02140844706213102,-0.11020290843676776,0.0,-0.020342577146366243,-0.0474259477108717,-0.06776004891842605,-0.03078311398625374,-0.019817405249923457,-0.005936964563982699,-0.17678698450326916,-0.0011865293595474213,-0.00492617129231803
9,58,3,61,-3.30792141020298,True,False,True,-4.0,0.8183066710643471,0.5601280728219281,0.008299993835389614,-0.02085279099061154,-0.3272487818179069,0.0,-0.009947087876498699,-0.02788477883674205,-0.05930834956467151,-0.0469025811040774,-0.017200715404469512,-0.008501379320512968,-0.17121944293379784,-0.0011443877273995893,-0.004445780551759525
9,36,3,57,-5.657500650882721,True,False,True,-4.0,0.3763323089746155,0.4928369739898886,0.0,-0.02366077098879032,-0.12349450018431524,-2.028494822978973,-0.01465857410803437,-0.04301272717770188,-0.057437144257128245,-0.040604648152366286,-0.019982808041386305,-0.00851828711962323,-0.15992846429347998,-0.0015091874197969448,-0.005367899951525032
9,47,3,53,-4.236174065619707,True,False,True,-4.0,0.09965328843837652,0.03287152543491179,0.001100000347942114,-0.02463459185324609,-0.07017880120896733,0.0,0.0,-0.02886387329548597,-0.052595496252179144,-0.020177925283787774,-0.014786195489577955,-0.010818676462644384,-0.14326695755124091,-0.0007989470566099043,-0.0036776309277047397
9,38,3,39,-3.7283487379550935,True,False,True,-4.0,0.3355638034269214,0.3198991175357106,0.0,-0.01666121654678136,-0.17836054695784695,0.0,-0.013462278610095382,-0.007510892264544965,-0.032222495675086976,-0.013355033141560852,-0.006178105869330466,-0.0032059548565734983,-0.11005414322018624,-0.0018678105170693018,-0.0009333296483964659
9,60,3,44,-3.7774535895884034,True,False,True,-4.0,0.10489020835874274,0.43731270777178005,0.00029999986290931704,-0.019644792140461508,-0.04879368078240077,0.0,-0.01477916101925075,-0.03303729044273495,-0.04423635572195054,-0.018132466159295292,-0.010853116535581646,-0.00983919377250004,-0.11628923714160917,-0.001526336274982896,-0.0028248520730994636
9,27,3,45,-5.222764590382576,True,False,True,-4.0,0.14372561552234972,0.46339048729103527,0.0,-0.01581688029225916,-0.17949718028685313,-1.3941592633724218,-0.02463996566832066,-0.013156260950490831,-0.0441130491346121,-0.02311906517483294,-0.009404581449925902,-0.006248369028930938,-0.11688412562012675,-0.001088653518818319,-0.0017533639562316238
9,62,4,37,-5.284563718438148,True,False,True,-4.0,0.03312387636205586,0.34782641020170485,0.0,-0.023602736725006256,-0.07996778688451742,-1.3405316275358197,-0.026352351605892183,-0.019615098806098102,-0.03525102395564318,-0.0263874946651049,-0.009215501137077808,-0.005104686920240056,-0.09375617414712903,-0.0035939805977977806,-0.002135696035693399
9,24,3,45,-4.224757687449456,True,False,True,-4.0,0.12067958902716326,0.041214026989604385,0.0031999968737363815,-0.019474999955855308,-0.12571489787180326,0.0,-0.021662119906395674,-0.0331494940072298,-0.04236137356609108,-0.008648622506298127,-0.009518863478442654,-0.0021806621929303777,-0.12353797040879724,-0.0009157782049442175,-0.002686110809445381
9,49,3,74,-3.8971314704418183,True,False,True,-4.0,0.34722854081541293,0.5473357566676091,0.002199998199939728,-0.022900087282760072,-0.36269890566996765,0.0,-0.01763933534733951,-0.016999372565187517,-0.07193924501538275,-0.06012431507231668,-0.020101067409850657,-0.014358578313130012,-0.2021788491308688,-0.0011883274387218987,-0.0037675292315543637
9,35,3,53,-3.9478415635228155,True,False,True,-4.0,0.11558680214029668,0.34039158836541744,0.0027000011317431924,-0.026176716620102524,-0.07324774031250854,0.0,-0.019148954823613167,-0.04222043400164694,-0.05571764167398216,-0.0156954337679781,-0.014529024467337875,-0.005824450549389439,-0.14918032102286816,-0.0009359881636919452,-0.0038430904773122158
9,54,3,59,-3.8302729728817937,True,False,True,-4.0,0.5982452603429557,0.065644216929184,0.0012999988347291947,-0.028335859794169665,-0.13579023092417628,0.0,0.0,-0.042848782821092744,-0.06145257495343686,-0.02644609089475125,-0.022147842980921276,-0.008997382939145381,-0.16249109283089638,-0.0023088828087202266,-0.004643576714588564
10,41,4,46,-4.256134389936924,True,False,True,-4.0,0.0003353013501392798,0.2062531051316359,0.002099999133497477,-0.025451891256961973,-0.19002850199671226,0.0,0.0,-0.02928661834914237,-0.055115737393498426,-0.014842975339852273,-0.01596013442147523,-0.0024847859311552148,-0.1273007427155972,-0.00100977761685499,-0.003341445993864908
10,3,4,43,-4.205479214787483,True,False,True,-4.0,0.021998193409936924,0.11025445642588383,0.0015999984741210938,-0.01890620838617906,-0.0571427982779278,0.0,-0.029315650016069412,-0.03466614377684891,-0.043894870653748516,-0.02067409918643534,-0.011351158515317362,-0.00503200811462193,-0.11382995538413525,-0.0008437190638505856,-0.0036752678554330485
10,21,4,38,-3.9153287696838377,True,False,True,-4.0,0.40598448462784287,0.08667062215095037,0.00039999961853027344,-0.016231998977891633,-0.1858315011620289,0.0,-0.016322977431118487,-0.012068302873522044,-0.03749884728342294,-0.012696849068161098,-0.00910483479266986,-0.013660297667032684,-0.1025740534067154,-0.0006986948911799116,-0.00169549300451763
10,52,4,39,-4.1327316078543666,True,False,True,-4.0,0.06014847583184746,0.1846153284816569,0.0013999986648559571,-0.009805677017429846,-0.16215442067550612,0.0,-0.02384120732545853,-0.017602584608830518,-0.036478534266352655,-0.011916411531856285,-0.006848609540611505,-0.005371883695925134,-0.10079860940575601,-0.0025044599636748896,-0.0015731897982186633
10,55,4,51,-3.818142280876637,True,False,True,-4.0,0.4556204096414148,0.20784629651875372,9.999990463256836e-05,-0.020460116972681137,-0.18474456812757126,0.0,-0.01781395900063217,-0.01310272781178355,-0.050866716243326685,-0.01799650872126221,-0.01194288877770305,-0.005933494732629471,-0.15508459180593498,-0.0015816030712448995,-0.0021820871400996104
10,7,4,49,-3.5741614034771922,True,False,True,-4.0,0.48451292888261377,0.4475554600501345,0.00339999683201313,-0.019251348469406366,-0.215114662470005,0.0,-0.015656990744173527,-0.02393961589317769,-0.047940966133028284,-0.020649419189430772,-0.012788815428502855,-0.012716325806322858,-0.13812640935182577,-0.0007189731451217086,-0.0027260996727272867
10,29,4,58,-3.9850882741808893,True,False,True,-4.0,0.21279629997989097,0.22673203261413646,0.0028999972343444827,-0.02312273663701489,-0.06467560133017287,0.0,-0.009766980484128,-0.045661824028938994,-0.06207218311727047,-0.027227473678067323,-0.018838363707764077,-0.007426752144852121,-0.16104931719601157,-0.002087221501860767,-0.005588189959889861
10,48,4,43,-5.332984584867955,True,False,True,-4.0,0.18009249014314263,0.4641490715420513,0.0,-0.004622966763272416,-0.2433377418258351,-1.4875806975364683,0.0,-0.01641275318339467,-0.060789401903748506,-0.027171904239803545,-0.0178162182494998,-0.011794318800064315,-0.10223025389015675,-0.0007961653478560037,-0.004673594743362627
10,50,4,45,-5.430211159288883,True,False,True,-4.0,0.1528319997164544,0.36507080312513507,0.0,-0.02067594399442896,-0.06828495140391169,-1.5857516145706176,-0.013364676749333738,-0.03851305225864053,-0.045615810975432394,-0.01901755991857499,-0.01561461011879146,-0.007580841617891564,-0.12696132212877273,-0.0027981095343420754,-0.003935330513922962
10,51,4,56,-3.3621764588356013,True,False,True,-4.0,0.7938210845948198,0.2921558738483132,0.0036999964341521267,-0.01946037943591364,-0.10380095887187052,0.0,-0.002349685390945524,-0.04225187459960579,-0.0649836464971304,-0.02162272891961038,-0.015415116539224987,-0.008088933036488015,-0.16851202487945555,-0.0010143209513626063,-0.004353807153238451
10,16,4,43,-4.260914604961872,True,False,True,-4.0,0.0018231317757572499,0.1275466156710859,0.0014999985322356223,-0.023683898793533446,-0.02974982168001589,0.0,-0.025169285200536254,-0.04546664280816913,-0.05103975970298051,-0.04529651840100996,-0.015469249384477735,-0.025321282264776528,-0.12495088845491412,-0.0009208567671885246,-0.00471636136790039
10,4,3,59,-3.917176038622856,True,False,True,-4.0,0.6223848301731052,0.10778277300066677,0.0,-0.006538777474779635,-0.28632063310418737,0.0,0.0,-0.03617729400750249,-0.07601607263088227,-0.04940327454824,-0.023976711495779453,-0.007779992211430611,-0.15396944582462316,-0.000989184750287677,-0.006172464826086071
10,8,4,38,-4.041437798142433,True,False,True,-4.0,0.010341911644049418,0.30354448298766923,0.0010999990068376064,-0.010898188571445644,-0.13924080421224064,0.0,-0.026049271598458292,-0.009956836351193488,-0.0351752571389079,-0.01033901656512171,-0.00794060886837542,-0.005431247116163148,-0.1088249193876982,-0.0009962714833091015,-0.0015718331096286424
10,20,3,64,-4.0589320044219495,True,False,True,-4.0,0.2666186051629485,0.3685856453777075,0.00019999995827674866,-0.018351123814936726,-0.2883542343368754,0.0,-0.03093489930033684,-0.032043251451104884,-0.07312729597091673,-0.05269186045974492,-0.01715823396574706,-0.008168247571611003,-0.16832490719854834,-0.0018219154543476176,-0.003360168585932115
10,11,3,45,-5.177681515216827,True,False,True,-4.0,0.17224522368051123,0.19720269243549746,0.0,-0.023504043337889018,-0.13451045630907174,-1.1716920226812364,0.0,-0.019598053288646042,-0.04812671672552824,-0.015058569051325325,-0.012126055196858948,-0.00313148616823788,-0.11622927263379101,-0.0006734198119374926,-0.002479589028516784
10,33,4,45,-3.7951082903146744,True,False,True,-4.0,0.2725741274049506,0.3840069055033384,0.0009999993443489074,-0.01867606482934207,-0.16891405873044277,0.0,-0.028840818097814917,-0.012561341985128819,-0.04355436276644468,-0.026061527030542497,-0.013187297070398929,-0.0040498498329543525,-0.133485361263156,-0.0009411142294993624,-0.002417468891799217
10,30,4,51,-4.170628123879433,True,False,True,-4.0,0.2379815364495243,0.19011485117093624,0.003599997740238905,-0.015821930577512827,-0.26557241576199886,0.0,-0.019724856168031695,-0.02634048226289451,-0.05028376147150993,-0.042962347180582575,-0.01425440654624253,-0.017281215726688972,-0.1460763585567475,-0.000878620181028964,-0.0031278470507822933
10,61,4,45,-3.6165682053565984,True,False,True,-4.0,0.6108968285098669,0.11287197102387668,0.0004999995976686477,-0.016277622433844955,-0.09532953029120109,0.0,0.0,-0.02274795529898256,-0.049757831580936926,-0.01085090670036152,-0.01231886958004907,-0.007803486722232637,-0.12031502619385719,-0.0019051009477698245,-0.0035308847259148016
10,31,4,41,-4.179331307113171,True,False,True,-4.0,0.15352506158553297,0.12438530645496725,0.002699997555464506,-0.015550050938036292,-0.19313298664469583,0.0,-0.0270976977609098,-0.03152257502079011,-0.03915013037621975,-0.02517651333473623,-0.00941807936877012,-0.005616235689487894,-0.10995766073465345,-0.0009161141215008685,-0.0024034511653007943
10,32,3,46,-4.207662780284881,True,False,True,-4.0,0.007825044535273945,0.16373204587889315,0.0039999961666762835,-0.024474031648132947,-0.08880784597364255,0.0,-0.013120533153414726,-0.04001718410290778,-0.052415262535214426,-0.019801689381711184,-0.011194291412830355,-0.004392160822407239,-0.12483166202902794,-0.0007377826214360536,-0.003427167997288053
10,44,4,56,-4.278759718537331,True,False,True,-4.0,0.14937383527230166,0.2686741183381878,0.000999999288469553,-0.023255002645310014,-0.30773035332065773,0.0,0.0,-0.03808965627104044,-0.08705439541488885,-0.06058646050281825,-0.021837725744117045,-0.004332741810135304,-0.1485199992358685,-0.0013513401683667328,-0.00505026649159845
10,59,4,74,-3.9989399451017382,True,False,True,-4.0,0.4554205282764361,0.5646234981818824,0.0018999982625246049,-0.03275447603547946,-0.49638251618962387,0.0,-0.02177484165877104,-0.02817853925283997,-0.10160820432007313,-0.08838285038247708,-0.02820408099330962,-0.006396466420042069,-0.20898640736937524,-0.0012650841503636919,-0.006950487102440093
10,2,4,44,-4.012032753229142,True,False,True,-4.0,0.010998884738279733,0.2951271763668205,0.0,-0.02145456968806684,-0.02830042088229675,0.0,-0.0002672809176146984,-0.03405961639247835,-0.04378648519515992,-0.03274447867530397,-0.011233002780936656,-0.017774848025907772,-0.12378445856273176,-0.0013003151057637296,-0.00345339535153471
10,37,4,40,-4.2743309520184996,True,False,True,-4.0,0.03381961638902159,0.021736015812795238,0.0010999990068376064,-0.023074854812584814,-0.04763410483090411,0.0,-0.021423711320385338,-0.04208915935712867,-0.03556329341605305,-0.022861386882141236,-0.010606124148471282,-0.009884490631593508,-0.11222794219851495,-0.001557178310613381,-0.004064372250286396
10,39,4,37,-4.842152221500874,True,False,True,-4.0,0.05726425851719796,0.3806905676833775,0.0,-0.016266393247060477,-0.1592990429488225,-0.9275861692428591,-0.010736624971032142,-0.006858781729824839,-0.034832040145993226,-0.00683320903684944,-0.006075900325085968,-0.004637182145145289,-0.10483752824366095,-0.00108058791665826,-0.0010638139303773644
10,40,4,54,-4.230535898208618,True,False,True,-4.0,0.0613400264551961,0.20677647793291137,0.001199999526143074,-0.014657282043481245,-0.14646668650697392,0.0,-0.048601486086845405,-0.02544401356950402,-0.059366703517735,-0.028353687365306544,-0.015548230224521828,-0.008047651091328588,-0.14702115952968597,-0.003223627256666077,-0.0031219246966065835
10,43,4,53,-3.7009965667128566,True,False,True,-4.0,0.3045082471054048,0.5321947002602337,0.0008999995701014997,-0.017099223587429154,-0.24274685176380448,0.0,-0.02015035964548588,-0.012326198772061614,-0.05111078191548586,-0.025664126053452495,-0.015200398301240058,-0.007231296823817956,-0.14233557522296908,-0.0023638046692940405,-0.002370866693963762
10,15,4,64,-4.331462459564209,True,False,True,-4.0,0.19806137405809507,0.11579870802071537,0.00039999961853027344,-0.012106887083500623,-0.2485798236049595,0.0,-0.01799703462980688,-0.025088864574208856,-0.07349566332995894,-0.043495467724278584,-0.017616538512520492,-0.015228250087918343,-0.18770141869783402,-0.0014070420138887134,-0.0030056909096310854
10,0,4,60,-3.863029817640782,True,False,True,-4.0,0.08591726266779003,0.5675387991775326,0.004599995650351047,-0.03275894394842907,-0.14080633231418688,0.0,-0.0032027089502662423,-0.04756327200680971,-0.06953023497015239,-0.02708319379016757,-0.02224771428853273,-0.008667951946554951,-0.16145740181207652,-0.0019323838214040734,-0.0058356800365436355
10,53,4,47,-4.346251023262739,True,False,True,-4.0,0.01187469881278265,0.06577593194485198,0.0010999991558492185,-0.024962845940608526,-0.14305220838461538,0.0,-0.010573818790726363,-0.03221002488397063,-0.04905294567346572,-0.017160882242023938,-0.01074096794705838,-0.0023851736197752875,-0.13084827482700348,-0.0008576078765327109,-0.0031572436110582198
10,5,4,51,-4.259324207603932,True,False,True,-4.0,0.04636129277059809,0.0693939732715857,0.002999999113380909,-0.029193005138076857,-0.0794697371845541,0.0,-0.008277448248118163,-0.03397068968974053,-0.0556907007470727,-0.015563220158219338,-0.0102912077633664,-0.0045617855428399775,-0.13575373724102976,-0.0023771558364387613,-0.0029307523480383685
10,10,2,41,-3.9145963793992995,True,False,True,-4.0,0.08995730564462064,0.4094896108409875,0.0007999995350837707,-0.015539710652083158,-0.1762318455646164,0.0,-0.016712656915187835,-0.02359473180957139,-0.037082165665924545,-0.01121318426914513,-0.008198490622453392,-0.009014655544983726,-0.11398143291473391,-0.0016935238456062512,-0.0015807869554555513
10,42,4,59,-4.286130911409855,True,False,True,-4.0,0.010035005726931563,0.4143185939800895,0.018699981924146413,-0.015271078268415296,-0.3649110280373862,0.0,-0.008515367954969407,-0.022421146044507623,-0.06449538372457028,-0.04452230476774276,-0.02238662684336305,-0.012399162084489036,-0.16703762322664262,-0.001205006400123239,-0.006019772238214501
11,1,4,47,-4.234659333825111,True,False,True,-4.0,0.22999212265945967,0.06971567698653132,0.0011999988555908203,-0.028479038559598845,-0.2234648954039585,0.0,0.0,-0.04206876042764633,-0.05523191936314106,-0.032878274684771884,-0.016138684549368912,-0.002777876376365639,-0.1285811834037304,-0.0012318977300310508,-0.0047148390056099745
11,25,4,40,-4.136400699466467,True,False,True,-4.0,0.04339024108731906,0.17813757337417296,0.00039999961853027344,-0.02348332829074934,-0.06820479477690243,0.0,-0.02038897320162505,-0.03946291377767921,-0.04269500624388458,-0.02634437737928237,-0.009206194055732341,-0.00986506863075192,-0.11014558896422381,-0.005038275276529019,-0.0034940462937811385
11,57,4,48,-3.96372159153223,True,False,True,-4.0,0.015872567252754356,0.4450651174492611,0.004799995347857476,-0.019844159422209486,-0.11988908456114586,0.0,-0.015020517269149424,-0.04033371122553945,-0.042696327269077315,-0.026647109860787173,-0.016156009053811426,-0.0031669222184837055,-0.1361892922222614,-0.004739443537109764,-0.0047765851119766015
11,28,4,60,-4.5629147744178775,True,False,True,-4.0,0.036278228555563584,0.13969754634242396,0.023699989169836046,-0.024002903447544674,-0.36884727613462015,0.0,-0.009865234568715095,-0.023335673967376343,-0.08297851175069809,-0.054459707341156925,-0.026405005925335002,-0.007532042655857367,-0.15712317660450936,-0.0017443493852624672,-0.006296347929455806
11,26,4,42,-4.271362731754779,True,False,True,-4.0,0.00882814805686406,0.11199247100918155,0.0028999973088502883,-0.017135402188578154,-0.06598462209745776,0.0,-0.025189301557838915,-0.03485972553957255,-0.055300237499177465,-0.03183816271834075,-0.014529619589447979,-0.00974280070513487,-0.1334141880273819,-0.0029312609495536907,-0.004158121338696219
11,14,4,44,-4.182535059452057,True,False,True,-4.0,0.2654846408474258,0.08565784111701903,0.0062999939173460015,-0.021319590194616468,-0.2807180058464724,0.0,0.0,-0.010861367979086937,-0.0471596752665937,-0.026923783600796013,-0.015858046450885014,-0.011832139734087834,-0.11959206737577914,-0.001986249274414149,-0.0037265923619270325
11,45,4,56,-4.445215978771449,True,False,True,-4.0,0.022527432293369582,0.15779191178419452,0.0,-0.011052277185954154,-0.27726744910920387,0.0,0.0,-0.016607513250783086,-0.0784917951002717,-0.05204921591794118,-0.028589914683252574,-0.008393030525193693,-0.14564210280776027,-0.0010732014375025756,-0.006368955763755365
11,12,4,47,-4.142696090042591,True,False,True,-4.0,0.3159263493840991,0.058018843728815536,0.006099994033575059,-0.012688122666440906,-0.24331469422148075,0.0,-0.013344999328255655,-0.0175386037863791,-0.04127604357898235,-0.027770309639163316,-0.011315244857687505,-0.018987247438708436,-0.1293973387777805,-0.0046367479182663355,-0.0024721528746886176
11,13,4,41,-4.285372465848923,True,False,True,-4.0,0.013480742246383215,0.13453293365317975,0.0009999990276992321,-0.010366729549132288,-0.18096195936232107,0.0,-0.020120329856872555,-0.013603937947191298,-0.03902654513716697,-0.013833860093727708,-0.009377952939830719,-0.014554081024903099,-0.12784535452723506,-0.0030421515859779904,-0.0016529808432096612
11,23,4,44,-5.044914046227932,True,False,True,-4.0,0.08459615156790051,0.2533635896797784,0.0,-0.020157516040490008,-0.10033689151970977,-1.0104463595151902,-0.02964729771018029,-0.03570097938645631,-0.04139749750494956,-0.01241706061642617,-0.010442472521681337,-0.0014490460859178714,-0.11679661706089974,-0.0007868341854191385,-0.0032951273740036416
11,6,4,58,-3.7671485807001597,True,False,True,-4.0,0.21137321731013795,0.5279297482195319,0.0002999996952712536,-0.01805947389919311,-0.193226031694212,0.0,-0.02010613050311804,-0.014078636965714396,-0.05313582845032215,-0.019170804114546632,-0.011200749047566202,-0.007341550075312854,-0.16751677371561535,-0.0009921768252388575,-0.0019232017907779661
11,17,4,45,-4.278410326391459,True,False,True,-4.0,0.07568115874284935,0.046335024907844566,0.007399993389844895,-0.018308545795734973,-0.11823349381578738,0.0,-0.010256062662228943,-0.03640429643914103,-0.03395860999822616,-0.03582927832845599,-0.012512019388377664,-0.0036801631020603053,-0.12982738241553307,-0.004532206113653954,-0.004284409308456816
11,46,4,44,-4.345887125581504,True,False,True,-4.0,0.010326112324056188,0.062160600561911174,0.0029999972879886628,-0.014436299880035223,-0.1769376991831814,0.0,-0.020614491701126104,-0.022990431571379304,-0.04161888036876918,-0.010337520954199137,-0.008271154577378185,-0.00863817958072957,-0.11472459085285662,-0.0008339910095673983,-0.001970514409913449
11,63,4,50,-4.37391008079052,True,False,True,-4.0,0.012662314318657367,0.031209703051761316,0.0050999952480196955,-0.025250557366525758,-0.09701739169424402,0.0,-0.020763709060775,-0.042057137284427885,-0.051298163756728174,-0.030234475815668696,-0.01517392329405993,-0.002931005391437794,-0.12902356579899787,-0.005048839970841071,-0.004083466548327125
11,19,4,48,-3.987487796247006,True,False,True,-4.0,0.011085198858590951,0.35182004934662225,0.008299992065876723,-0.01936245201621205,-0.09574677311553387,0.0,-0.00267786999233067,-0.0348930194042623,-0.04333145614713431,-0.01680050767958164,-0.011983995793852956,-0.0038864830696093123,-0.1253380192071199,-0.00104556264996063,-0.0036269550393626558
11,9,4,55,-3.5278032118082048,True,False,True,-4.0,0.47832531949097745,0.49573292587043627,0.0,-0.008175470747810323,-0.20621473787963626,0.0,0.0,-0.017717333622276784,-0.06292919099330901,-0.022232886520214375,-0.023684043092653147,-0.010074630748010805,-0.1451123122870922,-0.0007535503752296787,-0.004967213622294367
11,56,4,53,-3.9802982285618786,True,False,True,-4.0,0.2746830976539061,0.2816841832903015,0.0,-0.02728075541788712,-0.18605857453207134,0.0,-0.002567972205579281,-0.0539997058082372,-0.05781001200899479,-0.037616410863120106,-0.016658419989980758,-0.004010375606934672,-0.14275483407080175,-0.001967743316781707,-0.005940435626544059
11,38,4,44,-3.9207719618082044,True,False,True,-4.0,0.001197737524518061,0.399129889924931,0.0017999984323978425,-0.015924766906537113,-0.0956284666292777,0.0,0.0,-0.017809765702113508,-0.03390696451067925,-0.025228279563598348,-0.012339868277776988,-0.005178851793752984,-0.11288485869765282,-0.001564685869670939,-0.002433174016186967
11,58,4,47,-5.216852280497551,True,False,True,-4.0,0.1604110859982393,0.4849057629670688,0.0,-0.01811780988587998,-0.18422280820654122,-1.4129924666881557,-0.020377338966354727,-0.02490511470474303,-0.04641027361154557,-0.015817910805344584,-0.010051893829368051,-0.004604934431166184,-0.11944214835762977,-0.002963734533768729,-0.0022626908039092087
11,36,4,47,-4.341948790699244,True,False,True,-4.0,0.017502655009921,0.09081299717894498,0.0002999996952712536,-0.025957708643982186,-0.17612718237185618,0.0,0.0,-0.01536318829283118,-0.05640006724745035,-0.015776953562162816,-0.0164654136961326,-0.002473296039162279,-0.1377433620393276,-0.0007734518227516673,-0.003483939402503893
11,62,5,44,-3.9693851792812347,True,False,True,-4.0,0.30748449103644826,0.2477426070206102,0.000699999537318945,-0.018893160933512263,-0.23099421976217854,0.0,-0.0006440481543540954,-0.0416097052115947,-0.053619827702641495,-0.0343160535627976,-0.01784409817308188,-0.002701131326164417,-0.11897265404462816,-0.0009533059831301214,-0.0047641193178424145
11,47,4,47,-3.85786400616169,True,False,True,-4.0,0.3475261555751786,0.25385690336278416,0.00039999969303607943,-0.015304200097452847,-0.19494203124588239,0.0,-0.02376800156198442,-0.012017912650480866,-0.04480188883841038,-0.01751473115291446,-0.008959815518464895,-0.010743552212943541,-0.12899677030742168,-0.0009174138991511427,-0.0016807583725312726
11,49,4,44,-3.80850276440382,True,False,True,-4.0,0.41165244668023654,0.15133179444452632,0.006099995039403439,-0.021714672783855353,-0.1155515971785644,0.0,-0.011697303839027883,-0.032002645516768104,-0.04519471209496259,-0.015113109196536242,-0.012290919036604462,-0.0022883904696072927,-0.11671026632189753,-0.001416495134617435,-0.0036067774391267443
11,60,4,46,-3.9350829920172687,True,False,True,-4.0,0.04365345082245767,0.39802210405990124,0.0008999991044402123,-0.03316909509245306,-0.05291819556267001,0.0,-0.002334753535687924,-0.04382987818215043,-0.051378253623843184,-0.027354055503383278,-0.0137716548750177,-0.02148638462132908,-0.12626827344298364,-0.0009218460341799072,-0.004226112675387413
11,22,4,66,-4.165736934244633,True,False,True,-4.0,0.37702176302671436,0.05580430179899378,0.002499997615814209,-0.016616157544776793,-0.23800911639260444,0.0,-0.027275789827108387,-0.025725876318756495,-0.06341609779745341,-0.03320016444195063,-0.01624152795877308,-0.012320980046003387,-0.16463977165520197,-0.0011433528059569655,-0.002474074060155546
11,55,5,39,-3.959869213998318,True,False,True,-4.0,0.3019991975917946,0.1437820587808824,0.0002999996952712536,-0.016907104088459163,-0.19285187943416532,0.0,-0.014575407430529597,-0.006009687420446425,-0.034566506594419476,-0.013914915950736033,-0.008341813571751115,-0.012459307827645885,-0.1036443877220154,-0.0011754681396996607,-0.0015039640296890865
11,52,5,40,-5.342400414347648,True,False,True,-4.0,0.08685173850506546,0.26940167189314723,0.0,-0.012287053903564809,-0.03116055788748781,-1.3974270570278164,0.0,-0.023423525309190153,-0.045051490664482115,-0.03255388663150371,-0.014289716668426995,-0.016381276694883123,-0.117873922213912,-0.004785266827238956,-0.0034202140528941534
11,27,4,49,-5.54757183521986,True,False,True,-4.0,0.15286419835335324,0.40673470711794835,0.0,-0.014854665956227107,-0.16344630594161572,-1.6503184831142423,-0.021599679142236705,-0.03453079632483422,-0.050364310145378115,-0.01659276589984074,-0.012396481088362636,-0.007159436087933954,-0.13143451988697055,-0.0011460491531761362,-0.0033274514132062907
11,48,5,40,-4.204786065220833,True,False,True,-4.0,0.03731266707897932,0.16493982136400426,0.0009999990463256836,-0.01732177432742901,-0.1772455297666602,0.0,0.0,-0.018679099201690405,-0.03951220821589232,-0.027210885600652546,-0.015719985186879056,-0.004055251686804695,-0.10423723086714745,-0.0007318216463318096,-0.0033246203635644636
11,11,4,35,-3.924891860187054,True,False,True,-4.0,0.20869040032848718,0.228058015325216,0.0009999990463256836,-0.017624822475481777,-0.16217357174042266,0.0,-0.013663397915661336,-0.009979649567976593,-0.02995561435818672,-0.009972099214792248,-0.006480246903374794,-0.005290351238298854,-0.10555445283651352,-0.0007497868302743882,-0.001196292746462859
11,18,4,71,-3.5386163371801382,True,False,True,-4.0,0.9243836381752046,0.23566256843893543,0.0008999991416931152,-0.03344151550845708,-0.2589201065085944,0.0,-0.0004137280583381653,-0.02686992681585253,-0.06736039403825997,-0.07414702160283924,-0.02290030979085714,-0.005968603363839299,-0.2008561319857837,-0.003179899818642298,-0.005504547054588328
11,24,4,50,-4.1209053072333335,True,False,True,-4.0,0.008898637062408331,0.23735848675663274,0.007299992963671684,-0.016125780699076126,-0.0963236328324274,0.0,-0.0038418067991733557,-0.040817641764879224,-0.048910292461514474,-0.012334376772632822,-0.0121269463095814,-0.0027284025034998646,-0.13460081674158575,-0.003011917646945222,-0.0036410264135338364
11,29,5,42,-5.241988779306412,True,False,True,-4.0,0.07941879591540782,0.31170345531207905,0.0,-0.014078818229027094,-0.12854615369396927,-1.2602952861785888,0.0,-0.023104911996051667,-0.04555943347513677,-0.018826828093733636,-0.01358594922814518,-0.003235492607964261,-0.12196887381374838,-0.0007717894140660064,-0.0031375631364062434
11,35,4,48,-4.382461469471454,True,False,True,-4.0,0.009119402556862452,0.10003111069603136,0.005099995899945498,-0.020771915796212854,-0.2137355097348336,0.0,-0.016862190514802936,-0.017594729764387015,-0.04318891759961844,-0.014207375037949535,-0.011409463437739761,-0.01431550916648007,-0.1414621596038342,-0.001186191761516966,-0.001977917817130219
11,41,5,45,-3.9245130583643912,True,False,True,-4.0,0.18267327798297642,0.3586512094884221,0.004099996089935303,-0.017611531666480003,-0.20905980680276115,0.0,-0.014339642375707628,-0.024022044313605873,-0.04270770274102687,-0.015719259560573844,-0.008483072719536723,-0.013025590316410669,-0.12212597183883193,-0.000981159641960403,-0.0018618812682689165
11,50,5,42,-3.7655646634101867,True,False,True,-4.0,0.3522679674951359,0.27614771671168836,0.006199994273483753,-0.022409853771096094,-0.10699528736702629,0.0,-0.004421541541814804,-0.046533775236457596,-0.04802293796092273,-0.025731379254721107,-0.012646144602913412,-0.009123257164319512,-0.11826603367924687,-0.001426283868495375,-0.004603763013146819
12,8,5,37,-3.834991683959961,True,False,True,-4.0,0.20639539841096846,0.36320243065943947,0.0028999991714954375,-0.023362475987523796,-0.17276818320446183,0.0,0.0,-0.023772061970084902,-0.04369612306356431,-0.026556219868361944,-0.013835728126578035,-0.004912137894480111,-0.09455669298768044,-0.0006822113831731257,-0.003347531713079661
12,21,5,45,-5.3863907982409005,True,False,True,-4.0,0.10267486933151303,0.3637216125259873,0.0,-0.020561892720870677,-0.11922392968524947,-1.4551409012079242,-0.02043748551979661,-0.03317952920217067,-0.042065160870552065,-0.016067692786455156,-0.011466216731350867,-0.0027586739726262973,-0.1272488737851381,-0.000756206152436789,-0.0038809222087729726
12,7,5,45,-4.049871607422829,True,False,True,-4.0,0.056243979568389474,0.37153557723896496,0.0018999981693923473,-0.01967947740107775,-0.21909915281386927,0.0,-0.021452889144420624,-0.012345269126817585,-0.039565351642668264,-0.025037812618538734,-0.012364297779276967,-0.004630704712453735,-0.12214493632316586,-0.0011900663160486144,-0.0020407996446010655
12,44,5,36,-4.031297644078732,True,False,True,-4.0,0.0009963017381804204,0.23632570917847012,0.0005999995768070221,-0.02236919007264078,-0.03772415036110033,0.0,0.0,-0.03415183957666159,-0.03315506033599376,-0.017083739680238068,-0.010017847616691142,-0.017046914380043746,-0.09314559817314141,-0.0016591770149534568,-0.0028661418455885727
12,3,5,49,-3.5589139637351037,True,False,True,-4.0,0.46718607905786486,0.4253551431326196,0.00039999961853027344,-0.012211387330899015,-0.16767755114405955,0.0,-0.02877966843545437,-0.014788958951830864,-0.04949601288884879,-0.016724743284285064,-0.011734473146498203,-0.010610987073478101,-0.13658541709184654,-0.0008378756231104492,-0.002408216715848539
12,20,4,41,-4.20550248965621,True,False,True,-4.0,0.017828173855825753,0.15176931574848657,0.0011999988555908203,-0.011349878350738437,-0.12401100668307664,0.0,-0.028553365021944048,-0.00675276410765946,-0.04863823153078556,-0.015338225245941431,-0.009482181472703816,-0.003970506344012391,-0.12505771934986112,-0.0013592967926524576,-0.0017865807807538661
12,30,5,42,-3.5461185756325717,True,False,True,-4.0,0.4108996024914085,0.4320715237708651,0.006199994049966335,-0.014939395706169312,-0.1530949901608983,0.0,-0.023913246984593576,-0.011001935326494277,-0.036027907617390165,-0.013249254310503606,-0.01048413856420666,-0.007178593139178702,-0.12193061694502833,-0.0015114848144003193,-0.001957940079300898
12,54,4,57,-3.8494646728038786,True,False,True,-4.0,0.3457239151047541,0.2965866048935981,0.006599993631243707,-0.013325970387086272,-0.16334828214807207,0.0,-0.026480249911546707,-0.037785309040918945,-0.06165336880832909,-0.01942238860763609,-0.012289569137501536,-0.005141780599957429,-0.15421330824494364,-0.0017987209279090167,-0.0029162747142254383
12,4,4,46,-5.5436131459474565,True,False,True,-4.0,0.13667044701358802,0.45125653956441963,0.0,-0.02151748682255857,-0.13059798826943736,-1.6896417909860613,-0.028957526106387372,-0.030681194141507145,-0.04390421461313963,-0.031172463684342802,-0.011106542712077496,-0.006211823323174031,-0.13334876231849194,-0.0015339523255534005,-0.002866517219372326
12,16,5,49,-3.713923770785332,True,False,True,-4.0,0.31577900841832157,0.398696678155794,0.0023999976366758345,-0.02840840420627501,-0.06386344260106852,0.0,-0.007529542036354543,-0.0512892731744796,-0.052688706256449225,-0.033048868626356136,-0.01846840863116086,-0.021875611492257575,-0.14558270141482355,-0.0015951620723353701,-0.006449265496339649
12,31,5,45,-4.114377507865429,True,False,True,-4.0,0.01422995518954849,0.2241049634493885,0.006499993652105332,-0.021249219928868114,-0.09619218780600933,0.0,-0.005305744102224707,-0.03261719440110027,-0.04409732773900033,-0.016977864722721277,-0.016530449260026215,-0.004077258035649436,-0.11375493600964547,-0.0033365498909552114,-0.005073548319342081
12,61,5,46,-4.000435134470463,True,False,True,-4.0,0.27576542804017673,0.17782016998608832,0.0005999993905425071,-0.015104753873310981,-0.2074174854918965,0.0,-0.023480661623179914,-0.008602411625906825,-0.04195302434265613,-0.017299321100581435,-0.010590622960589827,-0.009665578981183672,-0.11791874594986439,-0.001040575010338216,-0.00154764547405648
12,34,4,81,-3.8596977454423906,True,False,True,-4.0,0.5055503880096649,0.276371362744152,0.0028999972529709338,-0.02079339371062816,-0.17573660420846862,0.0,0.0,-0.03965262458194048,-0.09618750620633368,-0.04994439258705824,-0.02817551277112217,-0.006189168832647169,-0.2190740679204464,-0.0027115666105237326,-0.006054576813476159
12,42,5,38,-4.300202503055334,True,False,True,-4.0,0.02886158466015785,0.011650509933904344,0.0037999964505434037,-0.015137797663919627,-0.12912247874133756,0.0,-0.021287719160318377,-0.01722190239466727,-0.0307254646345973,-0.010197770544327796,-0.009760999958962204,-0.0019407813183113373,-0.10508916631340978,-0.0018517420839634722,-0.0021786394587252297
12,59,5,45,-3.757913172245025,True,False,True,-4.0,0.5385336867836301,0.08934412693162393,0.003599996492266655,-0.01674317219061777,-0.06873561900909408,0.0,-0.027238467703573407,-0.0408955400902778,-0.04780788250267507,-0.02733986004954204,-0.01513188862707466,-0.010310582763195271,-0.12831620313227177,-0.002203763701982097,-0.004668118448462338
12,37,5,45,-5.158804072141647,True,False,True,-4.0,0.26100056680152206,0.514432091396302,0.0,-0.022095031701028348,-0.23362755624766576,-1.4315790832042696,0.0,-0.011058472031727433,-0.05820958010852336,-0.03371747982222587,-0.017996785831637684,-0.0071999619137233135,-0.11396998882293703,-0.0006637786851206331,-0.004118992476142011
12,33,5,53,-3.975948398262263,True,False,True,-4.0,0.034238561638743996,0.4615906248031525,0.00260000117123127,-0.01577789488714188,-0.16065071945973614,0.0,-0.023144993409514432,-0.028757200427353385,-0.0521730138361454,-0.020249693766236306,-0.014580405687447631,-0.0021884723953676144,-0.15027547597885133,-0.002992446103307885,-0.003586974969948642
12,2,5,49,-4.143668588548899,True,False,True,-4.0,0.16090615902096028,0.11718029890506836,0.006399994306266308,-0.024977984150755216,-0.08704295742061734,0.0,-0.004088313831016421,-0.04399931665509938,-0.0663076439872384,-0.01895587801933289,-0.01427328944671899,-0.013546372725975574,-0.14925857841968534,-0.0009617073275148869,-0.004743283665156923
12,39,5,48,-3.857228772491217,True,False,True,-4.0,0.32955014605075117,0.30694999758492053,0.002999997027218342,-0.01372348559089005,-0.1947169498105359,0.0,-0.0205000776797533,-0.028016878971830014,-0.04779553402215241,-0.02009915249422192,-0.012647409206256274,-0.009603930970010027,-0.14623886555433274,-0.0013785642059519888,-0.0020082126744091506
12,1,5,43,-4.179460429251194,True,False,True,-4.0,0.05600957769010533,0.12137195866872269,0.00039999961853027344,-0.01377883548149839,-0.11721407181641555,0.0,-0.02604729138314724,-0.01569948548451066,-0.045052401572465914,-0.011879597362130878,-0.008722005948657166,-0.0037611556367019537,-0.11229441821575163,-0.0009942646243143829,-0.0017984083943883887
12,14,5,39,-3.944374839663506,True,False,True,-4.0,0.03334095418675133,0.40771392390903194,0.00019999995827674866,-0.012213983421679585,-0.138208647549036,0.0,-0.030673510730266567,-0.007635098812170327,-0.04170465029776095,-0.01537702436093241,-0.00748990437015891,-0.004453453461755999,-0.12462614335119722,-0.0016237308348354415,-0.0016236781240149864
12,26,5,40,-5.271339004039765,True,False,True,-4.0,0.06629186526061745,0.29140422052499393,0.0,-0.017593816611915825,-0.13543990373829728,-1.2576054346561432,-0.027650178521871564,-0.016076454278081652,-0.03998951844871044,-0.013013495439663531,-0.009651400214061141,-0.00409926199495203,-0.10270760580897331,-0.0036013285510125568,-0.001606674058712087
12,51,5,58,-4.142871883958579,True,False,True,-4.0,0.29698978321277536,0.11094487392311804,0.0007999997958540916,-0.013937473181867971,-0.2510448073397856,0.0,-0.013507224172353742,-0.0204968526167795,-0.05503321059048177,-0.024131003012880688,-0.010788680645637217,-0.014369762724756614,-0.1446001563221217,-0.0017980072220234436,-0.0018991558336711027
12,53,5,47,-5.3272884359955786,True,False,True,-4.0,0.1792466194592089,0.39691156220140333,0.0,-0.021404775867704305,-0.0926674893847667,-1.5271226656436923,-0.009575053005246446,-0.036247042752802376,-0.04607107527554035,-0.020857174082193522,-0.014097635298967362,-0.009200617388288493,-0.12036932855844498,-0.001681303695950191,-0.004152673300122842
12,0,5,49,-3.996088903844357,True,False,True,-4.0,0.2534319975027757,0.27001746335725707,0.0115999885648489,-0.01818481728318147,-0.23227873046344025,0.0,-0.002696203552186489,-0.02604737588670104,-0.05908863127231598,-0.02577333006542176,-0.01941635503899306,-0.004178782896395889,-0.1367498208582401,-0.0010471190542739347,-0.00567709378534346
12,23,5,39,-4.327841548919678,True,False,True,-4.0,0.000326352171645965,0.09582180599740532,9.999997913837433e-05,-0.017164141549728812,-0.16738476376514883,0.0,0.0,-0.03570368502056225,-0.04417075913399458,-0.027232217206619683,-0.012553644678555433,-0.0032423763550559668,-0.1110766124725342,-0.001793795062112622,-0.0037678387173218637
12,28,5,44,-4.0389309063553815,True,False,True,-4.0,0.0016751746074205357,0.4788257183565292,0.0022999979741871357,-0.015626640575937926,-0.2551763066349668,0.0,0.0,-0.019572305474430323,-0.052061779461801044,-0.023514091940596706,-0.017512005856260657,-0.010295446911604812,-0.12256435528397562,-0.0009570521384011952,-0.004451771976309827
12,43,5,51,-4.177906778156757,True,False,True,-4.0,0.020032910456808238,0.233464510623537,0.0005999995023012161,-0.022933650994673364,-0.11392494071376859,0.0,-0.0168363131582737,-0.0366652097646147,-0.049740397818386566,-0.01885738112963736,-0.01039108905242756,-0.002149273436722298,-0.15619717389345172,-0.0009814709090278483,-0.003327492189200712
13,12,5,41,-5.255911914110183,True,False,True,-4.0,0.09189514290127367,0.2880088043327851,0.0,-0.02019383157370612,-0.1935967874911148,-1.2031536710262303,-0.01778534844517708,-0.016333771124482154,-0.03854761712253093,-0.011792501555755735,-0.007794299251399936,-0.009367132561639267,-0.11308240219950678,-0.0024898392916657035,-0.0016785683669149874
13,15,5,55,-3.9622397604584694,True,False,True,-4.0,0.03332730656585604,0.5404170442646136,0.0014999987743794917,-0.010937554575502873,-0.2380517510997015,0.0,-0.01455801833420992,-0.009498681416735051,-0.05441408023238182,-0.024827231159433718,-0.011587954999413345,-0.014418502192661439,-0.15619751840829849,-0.001049515415506903,-0.0019434600078966475
13,6,5,43,-4.089435431212187,True,False,True,-4.0,8.267695402232877e-05,0.34207592143864535,0.0007999993115663528,-0.024522119135363032,-0.18515235283433867,0.0,0.0,-0.013309936812147496,-0.04727998346090317,-0.01857179440557957,-0.0150470025325194,-0.002207094923407378,-0.12305196031928062,-0.0007606619870057329,-0.002491119075566531
13,9,5,39,-4.254925899207593,True,False,True,-4.0,0.04007257142522746,0.029136747358377332,0.0004999995976686477,-0.023050946816802028,-0.019058112910133786,0.0,-0.014954843297600747,-0.03624073515646159,-0.03961302153766156,-0.03421091761440039,-0.01266018146649003,-0.02776118816109374,-0.11238516077399252,-0.0012530396904912777,-0.003447105537925381
13,13,5,46,-4.238518520742654,True,False,True,-4.0,0.0013812368267245383,0.15439119281563984,0.0011999991536140442,-0.020587472964543847,-0.11093338667415084,0.0,0.0,-0.03755961217917502,-0.04455688506364822,-0.024188656769692906,-0.013585773715749382,-0.0037112863737274893,-0.1356027837097645,-0.0009039772400865329,-0.0038610586484719546
13,45,5,48,-4.3618495950102805,True,False,True,-4.0,0.0176875581891727,0.1932280903891527,0.0005999998934566976,-0.010728944982402027,-0.2823323287164385,0.0,0.0,-0.010074311373755335,-0.06271404035389423,-0.04624829467851668,-0.02123419420793652,-0.008569738993245153,-0.12522716626524927,-0.0009657045549829494,-0.005270628125872463
13,5,5,56,-3.8711727070808415,True,False,True,-4.0,0.2499836966531985,0.3408216718549171,0.0010999991558492185,-0.02832499608630314,-0.13235053809097735,0.0,-0.016781505700200795,-0.03423782812431456,-0.05618721712380648,-0.01714896344579756,-0.010961916777305307,-0.0015295845288699175,-0.15782303035259249,-0.004983943877450658,-0.002748680084187072
13,40,5,60,-5.2940913754701615,True,False,True,-4.0,0.5198730799781333,0.6282790467916844,0.0,-0.025144364463631063,-0.1259840789542068,-1.9732592123746873,-0.015492569115012884,-0.02222621287684888,-0.06574098177254199,-0.021980441769119348,-0.02080787952058018,-0.005284157482635124,-0.15911739528179167,-0.0022326573868485865,-0.004973751305078623
13,57,5,55,-3.8055342787504194,True,False,True,-4.0,0.48340419093985476,0.12252404494540725,9.999997913837433e-05,-0.018400968688074497,-0.02940037488173402,0.0,-0.00178927481174469,-0.050164487641304725,-0.06323990896344185,-0.050302047226578,-0.017445460164453825,-0.026805723047691576,-0.14731717690825466,-0.0011273396106480501,-0.005570174932945521
13,60,5,39,-3.9523308622837066,True,False,True,-4.0,0.3584269982622937,0.10370369067131534,0.00039999961853027344,-0.011947551915654915,-0.1853956907099928,0.0,-0.02268054220825434,-0.013446061594877393,-0.038033307567238814,-0.018417866723611946,-0.008419397329562343,-0.006740300837550421,-0.10691587194800378,-0.00143648570519872,-0.0014283578311733436
13,19,5,46,-4.268442711532116,True,False,True,-4.0,4.013662344732403e-05,0.14061627435504623,0.0055999945849180225,-0.013556465944857337,-0.17751030940737111,0.0,0.0,-0.016497743055224418,-0.04454890683293343,-0.014081181925721468,-0.015057789171114564,-0.0033536062678192024,-0.1253256566822529,-0.0014366385924222413,-0.0033309238520450885
13,46,5,47,-4.156437807679176,True,False,True,-4.0,0.014951385465751624,0.2338997945392808,0.0018999983929097655,-0.01427815620554611,-0.16191136295703473,0.0,0.0,-0.017030200352892277,-0.04726133242249488,-0.019159973603673285,-0.014528204863891005,-0.002222127235538097,-0.12696432158350945,-0.0009565325127914547,-0.0028768361284164713
13,49,5,40,-4.300812596678734,True,False,True,-4.0,0.00010001658022200216,0.1503558748604985,0.002099997978657484,-0.018014372378820552,-0.22080716746597318,0.0,0.0,-0.024046011730097235,-0.043752004802227025,-0.014037852650508283,-0.015692071676021442,-0.008132746070987197,-0.10504580810666085,-0.0005358584103305474,-0.0033048609539400786
13,10,3,61,-3.878420444428921,True,False,True,-4.0,0.3190722487121819,0.3569335787739688,0.001799999177455902,-0.01584835124202072,-0.2271908997422724,0.0,-0.015452021211385726,-0.023787129186093804,-0.05270813900977372,-0.022315280991606422,-0.012981665381230413,-0.012409454148651097,-0.1698320150375366,-0.0014169975031109066,-0.0022842718369793145
13,56,5,47,-4.440827976763249,True,False,True,-4.0,0.0011262072837808473,0.14339994762965924,0.0008999991044402123,-0.018318051163805655,-0.2938709000649396,0.0,0.0,-0.02341537132160738,-0.06290302567183974,-0.030189020955003802,-0.01712666675215587,-0.011767628205351174,-0.12349274769425392,-0.0013055535609601064,-0.0038649416429689153
13,25,5,61,-4.304776987582445,True,False,True,-4.0,0.03372110474189354,0.3602919922524316,0.005199995264410973,-0.022786062489030885,-0.31979071097564876,0.0,-0.001665367176756263,-0.02700065726414323,-0.07211809229105712,-0.04137492515146733,-0.026844585656654103,-0.011889492567047456,-0.17220477432012565,-0.001028846936460468,-0.00728657064624713
13,18,5,40,-4.095018493831158,True,False,True,-4.0,0.029459523065260094,0.19625515392212048,0.0007999992370605469,-0.017747564809396862,-0.06177246113466026,0.0,-0.021125427298247814,-0.021282098796218632,-0.042461913973093034,-0.016112224296666682,-0.011097565706586468,-0.004462824790971354,-0.12011490866541866,-0.0027576976559066674,-0.00259852722811047
13,63,5,53,-5.200008704066277,True,False,True,-4.0,0.3527945927946052,0.49147993739719364,0.0,-0.01277187812142074,-0.25284619552956433,-1.4845360112190247,-0.026725673563778404,-0.019173994762822992,-0.04395974434912206,-0.024557197600370274,-0.01067578900139779,-0.01646557688574944,-0.14967691987752912,-0.0009532683412544427,-0.0019408323807874695
13,38,5,49,-4.0223226812481885,True,False,True,-4.0,0.11465846344964271,0.25291721389154204,0.006299994438886643,-0.01772108076140285,-0.07792999744001008,0.0,-0.017247704416513444,-0.03975115706212818,-0.05198090020567178,-0.01774507065769285,-0.014831583313643938,-0.002943592317587901,-0.14935611441731453,-0.0027369562543753997,-0.0039543692747247405
13,22,5,47,-5.4125667712092405,True,False,True,-4.0,0.14959555707639086,0.4371815968243573,0.0,-0.031008612049045044,-0.20125004906272803,-1.4939837813377381,0.0,-0.03732529252301902,-0.060110516957938676,-0.017237991993315518,-0.015275722872465853,-0.002403957870601516,-0.13596258506178857,-0.001088889390157419,-0.003696487009292468
13,47,5,49,-4.181740318536758,True,False,True,-4.0,0.21859206728790015,0.15290368380328137,0.0011999988555908203,-0.02474649890093133,-0.2568666382486117,0.0,-0.014431307129561904,-0.021290471125394107,-0.04825652234256268,-0.02640641740988941,-0.011220783840399238,-0.011354119518618973,-0.13675088927149776,-0.0010031460924074054,-0.0021093723271042105
13,17,5,57,-5.220505795776845,True,False,True,-4.0,0.35931491484363526,0.5627170482982907,0.0,-0.013211214058683253,-0.2519021795791923,-1.5771113353967667,0.0,-0.014283789815381169,-0.06692209552973508,-0.025444199512712654,-0.02342083141673357,-0.00890787364648432,-0.1561771965026856,-0.0009181120472931069,-0.004238607903826051
13,21,6,42,-4.181216575056315,True,False,True,-4.0,0.03475935634695133,0.21857179266249552,0.0038999964110553263,-0.0169645575247705,-0.1641107098538487,0.0,-0.019242055416107177,-0.027792875976301725,-0.045581309795379645,-0.02491132434923202,-0.009984869789332154,-0.003821751261093595,-0.12291604205965997,-0.0008244266686961056,-0.0022974904686270743
13,27,5,46,-3.6964577540755275,True,False,True,-4.0,0.2923160714571714,0.35482413595076656,0.008199992012232543,-0.024148556680884215,-0.055409777691420456,0.0,-0.005011629289947451,-0.04711905087344348,-0.037474322840571415,-0.020962392780929803,-0.01290263945236802,-0.014557791300925955,-0.12875448264181616,-0.0012652083979628513,-0.004192075214523356
13,11,5,45,-4.041998144090176,True,False,True,-4.0,0.19011306915439488,0.10995382256400076,0.003199996873736382,-0.02346985675743781,-0.09178399363707285,0.0,0.0,-0.028122687935829154,-0.04182184655219318,-0.020795980112161484,-0.00867544600740075,-0.006158347995227729,-0.12051174372434616,-0.001327680699178018,-0.0025974259212671307
13,50,6,45,-3.6825966116786,True,False,True,-4.0,0.482007295852527,0.23240693847152488,0.0014999985508620738,-0.018568920250982047,-0.1266943853499106,0.0,-0.020064169615507124,-0.02492483521811664,-0.039739762581884865,-0.01906922025606037,-0.01071237601805478,-0.0029813311553880347,-0.13224306017160414,-0.0009423009349848149,-0.002570639327750541
13,55,6,50,-3.9519866690039636,True,False,True,-4.0,0.0668339535714745,0.3630938180557952,0.006599993631243707,-0.018716807446908203,-0.10032712899384934,0.0,0.0,-0.02555590864270926,-0.05090252537280321,-0.0157905811490491,-0.015272339424118398,-0.005157373336610793,-0.1524542863667011,-0.0008277255551365671,-0.003509855887969024
13,3,6,42,-3.8662847152352335,True,False,True,-4.0,0.15243371005508383,0.3587157087316347,0.006399993970990182,-0.01970158773881849,-0.13194539122108837,0.0,-0.02660486564040184,-0.0195002106577158,-0.03924076076596975,-0.01416523594642058,-0.01368237092159688,-0.0021194862261108937,-0.11255739107728002,-0.001389998452650616,-0.002926867564674467
13,7,6,44,-3.9386175212264063,True,False,True,-4.0,0.17939174680039288,0.21799490479670566,0.0015999994426965714,-0.026177654127241115,-0.0827468440195662,0.0,0.0,-0.03100347965024412,-0.041623056940734385,-0.01772760205669329,-0.013270350580569358,-0.009118378916661526,-0.11149306699633597,-0.001303640259284294,-0.003140003855805844
13,29,6,47,-3.9446560436487195,True,False,True,-4.0,0.03318016123628922,0.4044261420671683,0.0015999984741210938,-0.017258980600163343,-0.11727464270348718,0.0,-0.02414181064814329,-0.01782464818563312,-0.048721393421292315,-0.016365856807678936,-0.014292038613930342,-0.0027059445929108962,-0.12127426020801067,-0.0013903178609325551,-0.0026124642079230396
14,32,4,81,-3.173785474002361,True,False,True,-4.0,1.076300760141339,0.39043607667574987,0.002799998223781586,-0.030767786137294025,-0.1175501616287511,0.0,-0.01829064768622629,-0.07712598277255894,-0.09460346501320606,-0.040055260979570455,-0.024196460443781688,-0.006383351816220747,-0.22653012365102765,-0.0011955530341219854,-0.0066235256465734
14,35,5,49,-3.9669935169816015,True,False,True,-4.0,0.02115666432039702,0.40790001619228283,0.013799987193197012,-0.0230200586374849,-0.08977612581547875,0.0,-0.0048236438259482385,-0.038628977145999666,-0.050297661423683145,-0.04046676964033395,-0.013001369489356873,-0.008212215475991798,-0.13396967090666295,-0.0038933964732859746,-0.003760514323366806
14,36,5,56,-3.804140471220017,True,False,True,-4.0,0.5778351707442198,0.03316352260632394,0.002499997615814209,-0.024428061663638794,-0.07092737853236031,0.0,0.0,-0.03978327746503055,-0.055415295027196394,-0.03602175890933723,-0.01619314676267095,-0.009485434819980583,-0.159075658172369,-0.0017032990699226503,-0.004605655702180231
14,16,6,38,-4.014945487678051,True,False,True,-4.0,0.022758464436448383,0.3321429491065874,0.0,-0.011311166377272457,-0.13012537283779238,0.0,-0.03682328753173351,-0.008434436609968543,-0.04096759736537933,-0.02021500734146684,-0.008365057194605468,-0.004314737176355266,-0.10642669647932053,-0.000997353915881831,-0.0018662818041775611
14,42,6,36,-5.254100886583329,True,False,True,-4.0,0.03668358691127424,0.2577181678881277,0.0,-0.0187999382824637,-0.06302374811348271,-1.250872969031334,0.0,-0.030234686359763143,-0.031575073190033436,-0.032103334260173144,-0.011577821183018387,-0.009925676416605713,-0.09719756469130517,-0.0005866739392513409,-0.0026050472329370673
14,20,5,46,-4.105189463496208,True,False,True,-4.0,0.3344075740221888,0.0977574763501337,0.0006999994814395904,-0.009710344555205667,-0.2559339497141628,0.0,0.0,-0.012750629854854197,-0.06182614661753179,-0.03525930108036845,-0.019875460320618002,-0.011717830831412358,-0.12532890640199185,-0.000886722581926733,-0.004765239016123814
14,31,6,38,-4.21805867806077,True,False,True,-4.0,0.010387797330286615,0.11153112302297732,0.004599995650351047,-0.018918172286357733,-0.0906520266205189,0.0,-0.011907291859388353,-0.03700064343400299,-0.035065413378179075,-0.025486050334293395,-0.010898902041371913,-0.0066028263726548185,-0.10260444343090057,-0.002067974497622344,-0.0033739690884249276
14,41,6,51,-3.608775695562363,True,False,True,-4.0,0.6278791299462319,0.21868037973856339,0.0019999992102384566,-0.01680133621557616,-0.19097477707991858,0.0,0.0,-0.015233626528643074,-0.057442883886396894,-0.012094008079729967,-0.017592042610049253,-0.0021872962919371733,-0.13833683744072917,-0.003192267863487361,-0.0034801013633841645
14,52,6,54,-3.768024662137031,True,False,True,-4.0,0.38878827851402553,0.27591674803980754,9.999997913837433e-05,-0.017587731468956917,-0.05558369104262966,0.0,-0.026603107005357746,-0.056288582985289395,-0.053770789764821525,-0.03467597473645583,-0.01643551238812506,-0.017559361020876168,-0.14742274865508082,-0.0019572484703530794,-0.004944966220646167
14,54,5,44,-5.524234821200372,True,False,True,-4.0,0.10526557315213664,0.2666254529135971,0.0,-0.021250191393774005,-0.08977260369596479,-1.5164609491825105,-0.0036299099563620986,-0.03496257607359438,-0.040107658393681044,-0.029209048915654425,-0.012449800197500733,-0.004630988980497931,-0.1359576114267111,-0.0038390628754859783,-0.003855155517230742
14,4,5,44,-4.033331489861012,True,False,True,-4.0,0.24966087061344303,0.12376838218370499,0.0014999987185001374,-0.013931329117622227,-0.11074581734894312,0.0,-0.049215254075825214,-0.011436844188719987,-0.04709026135504245,-0.024702703079674395,-0.011311368923634291,-0.006202601779714313,-0.13017728455364705,-0.0012058174633421007,-0.0022413959562254606
14,59,6,41,-3.6766575005650517,True,False,True,-4.0,0.25307901150663387,0.4024874858304974,0.0023999976366758345,-0.024336120039224623,-0.0429457110905787,0.0,-0.01753432150697335,-0.04074441740289331,-0.038465799391269706,-0.02321479634614661,-0.013628530455753204,-0.013649597469118362,-0.1134034842252731,-0.002524550508242101,-0.004176889755181037
14,34,5,42,-4.11183433264494,True,False,True,-4.0,0.20039083883839343,0.0943127212819419,0.005299994871020316,-0.019003196703270085,-0.1543475718787522,0.0,-0.02564158356748521,-0.029989452292211356,-0.04258543346077204,-0.012716155503876503,-0.008879419213626533,-0.004602916738367639,-0.11032387331128118,-0.0014062804888817487,-0.002341794480453245
14,48,6,59,-3.4882622134685515,True,False,True,-4.0,0.6534588345536033,0.46651582161030086,0.002099997978657484,-0.023637806547340004,-0.24723117872708827,0.0,0.0,-0.02940998902078718,-0.07207279134541748,-0.03635313109494745,-0.0222855483321473,-0.006408721730981882,-0.16630858674645427,-0.0011256320268148556,-0.00550331565347733
14,8,6,57,-3.912250928878784,True,False,True,-4.0,0.4383338232105599,0.31751325612952636,0.005099995099008083,-0.014587848449591548,-0.3351606435262511,0.0,0.0,-0.01591121887322515,-0.07133121386170388,-0.030861028693616392,-0.024844122892245656,-0.014459814255314715,-0.1596677678823471,-0.0010076309510623107,-0.005366575894877315
14,24,5,59,-4.9658764874935155,True,False,True,-4.0,0.3936496756458653,0.5849947900983489,0.0,-0.013857055811677127,-0.20904285308828546,-1.4412121266126632,0.0,-0.010377203270327299,-0.06585023693740368,-0.010087254967074844,-0.01903165431693196,-0.003609926467597404,-0.16764306083321573,-0.0007466102876060178,-0.00306306539045181
14,44,6,55,-4.0264303663373,True,False,True,-4.0,0.17093060035021151,0.29167703337834716,0.00929999079555273,-0.023301023459061983,-0.1670568332434232,0.0,-0.021104633825598285,-0.023167887562885882,-0.05557880267500877,-0.022532375422306357,-0.0180070379935205,-0.003044230075969381,-0.15899765104055408,-0.001368634532555006,-0.004179009543149733
14,30,6,51,-4.278146297633648,True,False,True,-4.0,0.042504646725309125,0.09239805860608569,0.003399998676031828,-0.01786567660747096,-0.08949576998129487,0.0,-0.03183636885136366,-0.03527926614508033,-0.05593435507267714,-0.029359852550551294,-0.01545467272400856,-0.00407561280920163,-0.1297090193629265,-0.0035906862694537276,-0.0038476109280600208
14,37,6,45,-4.313671862781048,True,False,True,-4.0,0.10815695811615116,0.03794589180386678,0.002099997866898775,-0.015474794805049893,-0.18869283007505144,0.0,-0.029467678889632226,-0.016203219546005128,-0.04564482532441615,-0.028339727637358012,-0.01238595789298415,-0.006482315694063346,-0.11528353340923789,-0.001523224207339809,-0.0023766162902757056
14,51,6,42,-5.169029151201249,True,False,True,-4.0,0.10389270499894336,0.33297153337819496,0.0,-0.011558897783397696,-0.15107546992840074,-1.2266336047649382,-0.016642895936965944,-0.018375127380713823,-0.03989433120936156,-0.012085921140387658,-0.007484919609851205,-0.004064142486031415,-0.11462560892105103,-0.0016057633340824397,-0.0018467863983823909
14,26,6,43,-3.9484841004014015,True,False,True,-4.0,0.2131218511713905,0.20143314300378337,0.0022999980673193933,-0.020564959051553155,-0.10295535679812017,0.0,0.0,-0.0316164012439549,-0.05136066675186157,-0.015884111616760493,-0.014834902272559703,-0.0035104454501936294,-0.11812709867954255,-0.0021695291108335367,-0.004315303715411574
14,43,6,42,-4.177275680303573,True,False,True,-4.0,0.00430375759373419,0.13120204751486414,0.0077999928966164585,-0.02593839557142929,-0.04347968234738801,0.0,-0.005684909359551967,-0.04458001679275185,-0.04176962405443191,-0.02278840263839811,-0.01100757517386228,-0.01506489431252703,-0.10520638249814508,-0.0013530345926119484,-0.0037087497860193255
14,12,6,42,-3.920287505686283,True,False,True,-4.0,0.21358736959035005,0.20083747831033666,0.00039999961853027344,-0.014018898541107773,-0.10222488400948351,0.0,-0.027147689517587423,-0.009312990074977278,-0.03951955825090407,-0.01181145851034671,-0.00828083534259349,-0.0023846923468704515,-0.11788897700607778,-0.0010891902397270315,-0.0014333328770590019
14,2,6,50,-4.323314987272024,True,False,True,-4.0,0.0468662482986295,0.17380733757436723,0.006399993672966958,-0.019819553697016094,-0.25065690313407685,0.0,-0.014507899275049568,-0.01408419019775465,-0.05401857897639275,-0.025080748291220513,-0.012358841425739226,-0.012758867570062832,-0.1420412030816078,-0.0027432499168207882,-0.0023185197002021604
14,28,6,46,-5.171611754596234,True,False,True,-4.0,0.18263837390125218,0.4785482753865654,0.0,-0.014129181460011752,-0.22565159740159285,-1.3451365011930467,-0.02342622362077236,-0.018571208780631416,-0.04094253506511452,-0.018782560848630968,-0.009001359066460282,-0.011780650234609313,-0.1219895365834236,-0.0013335138905677015,-0.002053366501058918
14,33,6,51,-3.488913364708424,True,False,True,-4.0,0.491761881231141,0.5633657190594799,0.00039999991655349733,-0.011799531128490347,-0.2202768005630059,0.0,-0.03214962445199489,-0.025266938568092877,-0.05230175189673899,-0.0392713074013591,-0.011794688077643518,-0.006112117968332314,-0.14055384680628774,-0.0022556461152271365,-0.0026588233927031983
14,5,6,38,-3.8611680379509927,True,False,True,-4.0,0.13117975487723016,0.37040634080505686,0.0005999995768070221,-0.015336005489807576,-0.1543631124254898,0.0,-0.014807425513863562,-0.016833152640610936,-0.034073885269463054,-0.006830906949471683,-0.005977500551380217,-0.003357230555949007,-0.10901103049516679,-0.001669141196034616,-0.0010949621685722379
14,6,6,40,-3.635403910279274,True,False,True,-4.0,0.39982219810131936,0.3590810921050992,0.0027999972924590113,-0.012810475949663669,-0.18286735576344654,0.0,-0.014981212392449381,-0.007293295483104885,-0.03651937514543534,-0.009848849540576335,-0.006007583977188913,-0.008170016626477263,-0.11679136082530024,-0.0007215683424146846,-0.0010963954814360482
14,23,6,47,-4.025965956449508,True,False,True,-4.0,0.2785000584413138,0.19633289188564282,0.0015999984741210938,-0.017887066109688023,-0.23159755040931485,0.0,0.0,-0.027238154662773014,-0.05579100873321295,-0.019047446260228747,-0.015512847136706117,-0.003278032302077918,-0.1263699495792389,-0.001414628946076846,-0.004262256566289579
14,58,5,78,-3.4933379611372954,True,False,True,-4.0,0.8862497573516157,0.32812738905506256,0.0,-0.02486257903394289,-0.2507138444024895,0.0,0.0,-0.0334477468393743,-0.09732192967087032,-0.05128456213977187,-0.030705756717361508,-0.0031776669228861473,-0.20942308612167831,-0.001027699993137503,-0.005750413783971453
14,45,6,41,-4.216929532289504,True,False,True,-4.0,0.037853980106431186,0.08524030405991671,0.0006999993138015271,-0.0255068303947337,-0.019147084093419833,0.0,-0.002480491995811463,-0.041624078813474616,-0.04435025248676538,-0.04154966762755067,-0.013038932099007068,-0.033644680943107234,-0.11306775018572807,-0.0016084688830596858,-0.004705581391754094
14,49,6,38,-4.079313579499722,True,False,True,-4.0,0.03700329417664763,0.23151539200644042,0.001299998965114355,-0.020535726266680283,-0.12341998740273993,0.0,-0.020610820427536963,-0.025973432110622523,-0.03031722031533718,-0.015985906447749585,-0.010084226895123723,-0.0020204139945280983,-0.09709719210863114,-0.0007232985083828683,-0.00236402785172686
15,1,6,53,-3.8999090291559693,True,False,True,-4.0,0.44918533572170427,0.15301913977662007,0.000799999199807644,-0.018522477354854343,-0.19049791832760093,0.0,-0.03502014871686697,-0.012762163814622907,-0.054803765229880806,-0.02956665259320289,-0.014980998651590194,-0.008050982591780666,-0.13511712118983268,-0.0010719079012051227,-0.0025192648785741754
15,57,6,41,-5.278650051355362,True,False,True,-4.0,0.08584589285200085,0.3829881287575699,0.0,-0.01480385214323178,-0.09609001259728756,-1.4068626499176027,-0.022410974204540253,-0.019685898583848026,-0.043248123712837705,-0.018017718701157724,-0.010090647172182799,-0.0031141545207526637,-0.11002434059977531,-0.0010284816644707461,-0.002107360619629617
15,39,6,57,-3.7472077322006228,True,False,True,-4.0,0.6048262865049764,0.13933843780040728,0.0005999994277954101,-0.02319773161783814,-0.19732054924723338,0.0,-0.012612809874117377,-0.013649665052071215,-0.04955226890742778,-0.02108898116508499,-0.013188285457435993,-0.0032340380784593487,-0.15519253194332122,-0.001229087235406041,-0.0017063112417235972
15,9,6,47,-3.977815952003002,True,False,True,-4.0,0.25720087352139676,0.1965879671184587,0.0010999990068376064,-0.01162998633692041,-0.1421491736129974,0.0,-0.04398348392918706,-0.01982992133125663,-0.044482550770044336,-0.023156633358448742,-0.01313532305881381,-0.004703408222430881,-0.12610665634274482,-0.0011446866106416566,-0.002382841618091334
15,19,6,43,-3.9944775471091267,True,False,True,-4.0,0.10321537281396556,0.37288049047183225,0.01449998587369919,-0.01448173673590645,-0.22456336108545658,0.0,-0.017505321353673938,-0.01386090991087258,-0.037315053828060635,-0.018871920937672246,-0.008719428367912771,-0.01192078359410777,-0.1349077653884888,-0.00149136543244822,-0.0014357748685870318
15,61,6,64,-3.9149416893720628,True,False,True,-4.0,0.558421301569397,0.15565256393134108,0.007299993000924588,-0.017453089267946777,-0.2810042979932041,0.0,0.0,-0.014806031445041296,-0.07662862127646808,-0.027110163127072155,-0.0218329398939386,-0.005324702043635625,-0.18633919984102257,-0.0013861284594167955,-0.004430216440232469
15,62,6,85,-5.607138684093952,True,False,True,-4.0,0.9908888822148582,0.7823314224118258,0.0,-0.030982063810806725,-0.2786451980834863,-2.614316782951354,-0.01475369282066822,-0.033267969409935184,-0.07897338636219502,-0.05537994150072338,-0.02786726537859068,-0.010430463862380935,-0.22892930179834367,-0.0013753966237709388,-0.005437748100084718
15,13,6,49,-4.231743518859148,True,False,True,-4.0,0.06729151201408966,0.09681965210577657,0.0023999982699751854,-0.02129733629059047,-0.10261162798109581,0.0,-0.0015329765900969506,-0.028272316642105586,-0.056309079453349106,-0.021263839600142095,-0.017154922792688005,-0.011438843748598977,-0.1329494059085846,-0.0009481549523479775,-0.004476237691415009
15,46,6,45,-4.069949504435063,True,False,True,-4.0,0.019943565329510027,0.3168745979631786,0.001799999810755253,-0.011908865221485033,-0.17108154222922164,0.0,0.0,-0.014866627398878339,-0.050047350004315386,-0.01655830705538392,-0.014489945899695156,-0.0032109125368219786,-0.12291781023144717,-0.0008590002301207278,-0.0026270444277906794
15,60,6,46,-3.778655912876129,True,False,True,-4.0,0.34845235692337156,0.39627522198435705,0.007999992221593857,-0.021713454580167314,-0.24081370298517868,0.0,-0.001153814196586609,-0.028302847836166618,-0.054965574555099005,-0.02785879740491509,-0.01746318901889026,-0.00403106321259429,-0.1298260462284088,-0.0009663805295713247,-0.0042885147160268405
15,14,6,60,-3.9260692140460014,True,False,True,-4.0,0.29742387984908425,0.4851991083974485,0.0024999977461993696,-0.031081717241322627,-0.29473557808276385,0.0,-0.003041253294795752,-0.040810314714908605,-0.08218692462891342,-0.04638222414534539,-0.025670691742561754,-0.0028195017330017434,-0.17494188413023945,-0.0026695986982667825,-0.006852384431695098
15,38,6,39,-4.046701391637325,True,False,True,-4.0,0.1591080321093068,0.1496616410369491,0.0006999993138015271,-0.02020238466095179,-0.14525050317563,0.0,-0.015276876389980317,-0.007516169780865311,-0.03645292453467846,-0.007008197088725866,-0.005670870841713622,-0.0042286694360439015,-0.11199147596955299,-0.0012548703921493143,-0.0013181871820415838
15,0,6,58,-4.143213092684746,True,False,True,-4.0,0.03868310236270191,0.3811611231047837,0.0009999991953372955,-0.018212558616651223,-0.18439642424855263,0.0,-0.0031798475235700605,-0.036182529991492636,-0.07109011676162481,-0.04332294613588601,-0.021708783516660335,-0.0042168197559317375,-0.17444290436804302,-0.0013489602645859122,-0.005955576610722346
15,18,6,41,-4.011022352576256,True,False,True,-4.0,0.02990960259936401,0.4143215816740759,0.006599993668496609,-0.028527150056324897,-0.196034606397734,0.0,-0.005892623886466027,-0.020252391113899655,-0.03989503953605889,-0.023841966257896276,-0.012244419859489425,-0.002700223345209452,-0.12529801137745383,-0.0040658768609137036,-0.0031011608614062436
15,53,6,59,-3.8625743094086653,True,False,True,-4.0,0.5843968564120587,0.10719577493838675,0.0002999996952712536,-0.01695014911994804,-0.21683275349874748,0.0,-0.021971864178776737,-0.015464328252710402,-0.057534974142909055,-0.028502700732788076,-0.014309589257463815,-0.008811465145699915,-0.17068431660532957,-0.0008368397913000082,-0.0025679081495036367
15,15,6,54,-3.737485845088959,True,False,True,-4.0,0.3258972703011141,0.47984503193086303,0.0,-0.012432157899602319,-0.2514445384638384,0.0,-0.013663904592394829,-0.01205290587618947,-0.049753832295537016,-0.02550212563481182,-0.01194265811238438,-0.014529282773255544,-0.14885639712214477,-0.000926351891102968,-0.0021239203779259697
15,63,6,43,-4.029577830433846,True,False,True,-4.0,0.10984973062889279,0.16341880738143882,0.004599995743483305,-0.01833722602459602,-0.05868831153551581,0.0,-7.923960685729981e-05,-0.038829101272858685,-0.036265770122408864,-0.017587698278948665,-0.011644745748490096,-0.008628479763719952,-0.11040074795484543,-0.003607224773440975,-0.003377773961983621
15,17,6,40,-4.23023946762085,True,False,True,-4.0,0.00603977780040701,0.13767779381715753,0.0007999993115663528,-0.014905446282355116,-0.13825100038156962,0.0,-0.02407582495128736,-0.012096902397461234,-0.04014797471463681,-0.01405286809895188,-0.007304248174186795,-0.002945990304764905,-0.11825086347758772,-0.001286292520526331,-0.0014397676230873907
15,40,6,52,-4.456670092344284,True,False,True,-4.0,0.0027047436603788813,0.034329139740091684,0.009899992700666192,-0.022144740607473064,-0.18688702552542968,0.0,-0.0012182780727744104,-0.022912775203585627,-0.056265552937984464,-0.021566813867539166,-0.01807639177539386,-0.0050563944521081795,-0.16119206771254538,-0.003428047899215017,-0.0048555694258539004
15,25,6,46,-4.3536144515872,True,False,True,-4.0,0.06002543609827623,0.08113453674809491,0.003999996110796928,-0.016332356314233038,-0.21889594795764425,0.0,-0.02563362240791321,-0.02828914712183177,-0.04497513305395842,-0.021024074573069814,-0.009669443867169326,-0.009401475299273442,-0.11919604770839214,-0.002464517931221053,-0.0028926520273671484
15,21,7,42,-3.9956894946098322,True,False,True,-4.0,0.06722588063845038,0.2785806901965404,0.00339999683201313,-0.02147044969256968,-0.02824254443839891,0.0,-0.021783724185079338,-0.05055713594891131,-0.04706914752721786,-0.02840427301125601,-0.01005905220634304,-0.019816487268544736,-0.11250853240489964,-0.001244077982846647,-0.0037404681986663484
15,47,6,43,-4.107089247703552,True,False,True,-4.0,0.07430502976814864,0.17671046333310145,0.006099994610995054,-0.0260278370406013,-0.08454008177897777,0.0,-0.01912493411451578,-0.02745526902377605,-0.04510134752839804,-0.018188537042588,-0.012116750073619188,-0.004032031966016802,-0.12333225630223751,-0.0013630812242627144,-0.002922628493979574
15,27,6,46,-4.1137994208931925,True,False,True,-4.0,0.000280447254284463,0.23899682800766778,0.006799993626773358,-0.022716151342028756,-0.08748874650998914,0.0,-0.005233067693188787,-0.033259509140625594,-0.04150739476084709,-0.021829331768676633,-0.014734266879968346,-0.004809726033246306,-0.1226480854302645,-0.0017441739648347717,-0.0039064392916043295
15,3,7,44,-4.078732225000858,True,False,True,-4.0,0.11385727974391105,0.21790648420844946,0.0002999996952712536,-0.021999172953655947,-0.11071369755038177,0.0,0.0,-0.023235425921157002,-0.051404184512794035,-0.05161093150032686,-0.016255125714233144,-0.007379568775650114,-0.12411492541432383,-0.0008707452745875343,-0.0032123660470824694
15,20,6,41,-3.890268685519695,True,False,True,-4.0,0.06430733824907404,0.4173685341913732,0.01809998244047165,-0.01016455342527479,-0.14826743116747823,0.0,-0.02749483928084374,-0.027320398893207316,-0.03766717351973057,-0.015303179123438895,-0.011189522594213488,-0.002771672985618352,-0.1058630307018757,-0.00106557732418878,-0.0029372203344246377
15,55,7,47,-3.9894775165617467,True,False,True,-4.0,0.008143137551445198,0.39506419380297214,0.0015999984741210938,-0.02133222287782701,-0.10119733664148951,0.0,-0.020476102298125624,-0.031172838476486504,-0.05176679659634829,-0.026026617304887627,-0.010645088127348571,-0.006545098303104169,-0.12095799915492536,-0.000985794522857759,-0.003179194940021263
15,59,7,38,-3.8844715720415115,True,False,True,-4.0,0.11867671710264403,0.2985453255183587,0.0027999975159764294,-0.021908729958813638,-0.056623769869765965,0.0,-0.00569561081007123,-0.03464633280877025,-0.03593549259006977,-0.01706933666137047,-0.01366834232583642,-0.011782020678756451,-0.10182609103620054,-0.0011581100114563011,-0.004179465099223307
15,7,7,47,-4.207560313940048,True,False,True,-4.0,0.10114866778485519,0.10801096092676722,0.0012999988347291947,-0.024019291126169264,-0.11780722213283298,0.0,-8.459091186523438e-06,-0.0344520967360586,-0.049876182489097115,-0.02790387268876657,-0.014851084633264688,-0.0051924206841795235,-0.13881152108311662,-0.0017227149735845155,-0.0033752104468294415
15,10,4,57,-3.699240397512913,True,False,True,-4.0,0.3051080439472571,0.46492845623961865,0.0016999984532594682,-0.031509878360666335,-0.13189059604948852,0.0,-0.009609710182994604,-0.025294948688242582,-0.061886323839426036,-0.017690149587579074,-0.01642685714177787,-0.0035054938496978144,-0.16561888307332998,-0.0039398893085308365,-0.0036043721850728618
15,36,6,45,-3.8257829880714422,True,False,True,-4.0,0.2782462959745316,0.3267718368489805,0.0031999971717596057,-0.020951986606232823,-0.1590181592168301,0.0,-0.020147354900836946,-0.021963500753045078,-0.04009020403027534,-0.015017176475375892,-0.01463663931936025,-0.0035049093660109074,-0.132572056800127,-0.0026285988558083766,-0.0034706001047743475
15,50,7,50,-4.2231634515523915,True,False,True,-4.0,0.19674666062463075,0.1483451892737073,0.0004999995976686477,-0.020235736133763567,-0.25910418284562187,0.0,0.0,-0.029401050778105856,-0.06522326350212096,-0.017802841097582137,-0.019868511324748397,-0.011642586148191187,-0.13798918828368187,-0.003712929230532609,-0.0037752180951065384
15,44,7,37,-4.007660963833332,True,False,True,-4.0,0.34893505191430446,0.026057427432797993,0.0029999975115060805,-0.013747362905414777,-0.17887582114984982,0.0,-0.021526405215263368,-0.007620054702274503,-0.03126228481531143,-0.011255324687808755,-0.00803482740651816,-0.008785301171648142,-0.10216376543045046,-0.0010125922021688894,-0.0013693130743922665
16,11,6,52,-4.032781688570976,True,False,True,-4.0,0.146690931728127,0.3301233656510885,0.004599998425692319,-0.012142176760826259,-0.21197180251062486,0.0,-0.014980639209970831,-0.019845996666699645,-0.05254436068236827,-0.018309091450646523,-0.010476838119793688,-0.014513504889540627,-0.1560128387063742,-0.0015741072593664289,-0.0018244259356288242
16,48,7,40,-4.263164624869823,True,False,True,-4.0,0.002063650227580309,0.029196599350038287,0.0039999961107969285,-0.022537161242216823,-0.03865939388851984,0.0,-0.002961429320275783,-0.033735881494358175,-0.037378648221492755,-0.02549478201428428,-0.012929418799467384,-0.013726363286157266,-0.1061517813801765,-0.0007785259283264168,-0.004071271687862464
16,16,7,48,-5.548149343430996,True,False,True,-4.0,0.163195346079126,0.45514444552412897,0.0,-0.012709134388715028,-0.16855680959808525,-1.7011196863651277,-0.030579209178686142,-0.022982025649398562,-0.0487944233044982,-0.02739644404500723,-0.013135539041832086,-0.005558532069931061,-0.130456769913435,-0.0018518514677998616,-0.0033488437091000367
16,4,6,46,-3.9379947927594188,True,False,True,-4.0,0.21086168366428973,0.25530551499355625,0.000799999199807644,-0.023436509091407064,-0.04573115792882163,0.0,-0.012961839791387321,-0.04896893050987273,-0.05277326792478563,-0.03909727633930744,-0.015530230645090341,-0.020265621482394636,-0.1399877528846264,-0.0012594310822896654,-0.004950123982271181
16,52,7,49,-3.9412980479002004,True,False,True,-4.0,0.3190568687809992,0.16619723292622213,0.0033999971486628057,-0.01936947599751875,-0.10585564324570441,0.0,-0.027883835881948472,-0.041637440398335446,-0.0443375225365162,-0.031163853462785485,-0.013445143306162215,-0.003031239411920979,-0.1347672238945961,-0.0045068793278187505,-0.003953842864721082
16,35,6,52,-3.9033938133716584,True,False,True,-4.0,0.24751432413002478,0.3425493877759769,0.0035999994724988937,-0.01753546726307832,-0.21203416344345896,0.0,-0.019969031512737274,-0.025440675299614666,-0.04131542023271321,-0.026101132240146402,-0.011166645048651846,-0.009234659738849587,-0.1311653807014227,-0.0009408816420182122,-0.002153724620584399
16,24,6,44,-4.202299257814884,True,False,True,-4.0,0.012731737698348981,0.1605971330042221,0.0016999984532594682,-0.01658627014490776,-0.12426108714709697,0.0,0.0,-0.02277001417707652,-0.0464556485414505,-0.01297184165334329,-0.011316313911229373,-0.004591692911137618,-0.1348259074985981,-0.0009594187057518866,-0.0025900279358029373
16,30,7,44,-3.943916413784027,True,False,True,-4.0,0.19862048820716494,0.2157330117238076,0.00039999961853027344,-0.019635173629503698,-0.04618556459987304,0.0,-0.03028500966727734,-0.03083882665261626,-0.0480934490263462,-0.033172358763404186,-0.01514146061614156,-0.012156558942515407,-0.11850980617105959,-0.0010986648619291377,-0.0035530546828522343
16,37,7,44,-4.209896611273289,True,False,True,-4.0,0.037493218057376085,0.0909112994322698,0.0005999995768070221,-0.01803613385767676,-0.025516745406421248,0.0,-0.030446515232324594,-0.045899663791060454,-0.04469177111983301,-0.02388831136282533,-0.012548707369714978,-0.014085928573040293,-0.1185627791285515,-0.0008385792133049107,-0.004386082959827036
16,29,7,58,-3.787493986487389,True,False,True,-4.0,0.5389470925927163,0.3103715788656697,0.0070999937318265436,-0.01957907706615514,-0.2917744330615097,0.0,0.0,-0.021850365875288845,-0.06976602092385292,-0.03722508340841159,-0.020568856974132365,-0.006292899079119251,-0.17123755112290384,-0.0008251036034198482,-0.0047932331211632115
16,32,5,56,-4.409078931808471,True,False,True,-4.0,0.0027953117846082186,0.16715308658516348,0.00039999961853027344,-0.011651228719856592,-0.2531315595789965,0.0,0.0,-0.02335502967238426,-0.07317448236048221,-0.01449255609884858,-0.018739006924442945,-0.011538078525040874,-0.16914983212947846,-0.0009154654917074367,-0.0032800367297022605
16,34,6,49,-4.2537015327811245,True,False,True,-4.0,0.10839162965770807,0.13268567135727624,0.0027999975532293324,-0.02067504837119486,-0.22107514093673672,0.0,0.0,-0.009336807990912346,-0.05197194997221231,-0.030778044953476632,-0.016055901781655845,-0.00322993397974642,-0.14042620569467545,-0.000763847644557245,-0.0032661296603328093
16,56,6,68,-4.149578091204167,True,False,True,-4.0,0.208909110902083,0.23169697482041485,0.011999988853931427,-0.027528817011043427,-0.20526453181446414,0.0,-0.022677769660949705,-0.039454563334584254,-0.06927268877625467,-0.024045524355024103,-0.01957539387047291,-0.008251331697829016,-0.1801793812215328,-0.0013932429216220045,-0.004540844925795681
16,12,7,40,-3.9693700721859937,True,False,True,-4.0,0.32994228788418695,0.08066391688268336,0.0015999984741210938,-0.021481610988266765,-0.12977069808068337,0.0,-0.014547620769590144,-0.021923412643373014,-0.03267275094985961,-0.023714822148904205,-0.009274321740958843,-0.0014667682647558427,-0.12320967748761177,-0.001139149626542349,-0.0023752357502235103
16,26,7,45,-5.368534722626209,True,False,True,-4.0,0.16342185542804516,0.36732502431906344,0.0,-0.02281961403787136,-0.03852704369441198,-1.5594462001323706,-0.019437397867441173,-0.03375874270685018,-0.04709525637328625,-0.018536307353060694,-0.015202979762107133,-0.009184583828718758,-0.12999060913920402,-0.0009222971163399051,-0.004360514419386164
16,31,7,57,-4.290096265077591,True,False,True,-4.0,0.05161615013759728,0.3652018126509224,0.007799992393702269,-0.022353105009533462,-0.36361259456345585,0.0,0.0,-0.01719993466511369,-0.06433275964111089,-0.045289124250412,-0.022342916128691284,-0.011834696158916812,-0.15950103834271434,-0.002890234111255268,-0.005357818049960769
16,22,6,67,-3.82816957950592,True,False,True,-4.0,0.19349621893835195,0.5623728063931951,0.0004999995976686477,-0.015520515523385257,-0.22554531576308362,0.0,-0.01604280196130276,-0.018985699592158192,-0.06610972601920369,-0.022136577945202594,-0.01539946788921952,-0.00991710772474496,-0.19122451841831212,-0.0009259378942078909,-0.002730888147780207
16,45,7,39,-4.104306194484234,True,False,True,-4.0,0.08203434233005967,0.17143541143653185,0.0017999981716275216,-0.021633099153405052,-0.023532684936508303,0.0,-0.022131677903234958,-0.04984434718266129,-0.04519051007926464,-0.03574727818748215,-0.011963755120523271,-0.03179468822665513,-0.1111578941345215,-0.0018990122068498752,-0.004680980654957239
16,54,6,58,-5.382777549028396,True,False,True,-4.0,0.3978505919784492,0.4872414713307266,0.0,-0.021700959929730743,-0.06651535789511398,-1.853731663227081,-0.004931346336379648,-0.04305201874114573,-0.058900304697454,-0.024240600897464895,-0.021695969952270393,-0.008622271990925582,-0.15816369444131853,-0.0007629205481498504,-0.0055523065000306834
16,33,7,43,-4.3877613472938535,True,False,True,-4.0,0.00013826392910832653,0.09646945842549268,0.010399989746510983,-0.016388071923283856,-0.2341374236596312,0.0,-0.004698617979884147,-0.017542043454013768,-0.043505412898957735,-0.02943915917770937,-0.016664373930543663,-0.006070115627964867,-0.11951782152056692,-0.0023574505628130285,-0.004448791687318591
16,42,7,62,-6.659720796942711,True,False,True,-4.0,0.5672293362338026,0.3572103788297681,0.0,-0.018385672434233127,-0.13039029692394252,-2.9705163782835013,-0.033406254760920996,-0.042947628833353506,-0.08717743176966908,-0.07076407434418797,-0.020963674420490862,-0.027041866955260053,-0.17587315455079075,-0.0012679025073884995,-0.005426191265578378
16,1,7,42,-5.160501673817635,True,False,True,-4.0,0.10727477028078285,0.37726199233037017,0.0,-0.010893181028368417,-0.20995359640499373,-1.2088296794891356,0.0,-0.016565535170957445,-0.04911026995629073,-0.01280395773705095,-0.015680095650604922,-0.006670755462691886,-0.11027190819382666,-0.0011436283699731576,-0.0031155836737889325
16,57,7,41,-4.2787713440507655,True,False,True,-4.0,0.014815435183604678,0.02278236071488466,0.0,-0.02075114869046956,-0.03250951538902882,0.0,-1.6614198684692383e-05,-0.04192609672434628,-0.04411635655909777,-0.01987052158685401,-0.0127207777928561,-0.0237384936556306,-0.115284513682127,-0.0011073032759304623,-0.004327587487641721
16,46,7,37,-4.2795779044926165,True,False,True,-4.0,0.06401225991496175,0.0766683100107833,0.0036999964714050293,-0.015516608487814667,-0.20522633692187808,0.0,-0.019037173688411714,-0.01362233751453459,-0.034399344213306905,-0.015553282920736818,-0.0067463335499633095,-0.01720112042236906,-0.0942588973790407,-0.0009845559754467104,-0.0014123597642173987
16,2,7,48,-4.004864410758018,True,False,True,-4.0,0.007841323852140855,0.3908876485338093,0.00019999995827674866,-0.02212438231799752,-0.09988533002673648,0.0,-0.017725973278284075,-0.024884113627485924,-0.046316248588264,-0.028619888499379156,-0.013690595272928475,-0.0027613631761778377,-0.1436998164653778,-0.0013872590690152716,-0.0026984820188954476
16,28,7,48,-4.121292648613453,True,False,True,-4.0,0.23720781509572594,0.0805924847026745,0.0,-0.016818387347739196,-0.1763591734331931,0.0,-0.0260275899246335,-0.013340342789888384,-0.0475929256528616,-0.015593531965278089,-0.012531694280914961,-0.005474715273319362,-0.12217699214816091,-0.0008383201547258065,-0.0023392150935251264
16,6,7,49,-4.193925922513008,True,False,True,-4.0,0.0034037716741881136,0.18879880560626872,0.0033999974839389324,-0.02461934506427497,-0.07572530171069956,0.0,-0.011588398180902005,-0.04290522011462598,-0.05597828440368174,-0.018905962593853482,-0.011875655404292052,-0.008351068302654311,-0.13383722357451913,-0.0016796172552130885,-0.004062164295319235
16,38,7,39,-3.86939572930336,True,False,True,-4.0,0.1790591282665264,0.3241519750377819,0.0007999997958540916,-0.02291995821520686,-0.13845800173687167,0.0,-0.014188182046636938,-0.022863383116200564,-0.03807479735463858,-0.013443389136809859,-0.00583516605431214,-0.002392078512962143,-0.11323774389922621,-0.0006547377243987286,-0.0013394512017839584
16,39,7,44,-3.544068229198456,True,False,True,-4.0,0.4669841574970633,0.345855377978787,0.0014999985508620738,-0.024041757136583335,-0.10226722844261532,0.0,-0.010426958724856376,-0.01975785668473691,-0.03843534678220749,-0.013923471509478987,-0.010859324121847749,-0.004054579975360439,-0.13085486568510538,-0.0011280158697627482,-0.002658359676133841
17,8,7,63,-4.319091978669166,True,False,True,-4.0,0.3584158889204263,0.04202275194317749,0.007699992582201958,-0.02799224277725444,-0.33237317427585367,0.0,0.0,-0.02582495319657028,-0.07899518862366676,-0.043533121990039954,-0.023989213639870288,-0.005100108256401652,-0.18174778372049333,-0.001100117224123096,-0.006574891014024614
17,15,7,39,-3.7967054340243336,True,False,True,-4.0,0.33226192562608053,0.23557009359875278,0.000699999537318945,-0.01297813500044867,-0.15203485806297978,0.0,-0.02160700641572475,-0.008422040962614117,-0.03765292083844543,-0.011474221139214934,-0.006972965560853482,-0.008465649978870147,-0.10339471012353896,-0.0009213325834571153,-0.0013137655137688852
17,60,7,43,-4.225080714821815,True,False,True,-4.0,0.1141397519838301,0.08124444080781401,0.0011999988555908203,-0.009979923262726516,-0.17444549479339913,0.0,-0.027208308689296246,-0.013623732249252493,-0.04161776177585125,-0.01185618984978646,-0.007794546963996255,-0.008952394933585312,-0.12289110414683817,-0.0017382061214448192,-0.0015573224151739853
17,41,7,72,-3.403378676474094,True,False,True,-4.0,0.7380008432391336,0.52217559138427,0.0023999976366758345,-0.020824880788568412,-0.28707520528958413,0.0,-0.013616623654961586,-0.019284665924496947,-0.06232485365122557,-0.042156973270466545,-0.018902117109391835,-0.00884841935025648,-0.18801613949239254,-0.002082921425171663,-0.0028222742589423416
17,43,7,59,-3.5170253029465677,True,False,True,-4.0,0.5479573182715106,0.49810213102779566,0.0018999983929097655,-0.024984001712873582,-0.21188712846982533,0.0,-0.01607495518401265,-0.01941039798315615,-0.07043258666992189,-0.04182802024763078,-0.01863628902938217,-0.004437397414303632,-0.15224427670240406,-0.0010478573748696363,-0.004002016024314798
17,58,6,54,-4.027817905843258,True,False,True,-4.0,0.0005671442217013422,0.5119063836233836,0.0004999995976686477,-0.022205025387229398,-0.2227038334266399,0.0,0.0,-0.026223344486206775,-0.06414747294038534,-0.026748623382300135,-0.02044737976975739,-0.002785136436405082,-0.1486302091181278,-0.002283770173089578,-0.004616421649116092
17,0,7,44,-4.100255707353353,True,False,True,-4.0,0.008959444846877886,0.3909061550055436,0.00039999991655349733,-0.014157398741226642,-0.23176031935102404,0.0,0.0,-0.014551322460174557,-0.056747288145124905,-0.025597055638208993,-0.018758984180167318,-0.008569506659970614,-0.12192094221711157,-0.004210822722670855,-0.0042480967962183055
17,25,7,40,-4.0542712906003,True,False,True,-4.0,0.03503074137026489,0.39463328548241405,0.004299996085464955,-0.012744231027318167,-0.2196455591230188,0.0,-0.025773096885532143,-0.01969606529921293,-0.048243015408515916,-0.022130256104283038,-0.010689288880676032,-0.0178976743327803,-0.10798979207873345,-0.0010692910748184659,-0.002357159612292889
17,61,7,48,-3.896196703761816,True,False,True,-4.0,0.3456183554028393,0.1656931144093887,0.0004999995976686477,-0.01836568042868748,-0.1400540976929187,0.0,0.0,-0.02975928008556367,-0.04962555591017008,-0.016459897439926867,-0.016179105583578348,-0.0019994021874310867,-0.1294578617811203,-0.002921256339759566,-0.003186053590034136
17,17,7,42,-4.158369068205357,True,False,True,-4.0,0.02210292364754423,0.20033893566369365,0.0039999961480498315,-0.01788162257726071,-0.1579278309228539,0.0,0.0,-0.01303228056523949,-0.03921964898705482,-0.01773359385319054,-0.01531692259479314,-0.003080864676471151,-0.1167461445182562,-0.0012803169801918555,-0.002591599820007105
17,51,7,65,-3.266582889556885,True,False,True,-4.0,0.7611974278755952,0.4456359333570586,0.0061999944597482684,-0.020393436493468472,-0.12439545830973654,0.0,-0.0013696634676307442,-0.03633912744931877,-0.06536924788728356,-0.023562518893741072,-0.017835007505491378,-0.004604691177450455,-0.1797172863781452,-0.0013452864496503027,-0.004684253290324704
17,19,7,51,-3.873814554810524,True,False,True,-4.0,0.1902639994648052,0.40868095475150124,0.0006000006198883057,-0.014121062563499431,-0.18976659003063107,0.0,-0.01909672237932682,-0.028544598538428542,-0.04461169708520172,-0.02030624526552856,-0.00938865998061374,-0.007086989184657781,-0.13646761029958723,-0.0020787762608961203,-0.0018905442985123957
17,23,7,59,-3.924015376269818,True,False,True,-4.0,0.20535054293708868,0.5219644629688628,0.0009999990276992321,-0.022261316148797044,-0.19395086789867494,0.0,-0.015946275778114798,-0.07095035345759243,-0.08021516181528568,-0.05789448126335627,-0.022360274575185024,-0.015281101481414226,-0.1640074755996466,-0.0009898270723351743,-0.00847318529689801
17,59,8,36,-5.061069771051407,True,False,True,-4.0,0.0642685350708598,0.35301820352673535,0.0,-0.020821764054708185,-0.16371169153717346,-1.0798745626211164,-0.03170324917882681,-0.01300105324946344,-0.030823396258056156,-0.010826145005412399,-0.009425986781716347,-0.0036308115219071614,-0.1106699780374765,-0.0022241742299229385,-0.0016439900992554605
17,7,8,36,-4.105645145177841,True,False,True,-4.0,0.000682648568977129,0.1883985112069431,0.001399998813867569,-0.023308347114361826,-0.08125425161371824,0.0,0.0,-0.01758453489281237,-0.03451830405741929,-0.018832397842779753,-0.012483627174515276,-0.006188033549688044,-0.09889103002846242,-0.0006887684090906988,-0.0023771296598715714
17,14,7,50,-4.068754388988018,True,False,True,-4.0,0.014400792588016886,0.4181552105082148,0.0013999987207353117,-0.02118536150548607,-0.20576638006918074,0.0,0.0,-0.0180200920579955,-0.056361564807593835,-0.016768652983009818,-0.01911184289725498,-0.00397341785414028,-0.15473015345633032,-0.0029424106680380644,-0.0038504024709982328
17,21,8,44,-4.206933833956718,True,False,True,-4.0,0.14264077698700023,0.19703516190930978,0.0055999945849180225,-0.02046724386047572,-0.2661098652130749,0.0,-0.01913360182195902,-0.024303160225972537,-0.04231870945543051,-0.029773378255777062,-0.011615107920952146,-0.012371374194044622,-0.1186277735978365,-0.004360236279171657,-0.0031290577462641527
17,13,7,53,-3.7496445736289026,True,False,True,-4.0,0.30054917027620826,0.4309955481315251,0.0061999974027276035,-0.023667701913509517,-0.16027913479490966,0.0,-0.015982758551836014,-0.03576881111599506,-0.05302386030554771,-0.028123571341857313,-0.014992128130979837,-0.0024078396732990733,-0.14691778719425203,-0.0023634545833920136,-0.003862041708198376
17,18,7,51,-4.0468490231037135,True,False,True,-4.0,0.37928904372565747,0.05927596813644601,0.0004999998211860656,-0.016638364281971005,-0.16042603840993253,0.0,-0.034193455353379254,-0.014601710140705111,-0.05282591063529253,-0.03544195164227858,-0.013157236219849438,-0.005430185690665894,-0.14926021814346313,-0.0009639399190200491,-0.002974876606749603
17,63,7,49,-4.102637551724911,True,False,True,-4.0,0.040586894604052175,0.43838096830940687,0.003299996815621853,-0.015024487226037308,-0.27826373147108824,0.0,0.0,-0.029374883701093504,-0.060734876878559586,-0.039337479337118564,-0.016253998475149276,-0.004600539718471738,-0.13658246845006944,-0.0015341838676249605,-0.0031987707206280907
17,47,7,47,-3.9392592206597326,True,False,True,-4.0,0.10566374499681837,0.32460526804211215,0.0,-0.021748390588909393,-0.08761564651208119,0.0,-0.007118169772438705,-0.03897516719996928,-0.04188359502702951,-0.017063054763711984,-0.01272218734957278,-0.006554438771687501,-0.13123426124453544,-0.0008725988600053827,-0.0037408074323320765
17,49,7,63,-4.148723695874214,True,False,True,-4.0,0.2699321815837174,0.16586844443761048,0.0002999996952712536,-0.027916015622904525,-0.1989194460843282,0.0,-0.004224796839989721,-0.05027521885000169,-0.07359933353960514,-0.03244598491583019,-0.023726186925778162,-0.004329892525135292,-0.1625260884314775,-0.0008524535900505726,-0.00600901964236982
17,11,7,39,-3.837420405447483,True,False,True,-4.0,0.3554865425080061,0.18457398994935453,0.0025999975949525835,-0.01678219701163471,-0.17181598537784337,0.0,-0.0136009880900383,-0.010731167960911989,-0.03483445551246406,-0.009658815457951277,-0.007314420104958116,-0.004412135939275004,-0.10909938767552374,-0.0006885193451307714,-0.0011428500831243576
17,36,7,42,-3.8241044887900353,True,False,True,-4.0,0.30627772629261013,0.29520798529280046,0.0004999995976686477,-0.023000623953994367,-0.18082361172782838,0.0,0.0,-0.021353946879971768,-0.04637072976678609,-0.01830939944367855,-0.014715932521503423,-0.0037099308663550803,-0.1112059910595417,-0.0030351762377540587,-0.003564623610000126
17,3,8,46,-4.141915781497955,True,False,True,-4.0,0.17790079451238852,0.12476917054035168,0.0009999991953372955,-0.019791085530305282,-0.17699391719739654,0.0,-0.020997447669506075,-0.014656825982965528,-0.04530674550682307,-0.020464070406742394,-0.015011259110178803,-0.0022744078355606237,-0.1264719858765602,-0.001044359673978761,-0.0025736593920737496
17,10,5,43,-4.202796786129475,True,False,True,-4.0,0.05674876744685662,0.13714867360307972,0.001599999200552702,-0.010294088579248635,-0.16847463997080922,0.0,0.0,-0.00885073510464281,-0.04903569482266903,-0.02425499179400504,-0.013521291543729603,-0.0031998781346203493,-0.11684070892632005,-0.0014577612303401108,-0.0023644973880436746
17,20,7,45,-3.821881049871445,True,False,True,-4.0,0.3698180476203559,0.2081744954490273,0.0009999994933605194,-0.013376795228105039,-0.15220591826728197,0.0,-0.030676883235573778,-0.011366898766718803,-0.046182544827461224,-0.00911572773940861,-0.010868188685271892,-0.005570424851957796,-0.11851873748004435,-0.0010336580662988128,-0.001957666389935184
17,62,7,60,-5.563098711669445,True,False,True,-4.0,0.4164331535801013,0.5902402365033051,0.0,-0.02084087596158497,-0.2668744084998616,-1.9280010527372358,-0.028073129467666148,-0.023250268176197998,-0.0630356402695179,-0.0363349043065682,-0.01661302164429799,-0.013835280507264543,-0.16516810782253744,-0.004020039411407195,-0.00372510693850927
17,55,8,46,-4.2813736082613465,True,False,True,-4.0,0.002160737574431551,0.06226269845182941,0.0012999988347291947,-0.02059046572074294,-0.09134785176880542,0.0,0.0,-0.02083787059411406,-0.04404190249741076,-0.02343690454494209,-0.013404622785747056,-0.004011380472138627,-0.12515567287802695,-0.001459163441468263,-0.0028110938111785802
17,4,7,41,-3.7943385565280914,True,False,True,-4.0,0.20918541682956854,0.3573226820994017,0.0005999993905425071,-0.015170108680613343,-0.03885053758582217,0.0,-0.02823778662830592,-0.04724741334095597,-0.041568235307931904,-0.0397010540147312,-0.012471412201412025,-0.027773994214367125,-0.1047220067679882,-0.0022148422244936223,-0.0034890093369176613
17,53,7,61,-4.316827677190305,True,False,True,-4.0,0.07153857300944759,0.13628909406972264,0.0,-0.015460218263324351,-0.19151189777658148,0.0,-0.026675845962017778,-0.012160708175506445,-0.058027646429836745,-0.015214948346838357,-0.014345012661069634,-0.01086374885842247,-0.1765633552521468,-0.0013088964394410143,-0.002523176082177088
17,35,7,42,-4.329030272215605,True,False,True,-4.0,0.06855485703010342,0.060321975718836754,0.006099994033575059,-0.017535620676353572,-0.21585254095174605,0.0,-0.019203861802816392,-0.011158104129135607,-0.03788091901689768,-0.021216752862092108,-0.011488517494872211,-0.013585217422692041,-0.11330816827714442,-0.0007294944168825167,-0.0020480333000887185
18,37,8,41,-4.192737713754178,True,False,True,-4.0,0.05627477594660107,0.12064507866737735,0.0009999991580843925,-0.022527928994968534,-0.06427591009596655,0.0,-0.00341678012162447,-0.04954388640820981,-0.04713924705982209,-0.034405156238935884,-0.01284552360884845,-0.017812228423263153,-0.11287186473608017,-0.0007741318002808839,-0.005044784306082874
18,40,7,61,-6.511187082231045,True,False,True,-4.0,0.4143169677515084,0.34117808153569773,0.0,-0.012229020809754727,-0.3061512452531314,-2.5325863069295886,-0.03880058258771897,-0.01884026632411406,-0.07771110545843841,-0.06468095008749514,-0.01910685223992914,-0.01359080142915218,-0.17730585031211382,-0.0014789408849901517,-0.004200246697873808
18,16,8,49,-4.053307577967644,True,False,True,-4.0,0.07751094230261087,0.2974770634226151,0.0010999990068376064,-0.022677105811890214,-0.03657041791593656,0.0,-0.017152624800801278,-0.06157563676591961,-0.05706608034670353,-0.04930031177122146,-0.017395421264227478,-0.02951297554071062,-0.1280756562948227,-0.0036271899695566384,-0.006442318384215468
18,30,8,43,-5.152426850497723,True,False,True,-4.0,0.15936619319712927,0.4875285021960734,0.0,-0.011057257527718321,-0.22205897541301967,-1.322479567527771,0.0,-0.018196901082992552,-0.050577164068818084,-0.020292824667412775,-0.017234449498355387,-0.010912782499271856,-0.12195203632116323,-0.0009009401061484824,-0.0036585890321293854
18,34,7,42,-5.149765730053186,True,False,True,-4.0,0.13626501734086113,0.39523679432415526,0.0,-0.011749495398253203,-0.18212943394639297,-1.2592496049404145,-0.025065136849880213,-0.012274111565202472,-0.04005272440612316,-0.015475874943658709,-0.008513036684598773,-0.006106305376085856,-0.11795770145952703,-0.0012351417956961085,-0.0014589817717205731
18,50,8,52,-4.048925382941961,True,False,True,-4.0,0.01032725125942915,0.35304817539997546,0.0056999968923628335,-0.02618547891266644,-0.04568907449458493,0.0,-0.007548972889780999,-0.04886316762305796,-0.05416783284395932,-0.047221993748098615,-0.017430477766320108,-0.01353469962021336,-0.15017382875084878,-0.002346400736132637,-0.004838911111583001
18,52,8,47,-3.840748203992844,True,False,True,-4.0,0.3493781113522707,0.19156593929438548,0.002799997627735138,-0.019175029182806613,-0.02238435142557137,0.0,-0.030437884368002415,-0.05549092468572782,-0.0382116549834609,-0.035530481371097274,-0.016438323548063634,-0.022726082047370255,-0.13592127576470378,-0.0026952969920239415,-0.005480909742764197
18,48,8,51,-4.2368130901455885,True,False,True,-4.0,0.1451912609429526,0.10085904207179343,0.0017999996431171893,-0.024538795993430538,-0.06973155920713907,0.0,-0.025221424363553527,-0.06926440061070027,-0.05825310308486223,-0.048805109667591745,-0.014425646148156375,-0.0264960478269495,-0.1402761732041836,-0.0018923490209272129,-0.005758945815614425
18,54,7,38,-4.274847989603877,True,False,True,-4.0,0.0075813905166121015,0.0407930322349312,0.0027999972552061082,-0.019458935004659,-0.07380484577210154,0.0,-0.02138199647888541,-0.03057635374367237,-0.03650525197386741,-0.01528917361283675,-0.007948374394327402,-0.0033627485448960207,-0.11394603937864303,-0.0011259137143497355,-0.0026227021031081676
18,12,8,43,-3.6145909243822096,True,False,True,-4.0,0.32751197585836056,0.45685994287498427,0.00019999988377094268,-0.012658418156206611,-0.16510379113620727,0.0,-0.018041825145483015,-0.009955809311941266,-0.03684942062944174,-0.011650374969467523,-0.00850508979870938,-0.006392912591463756,-0.1271225717663765,-0.0012380294836475518,-0.0016449248357093891
18,27,7,60,-3.5306157526373863,True,False,True,-4.0,0.4660024269478893,0.45349092127030416,0.016399984285235404,-0.01885400178784039,-0.11908373141108314,0.0,-0.001006503701210022,-0.03691538337850944,-0.0619810101389885,-0.022005319977179166,-0.01988178764237092,-0.006492999671090729,-0.17241748660802841,-0.002417693048118962,-0.005453152768022848
18,44,8,55,-4.198267044425011,True,False,True,-4.0,0.026777708959416495,0.271261348462682,0.0024999988079071043,-0.021693732058629397,-0.10878836828749627,0.0,-0.02223398084752262,-0.04648884926922619,-0.0681551371514797,-0.03298760472331197,-0.01883906481321901,-0.010471143964932707,-0.15961187019944187,-0.004218052960641217,-0.005318357023061254
18,56,7,45,-4.362868714630604,True,False,True,-4.0,0.013339642576010485,0.14189970194703727,0.007399993166327477,-0.016705507325241342,-0.21336341089045166,0.0,-0.023386669978499412,-0.026461903373710814,-0.04831446427851915,-0.0233623650437221,-0.010963262238074098,-0.016620636577625306,-0.14207241274416443,-0.0017462187187629746,-0.002511282419873169
18,22,7,43,-4.226788168400526,True,False,True,-4.0,0.03767520589386549,0.07388104622799009,0.010399990566074848,-0.017822984876111152,-0.10909897765464847,0.0,-0.0051593943638727074,-0.031945104855112726,-0.04060766328126192,-0.011924622552469372,-0.011734422505833206,-0.0020218061628850138,-0.11382818773388868,-0.0009234573024150445,-0.0036778626343584617
18,32,6,47,-4.103834808170795,True,False,True,-4.0,0.12541907679860292,0.21158740292677908,0.0005999995768070221,-0.021140008345246313,-0.17911394511393158,0.0,-0.012065595090389252,-0.016366312834434214,-0.04864873822778462,-0.015125041455030443,-0.008397054894594474,-0.003753841801065221,-0.13144246630370615,-0.0038772400854213615,-0.0015107780616381201
18,5,7,84,-3.583322502970696,True,False,True,-4.0,0.8555630399350774,0.17232317670994285,0.0,-0.024597089236485774,-0.17310913010616785,0.0,0.0,-0.017036183758173135,-0.09333143796771765,-0.02209378664847463,-0.02444360626395792,-0.002424511975165728,-0.2478388927876949,-0.0018196917804016268,-0.004514152904739605
18,42,8,42,-5.262023088335991,True,False,True,-4.0,0.07381875132378811,0.3462194728963733,0.0,-0.011887403919827198,-0.17952253822288186,-1.256042639017105,-0.020723497420549394,-0.017892211982980372,-0.038934305347502224,-0.011922069778665905,-0.009726539077237245,-0.00591890375575815,-0.1239403508603573,-0.002985507763805801,-0.002565397279686295
18,26,8,47,-4.332534987330437,True,False,True,-4.0,0.006276635018803689,0.0679357955511129,0.005199994966387749,-0.022721876234281804,-0.13623565974146915,0.0,-0.00910401530563831,-0.03670664113480598,-0.04075665917247535,-0.02568300254642963,-0.013330535339191556,-0.00209099806248446,-0.120027888789773,-0.000900781675300095,-0.0043895685643656175
18,1,8,41,-3.947563983798027,True,False,True,-4.0,0.17792959720158252,0.24053603068124174,0.002499997615814209,-0.0203136079874821,-0.1192248247998941,0.0,0.0,-0.02326231871731579,-0.04441748563200236,-0.024993076282553376,-0.013373576430603863,-0.004174950071598857,-0.10959965772926805,-0.006100514747668057,-0.003069705620291643
18,9,7,80,-3.647666100859642,True,False,True,-4.0,0.5468583090335596,0.7511233499012636,0.0004999995976686477,-0.026990280055906618,-0.4148131121710685,0.0,-0.005017989440821112,-0.06134821048006414,-0.1078904813528061,-0.049944683429785065,-0.0356909087835811,-0.0065345760481284295,-0.22663193725049496,-0.0022784346051048492,-0.009007054581597914
18,29,8,54,-3.8740626367926603,True,False,True,-4.0,0.29790949255228044,0.3422017172443395,0.0013999993912875654,-0.013171027476782905,-0.19966462234348004,0.0,-0.02782716613262892,-0.027923322319984435,-0.05007233910262587,-0.0210066229198128,-0.012457846794277428,-0.008221128194690836,-0.15178508818149572,-0.0010202616402239073,-0.00242480738190352
18,24,7,57,-5.139367928206921,True,False,True,-4.0,0.37100001318944925,0.4856472225644998,0.0,-0.015469071966363115,-0.24560623123150438,-1.4466941738128658,-0.01331912264227867,-0.010506103034131227,-0.05655447952449322,-0.0202605889714323,-0.010175445079803466,-0.014380587377578156,-0.16021200791001322,-0.0009605755092343314,-0.0018765630989219066
18,33,8,48,-5.444953579306602,True,False,True,-4.0,0.2024829644181136,0.4160505894767698,0.0,-0.020815907688811423,-0.10430967722742934,-1.6666328394412995,-0.019876073421910403,-0.018596273493021728,-0.04638000048696995,-0.03119849450886249,-0.014388502638321369,-0.0036231472042777568,-0.13219785839319223,-0.0026392952150490626,-0.0028290654846932733
18,15,8,41,-4.068950612843037,True,False,True,-4.0,0.12242457622256891,0.24611187006870752,0.0039999961107969285,-0.013481120447395368,-0.1887722025124822,0.0,-0.021057487390935423,-0.012558880196884274,-0.039092170558869835,-0.024532995540648698,-0.008589198482222856,-0.007670536650484791,-0.12330472394824027,-0.0011356305138906465,-0.0012918825453380124
18,57,8,47,-5.721078375577927,True,False,True,-4.0,0.2525452749156102,0.38613599697021206,0.0,-0.024591609502676876,-0.08397239982288737,-1.9049904286861423,-0.008177452720701693,-0.05830830263905227,-0.04982198882848024,-0.03768026527483016,-0.01682090032845736,-0.025628210603608752,-0.1433851589262486,-0.0009598372111940989,-0.00542311046461691
18,45,8,53,-4.337915689349175,True,False,True,-4.0,0.02122967278488511,0.1391034713077993,0.00039999961853027344,-0.01910335381748155,-0.08468604932670132,0.0,-0.03525488324463367,-0.04025325492955745,-0.06790767431259152,-0.05368091431446373,-0.017362803677096958,-0.018967567880172287,-0.15178298294544226,-0.004774037967945334,-0.004875198170193468
18,2,8,48,-3.793882050812244,True,False,True,-4.0,0.2877459249804088,0.3496726714076974,0.0008999991416931152,-0.023558486159890892,-0.11716339343285652,0.0,-0.016615695729851724,-0.02309201915282756,-0.05687766727060081,-0.019326488687656823,-0.015414666892029347,-0.006578617576181181,-0.1473275108635425,-0.002664098189852666,-0.0035820924001745877
18,8,8,44,-4.016396158635616,True,False,True,-4.0,0.07639450360911498,0.24102602664296266,0.001399998813867569,-0.02077942027593963,-0.06589011236887017,0.0,-0.001999668972566724,-0.025027482206933193,-0.046613687612116345,-0.022571402024477723,-0.015058151078410449,-0.010783270450733655,-0.1218914095312357,-0.000963275063841138,-0.0036386911163572224
18,31,8,58,-4.000061138570309,True,False,True,-4.0,0.03759869652738418,0.39117268516383774,0.00019999988377094268,-0.018995069887023416,-0.017293306572391885,0.0,-0.02566398169845343,-0.06562718600966036,-0.050162758268415944,-0.04374661691486835,-0.018889091340824962,-0.03188457951823509,-0.1473166054487228,-0.0031221450865268714,-0.006331226841721218
18,39,8,46,-4.075894949436187,True,False,True,-4.0,0.013248362418344184,0.256575157877122,0.0002999999187886715,-0.02177285256213509,-0.07389513383677696,0.0,0.0,-0.03795577604789287,-0.047067070938646795,-0.018334130584262316,-0.012283707954920826,-0.008942853927646866,-0.12200231999158859,-0.0007644361990969629,-0.0030001029663253576
18,60,8,44,-4.056445742547512,True,False,True,-4.0,0.06046509645995684,0.23924096980510035,0.010299990139901639,-0.023420895249582827,-0.0885146258180612,0.0,-0.004976096292957664,-0.036884096674621114,-0.04299789497628807,-0.01785363897681236,-0.012907081956509501,-0.012465981894241765,-0.12145733520388603,-0.000981589503135183,-0.0039922539901454
18,0,8,43,-4.197405993193388,True,False,True,-4.0,0.008888646750959633,0.1996064488648259,0.002499997615814209,-0.01163558084052056,-0.17336621483826775,0.0,-0.029585275277495382,-0.012188613563776016,-0.03917250290513039,-0.01676373028196394,-0.01025367355556227,-0.007333625290193595,-0.1041712436825037,-0.0020261544085224156,-0.001904559149261332
18,25,8,43,-3.708326371908188,True,False,True,-4.0,0.29429192689605993,0.3898853216157294,0.0008999991789460182,-0.01908634148654528,-0.04095325758913532,0.0,-0.020257347896695137,-0.06027039052918553,-0.04101615576073527,-0.04469015309819952,-0.010706441997899671,-0.03435372012201697,-0.11497231364250181,-0.0019308898275630783,-0.005166725763701833
19,14,8,39,-5.536881717443466,True,False,True,-4.0,0.06800469106709899,0.16928572606625825,0.0,-0.017929292621556667,-0.02587621361628408,-1.4723882615566255,-0.0024912061914801596,-0.03748825711198152,-0.041899559833109376,-0.03463864333927632,-0.013928128648549318,-0.016371585899032655,-0.10582213923335076,-0.0012706399134185633,-0.004068020436243386
19,43,8,46,-4.1886511370539665,True,False,True,-4.0,0.15172131166109465,0.10016125702450009,0.004399995729327202,-0.024725202736444764,-0.1569182326376904,0.0,-0.012486267276108265,-0.029755152994766835,-0.04279913995414971,-0.02448334188666194,-0.01268385922536254,-0.0022306351013941144,-0.13418943002820014,-0.0009709189334535039,-0.0036911727726692332
19,7,9,41,-4.018263303786516,True,False,True,-4.0,0.002767997888981776,0.3107731553272481,0.005099995266646147,-0.015242109084501866,-0.10679242753118162,0.0,-0.018827840089797973,-0.015064869001507757,-0.043322237432003016,-0.009509835962671787,-0.010328744286671281,-0.0016025434881942148,-0.11307778730988503,-0.0010447851932258348,-0.002091099963290617
19,19,8,43,-4.161607210338116,True,False,True,-4.0,0.0227684460211212,0.2182960144702766,0.005499994736164809,-0.011819284438097384,-0.1692519413925038,0.0,-0.021320043494924903,-0.009087566053494815,-0.042763338759541504,-0.009892823705449702,-0.008065772149711846,-0.008133962186848294,-0.12509846732020374,-0.0013568087236490102,-0.001381467005558079
19,23,8,43,-3.807296287119389,True,False,True,-4.0,0.31242566372609865,0.2893522761883828,0.00039999961853027344,-0.021912606620462616,-0.09563907685624146,0.0,-0.02556530389934778,-0.04375146270729601,-0.04658695414662362,-0.029144012951292094,-0.009418223790999035,-0.0053189718999055915,-0.12749951437115667,-0.0013018692706828008,-0.0033362105203559624
19,28,8,55,-4.287739214301109,True,False,True,-4.0,0.0625043134269522,0.05615339022630452,0.0030999972485005853,-0.017940317062893882,-0.06905146111079374,0.0,-0.02369430527091027,-0.04608299860730767,-0.05014543768018485,-0.02706006435444578,-0.01230027228826657,-0.004468795884304199,-0.15270566016435627,-0.0019510071407421493,-0.004096554901916534
19,38,8,53,-4.15841139882803,True,False,True,-4.0,0.0635876321978867,0.1699473650167648,0.006299997549504042,-0.02380500222323462,-0.09231641900769318,0.0,0.0,-0.03390194274485111,-0.057139481753110885,-0.023242680495604878,-0.014814391579711811,-0.012218828756681434,-0.13607377424836156,-0.0007392333312600386,-0.003994845186243765
19,17,8,47,-5.299281111657619,True,False,True,-4.0,0.1553679026716429,0.4286721281264908,0.0,-0.011383050065487623,-0.16663989802163995,-1.4540017968416217,-0.02280654188245535,-0.022035784171894193,-0.04824073355644941,-0.011356024160049853,-0.012754015894606712,-0.008788721789610748,-0.12146167680621149,-0.001104033706069459,-0.002748904780310113
19,58,7,49,-3.979472836256027,True,False,True,-4.0,0.05172258632401282,0.45983554494741147,0.004499995745718479,-0.02267952227382921,-0.19585415439651116,0.0,-0.02305759605020285,-0.02441099965944886,-0.04469427220523357,-0.018478964557871225,-0.014396257894113657,-0.011877438293722661,-0.13498195707798005,-0.0019397920569463164,-0.003159871833631769
19,13,8,42,-4.212633964568377,True,False,True,-4.0,0.004707286352325681,0.15656799951880146,0.0007999995350837707,-0.010143260228214785,-0.15304452031763505,0.0,0.0,-0.01011826790869236,-0.04507744334638119,-0.016970668598078192,-0.01438124567270279,-0.004445347976429729,-0.11724568784236909,-0.0007009688123071101,-0.0025816721163573675
19,41,8,51,-4.155199630856514,True,False,True,-4.0,0.02954117442059351,0.1940576905744041,0.006099995337426663,-0.017826291043311356,-0.07539006798600895,0.0,-0.0003459417819976807,-0.04209769848268478,-0.053680582065135256,-0.020549728060141208,-0.013344934270717201,-0.009032783192851642,-0.14681051217019556,-0.0014466513111256062,-0.004373319812002592
19,6,8,57,-3.6861987701058383,True,False,True,-4.0,0.46825256769545387,0.3685526484487619,0.002699997555464506,-0.01803472581668757,-0.21138669511652555,0.0,-0.018005698807537555,-0.013825130546465513,-0.04869601823389533,-0.022991904378868645,-0.011264510494656864,-0.005182858831731211,-0.1731152358651161,-0.0013566176315362103,-0.0018447829170327172
19,21,9,47,-4.338965090215207,True,False,True,-4.0,0.041251956340856856,0.1317699356367401,0.0025999975949525835,-0.025032693109242245,-0.2101085644913246,0.0,-0.0007105731964111328,-0.03818252532742918,-0.05773907557129861,-0.016310236407443883,-0.017448418824933466,-0.0033244267477994085,-0.13658456563949586,-0.004507402021408782,-0.004638708415150177
19,47,8,45,-3.7877619570493697,True,False,True,-4.0,0.2917297359884834,0.3113223810176195,0.006399993728846312,-0.017649373784661294,-0.14897473985642137,0.0,-0.01914067357778549,-0.01825158727355302,-0.04495066892355682,-0.011861920561641455,-0.011530249807983636,-0.0021287815101096543,-0.11769949048757554,-0.0025308708319789724,-0.0024958070264256096
19,61,8,53,-4.076525679826736,True,False,True,-4.0,0.12957381168518625,0.3430336450087754,0.0014999988488852978,-0.024597122996347025,-0.24195001413318099,0.0,0.0,-0.03184554373146967,-0.060135240033268936,-0.020527328148018574,-0.017338857472641387,-0.004403623889501205,-0.14420940488576886,-0.0008617231067910326,-0.004764323401032015
19,46,8,63,-5.555033912956715,True,False,True,-4.0,0.5415411004028283,0.4164177789376853,0.0,-0.0223448824690422,-0.2219915283240698,-1.9191132831573485,-0.0007761993817985058,-0.04019871477037668,-0.07634623389691113,-0.025645995312370353,-0.021678047473542385,-0.004155846667370397,-0.17468531273305418,-0.0011547544268250935,-0.004902116189696244
19,36,8,44,-3.902777900993824,True,False,True,-4.0,0.003347935655622274,0.454872017773596,0.004299996756017208,-0.020184446317143737,-0.04923989199802235,0.0,-0.007227750290185213,-0.04030446131480858,-0.048782003521919255,-0.040667058406397706,-0.013931672866456208,-0.016462618112627753,-0.12345256969332694,-0.0009161783912713874,-0.004129178173607215
19,53,8,39,-5.152365591824054,True,False,True,-4.0,0.0396003777295664,0.37685245978529563,0.0,-0.014485358642414212,-0.21509159359440674,-1.1219220864772796,-0.01764080621302128,-0.018931234152987596,-0.03668452460318804,-0.012634604545310141,-0.0066816741798538725,-0.011467553935631258,-0.11034561939537524,-0.0012819723118445833,-0.0016510230128187688
19,11,8,46,-4.077049562186002,True,False,True,-4.0,0.01008948907071499,0.31735737226321364,0.004099996220320464,-0.019545761075569316,-0.11798828397673788,0.0,-0.011415707357227802,-0.033113789187045765,-0.04394445538520814,-0.017162926490418607,-0.009584612939506769,-0.002968868957125891,-0.142018591016531,-0.007940474950009959,-0.0029130409460049124
19,20,8,45,-4.349867691099644,True,False,True,-4.0,0.00538921843035496,0.1662442910167704,0.00399999637156725,-0.018560858643031683,-0.24536370551199066,0.0,0.0,-0.01724477164447307,-0.057303011417388916,-0.033646468995139005,-0.017548489705659448,-0.008514032963431646,-0.12299850970506668,-0.0007499648892553521,-0.0035713194517302334
19,4,8,42,-4.070743699669838,True,False,True,-4.0,0.38006893553072574,0.021345322057168215,0.0009999990276992321,-0.011686140510137196,-0.23510259998583938,0.0,-0.017739919126033784,-0.011367148552089928,-0.03748538296669723,-0.018819847399136048,-0.008316710751969368,-0.016985709323489574,-0.11308666549623013,-0.0008070576270984021,-0.0017604534409474582
19,63,8,53,-5.315306926369667,True,False,True,-4.0,0.3041311793472007,0.42463773244637765,0.0,-0.01976386168273166,-0.22440887404047316,-1.5157662320137026,-0.023922752100043,-0.018383686337620022,-0.04473024085164071,-0.02047899600118399,-0.013089439393952488,-0.011415973665525601,-0.14815552219748493,-0.0014060678298847054,-0.0025543903358629903
19,59,9,57,-3.9285900008678434,True,False,True,-4.0,0.5043335072816809,0.17508039020535612,0.0,-0.03159869508817792,-0.14781803355959708,0.0,-0.012913367000874133,-0.057111250264570125,-0.0746792535111308,-0.07197704230435194,-0.017544548111036413,-0.015620833756529466,-0.16941535785794254,-0.004431550539520688,-0.004894091027526884
19,3,9,52,-5.169876066148281,True,False,True,-4.0,0.3352330393585863,0.43917319053591664,0.0,-0.01473432471510023,-0.170798745846987,-1.4768436169624328,-0.03207684822380543,-0.01668714288622141,-0.04866246834397318,-0.016399736860767008,-0.01273966525681317,-0.004051905953314758,-0.14780611798167234,-0.0010844642618030777,-0.002397015224560164
19,51,8,62,-4.167319892048837,True,False,True,-4.0,0.004650536550168906,0.3874390764528783,0.002399998437613249,-0.012125266316288616,-0.23814993459236578,0.0,0.0,-0.016632565045729276,-0.07029643297195436,-0.019743465394712983,-0.01945132386405021,-0.004900915436023752,-0.17598146736621853,-0.0011298778920900078,-0.0033981556812068443
19,18,8,58,-3.9748404633998873,True,False,True,-4.0,0.34086252312336013,0.3102812159998781,0.0017999996989965438,-0.044785525677725674,-0.1761875498492736,0.0,-0.005051350211724639,-0.05323336590081452,-0.08522548582404853,-0.06176263375440612,-0.022712512910366068,-0.013414294304238865,-0.1575403270125389,-0.0007784153746615632,-0.007092554765986278
19,27,8,40,-4.052775721251965,True,False,True,-4.0,0.32224587403470656,0.027804550979238063,0.0007999996095895768,-0.009091028330731204,-0.17931498990335965,0.0,0.0,-0.012696524793282147,-0.04550407487899066,-0.023946661707013848,-0.013171322918497028,-0.005539593771732142,-0.11091144859790805,-0.0007279299493529835,-0.0027223077270900832
19,16,9,44,-4.058617840707302,True,False,True,-4.0,0.035400394914686314,0.4225485521107475,0.0008999994397163391,-0.019054046547971666,-0.2308863822917101,0.0,0.0,-0.02353587921708822,-0.05332467257976532,-0.026431061243638393,-0.020080774631351227,-0.007602196613588604,-0.1310665778815746,-0.0007119928298925515,-0.004773261787486263
19,30,9,44,-5.3489925357699395,True,False,True,-4.0,0.1177517902654302,0.31758599559192013,0.0,-0.01733645800151862,-0.05906371723678604,-1.4663652682304382,-0.00590908270325599,-0.03728817866183818,-0.039823109731078145,-0.0190128475939855,-0.014750889800488947,-0.009405521784992743,-0.11012140110135078,-0.0009308734379737867,-0.004322947048058267
19,62,8,53,-4.066273747384548,True,False,True,-4.0,0.38388090835884203,0.16478383276843037,0.0008999992720782758,-0.014962902734987437,-0.27260298363733454,0.0,0.0,-0.03352695695124567,-0.06784041650593281,-0.04608421606477351,-0.023003887543454775,-0.0079536751490906,-0.1442295804619789,-0.000990217150974786,-0.004643589443003293
19,56,8,41,-3.77349634706974,True,False,True,-4.0,0.2836135007813573,0.4208929536102074,0.0039999961107969285,-0.010763122050557284,-0.23192651366451172,0.0,-0.01653791762888432,-0.015533910803496835,-0.03734894532710313,-0.018614929271861903,-0.007604313527699559,-0.018816437062123444,-0.12239775404334072,-0.0007659130503452616,-0.001693156791443471
20,50,9,46,-4.1375531250238415,True,False,True,-4.0,0.0003214841068214015,0.23599892178643028,0.004199996609240771,-0.02600254684919492,-0.06089615843593492,0.0,-0.004273109948262572,-0.04901565816253425,-0.04899031445384026,-0.02432584503199906,-0.013469920249190184,-0.011900520653180138,-0.13360384985804555,-0.0012415152028552258,-0.004353998495498671
20,52,9,46,-4.174264688491822,True,False,True,-4.0,0.16875606631856502,0.08824236750018985,0.00199999812990427,-0.02255549329682253,-0.0803515858782339,0.0,-0.01062861909158528,-0.046457127183675756,-0.055055441372096545,-0.047923685503192245,-0.012989500951953233,-0.01749614683751588,-0.13375500820577146,-0.0012166613421868535,-0.00483385339161032
20,37,9,49,-6.123403914272785,True,False,True,-4.0,0.40987831309437733,0.4928889509174349,0.0,-0.009373780575115235,-0.3187179834432754,-2.34167618393898,-0.005103074451908469,-0.052791708139702694,-0.07112838614732025,-0.058666811599396164,-0.020617055464535947,-0.003483411781166409,-0.13446872554719452,-0.0034460242882778406,-0.006698251581401561
20,48,9,46,-5.946627403795719,True,False,True,-4.0,0.12474022319234432,0.27516969684461257,0.0,-0.02887721591396257,-0.029088048894700475,-1.9469645500183101,-0.031118288189172748,-0.05115757219493388,-0.050288920067250734,-0.030719199735904115,-0.013285545499529693,-0.016343385791260514,-0.14179684221744535,-0.0016984600157593374,-0.005199420367134736
20,10,6,58,-4.0799404731392865,True,False,True,-4.0,0.12708453343008352,0.29475321247624064,0.0007999995350837707,-0.013996013243449854,-0.1894296221518016,0.0,-0.015641239322721958,-0.017864776654168964,-0.0611111005023122,-0.014945449952501806,-0.011888924969825895,-0.010784624640691617,-0.16384804919362075,-0.0009422476354666285,-0.002126035240216879
20,12,9,45,-3.763076113164425,True,False,True,-4.0,0.4717235542915296,0.1729965522079046,0.0021999979950487617,-0.025321116715203974,-0.12620617935670453,0.0,-0.02579078424721957,-0.0382901756837964,-0.036114712841808776,-0.02399190166965127,-0.009342028349637984,-0.001644739523485441,-0.11977566540241245,-0.0009409806298208424,-0.002577844710322096
20,34,8,48,-3.926463480293751,True,False,True,-4.0,0.1093725077069985,0.44969443490207833,0.0012999994307756424,-0.01712270249525318,-0.21225453804858266,0.0,-0.011863835975527764,-0.016760573764331637,-0.05019722875207663,-0.03292317057726904,-0.009590349937789141,-0.005092679038128834,-0.12840527355670925,-0.0008247200328332839,-0.0017953461350407457
20,40,8,51,-3.99541199028492,True,False,True,-4.0,0.16848508322277006,0.25003538300700884,0.001299999952316284,-0.019372085868380965,-0.04493598099128576,0.0,-0.02344060727395117,-0.05494073789566753,-0.05234118655323982,-0.039678354933857914,-0.015702755152015014,-0.02200583629760786,-0.13602747932076453,-0.0013735359856218564,-0.005413820027606562
20,49,8,61,-3.9210914586484438,True,False,True,-4.0,0.1769180927411662,0.492918272954222,0.0007999993488192558,-0.025314932940527796,-0.19267450991494114,0.0,-0.02462059512734413,-0.05590352793224155,-0.054337821491062664,-0.03969665753887965,-0.014629621462663644,-0.002638144603340606,-0.17678179040551184,-0.0015714160699280904,-0.003558789095841349
20,1,9,41,-4.146608396098017,True,False,True,-4.0,0.008441246787186048,0.2507308914770472,0.0024999975971877575,-0.016742711616680027,-0.1663266918095178,0.0,-0.021791821494698525,-0.01946038498543203,-0.04041734978556631,-0.010431149653159081,-0.007932502832263707,-0.008581056146067568,-0.11106680825352672,-0.0037317362101748587,-0.0017984770867042245
20,9,8,42,-5.455568132400513,True,False,True,-4.0,0.05824583080596198,0.30971049852979105,0.0,-0.018064503103960305,-0.09403275522752663,-1.4676012384891506,-0.02432369876652956,-0.03200247006257996,-0.0417888422496617,-0.016863846532069147,-0.00972700597951189,-0.0023273831177652925,-0.11256906144320968,-0.0014181296298920645,-0.002805599448038265
20,42,9,47,-4.374346017837524,True,False,True,-4.0,0.000591230174337468,0.17992576423244133,0.0018999981507658958,-0.014619488311582246,-0.28216645456181144,0.0,0.0,-0.01037830996327102,-0.06328673362731935,-0.03279704803600907,-0.017667929106391967,-0.012081803924802443,-0.11701902076601982,-0.0030378017885959716,-0.0037085981731070205
20,8,9,37,-3.9966003070771694,True,False,True,-4.0,0.0038966590230666044,0.2674950218177128,0.0007999995350837707,-0.016879784078337255,-0.03988829311070731,0.0,0.0,-0.021370252794586125,-0.03077837601304053,-0.03257141898851842,-0.00991703605744988,-0.015732378964312375,-0.09804104775190356,-0.0012996802059933544,-0.002313708893489093
20,32,7,52,-4.006224494874477,True,False,True,-4.0,0.10417639425453673,0.40259407646007045,0.00769999485462904,-0.013701892999233677,-0.22184805690569195,0.0,-0.018141453228890894,-0.024255346399731936,-0.045718114897608755,-0.016756653126794842,-0.008751012639841063,-0.012152961764263639,-0.15648905798792842,-0.00100024639905314,-0.0018802047322969888
20,57,9,42,-4.159358595013618,True,False,True,-4.0,0.05410844485216897,0.12197727941234124,0.0,-0.023362009625416246,-0.05743399558155944,0.0,-0.005699628181755543,-0.03752625683788209,-0.040738687254488454,-0.021620795181952417,-0.013558765673078595,-0.00721981950912678,-0.12294181488454341,-0.0008044886816060172,-0.0045380180684151126
20,5,8,51,-4.007652770876884,True,False,True,-4.0,0.04736529046281949,0.3121890078688424,0.009199992194771769,-0.024069540572818363,-0.07296505596357745,0.0,-0.0010333012696355582,-0.04393639805726706,-0.05314739216119051,-0.015288999096956106,-0.013109979159198702,-0.009103454256641044,-0.1348493640124798,-0.005288729270250769,-0.003615035073307808
20,55,9,67,-5.423924198895693,True,False,True,-4.0,0.5928274520271866,0.3882107659851944,0.0,-0.025323658795095984,-0.13414970947487745,-1.8823576098680492,-0.0042598250135779375,-0.03499446637928486,-0.0727127195522189,-0.026808821968734263,-0.021090265503153204,-0.006178091319088709,-0.1902352241426706,-0.0013769568623683878,-0.005474877548404039
20,45,9,43,-5.694699084758758,True,False,True,-4.0,0.21550797113603037,0.2802153538642415,0.0,-0.02387441563885659,-0.10684762383403722,-1.747854902148247,0.0,-0.042099043196067214,-0.05967858389019967,-0.045334269399754705,-0.014953106467146428,-0.019628033638000485,-0.12444088041782378,-0.0009565562487841818,-0.0047548693316639395
20,14,9,41,-5.158146176338196,True,False,True,-4.0,0.14080163171223833,0.2769317037371028,0.0,-0.028551643238170072,-0.09620324047875328,-1.236467660665512,0.0,-0.026551347267813982,-0.03760632559657098,-0.020045816972851748,-0.011527722561731936,-0.005031528214749414,-0.11038493052124974,-0.000795731774996966,-0.0027136597374919796
20,31,9,44,-3.72811511695385,True,False,True,-4.0,0.15548341352085113,0.5410476965034468,0.0027999973669648173,-0.02248276194091886,-0.13198508511297405,0.0,-0.019079115837812424,-0.04008337605278939,-0.046233704797923575,-0.023842630102299155,-0.015831244252622126,-0.004863051628440189,-0.11668687298893927,-0.0011517039911268512,-0.005206606343272143
20,26,9,58,-4.236071412265301,True,False,True,-4.0,0.09517040474170434,0.2408972978709783,0.0011999989114701748,-0.012565018919995055,-0.2285308646693739,0.0,-0.019353844970464707,-0.01825729013886303,-0.06010785661637783,-0.02573534328490496,-0.015941805625334385,-0.011914883236948838,-0.1745123307406902,-0.003751255034439961,-0.0026686824145144795
20,38,9,41,-4.053802514076233,True,False,True,-4.0,0.0002110173071002563,0.3117575861351279,0.0008999993465840816,-0.016448712231358516,-0.15182278922628029,0.0,0.0,-0.007629762601573021,-0.04075150556862354,-0.01269623526837677,-0.010993848950602111,-0.0019603740475494648,-0.12129543393850326,-0.0008468329672177787,-0.0022254014282953
20,39,9,47,-3.660065769851208,True,False,True,-4.0,0.38119743797928085,0.43333081247663363,0.0004999995976686477,-0.01783832890563644,-0.2064463246811647,0.0,-0.014947142377495767,-0.02565666070207954,-0.04316308915615082,-0.02193713514134287,-0.008826329715084283,-0.006090814061044512,-0.12540242731571197,-0.0031719108458491967,-0.001614044605375966
20,60,9,48,-4.253597073107958,True,False,True,-4.0,0.021559717114538333,0.23270873437620113,0.007999992221593857,-0.017698306324891742,-0.21517292051211595,0.0,-0.023085514379199593,-0.032381520122289655,-0.043639235794544214,-0.027732166671194138,-0.012966526998206974,-0.009434383362504378,-0.12970339640974998,-0.0010890024676336908,-0.0029624206438893454
20,7,10,44,-4.019199690222741,True,False,True,-4.0,0.16957226483587878,0.1235980770395816,0.0017999988049268723,-0.02510692798066884,-0.03236868630861864,0.0,-0.010785939916968346,-0.04144387842155992,-0.03873400364071131,-0.0272721482720226,-0.011774901323951783,-0.012396003591129556,-0.10924866810441014,-0.001235710735054454,-0.003803311942901928
20,17,9,42,-3.75290875762701,True,False,True,-4.0,0.39466180190444,0.27662241515043207,0.0010999996215105058,-0.013320565406465904,-0.18518686852112298,0.0,-0.02765199080109596,-0.015371959204785526,-0.03647182293236254,-0.012397666034521537,-0.008786344601539894,-0.008878661048843241,-0.11477584943175313,-0.0008427213525283151,-0.0016083124076249075
20,24,8,55,-4.0510340438783174,True,False,True,-4.0,0.1202625605385265,0.36408370950113544,0.0005999998934566976,-0.016921248496510083,-0.23791888994543114,0.0,0.0,-0.013632185515016314,-0.06443390816450119,-0.02018150067422539,-0.016719090593978764,-0.0049231013064161295,-0.15711365357041357,-0.0013880104511918036,-0.002748767823068193
20,13,9,42,-4.053079413175583,True,False,True,-4.0,0.058672453988183396,0.3511269530507381,0.0,-0.00855023070704192,-0.23098874832721777,0.0,0.0,-0.012324815075844524,-0.05344374539330602,-0.016352149737067518,-0.014694211650639775,-0.011753208358668419,-0.11107453249394897,-0.0006932424080878265,-0.003004046348505654
20,58,8,43,-3.93903348594904,True,False,True,-4.0,0.02610525813360539,0.3583472288782595,0.004799995645880699,-0.014966911787632858,-0.05023180204591881,0.0,-0.019166413992643357,-0.03198103764094413,-0.04181126922369004,-0.02119179220870137,-0.012647498922888188,-0.007000645215666738,-0.12428886681795122,-0.0012972323307621988,-0.003702788537484594
20,61,9,38,-5.209850868582725,True,False,True,-4.0,0.02536203746026046,0.31439860025677274,0.0,-0.012949977142270655,-0.1516632796833051,-1.1705773651599887,-0.022167815640568737,-0.025770328873768452,-0.03434848632663488,-0.010566511387005447,-0.006692453011055478,-0.0062359765129622255,-0.10486386016011237,-0.0019415977550670508,-0.0018336852558422834
