update,env_id,episode_index,episode_length,episode_return,primary_fall,timeout,terminated,reward_termination_penalty,reward_track_lin_vel_xy_exp,reward_track_ang_vel_z_exp,reward_feet_air_time,reward_feet_slide,reward_flat_orientation_l2,reward_stand_still,reward_dof_pos_limits,reward_joint_deviation_hip,reward_joint_deviation_arms,reward_joint_deviation_torso,reward_joint_deviation_knee,reward_lin_vel_z_l2,reward_action_rate_l2,reward_dof_acc_l2,reward_dof_torques_l2
2,21,0,26,-7.286772867441178,True,False,True,-4.0,0.21213196162134407,0.0742835335638859,0.0,-0.029605003760661934,-0.18011160599369758,-1.6720384907722476,-0.001574711799621582,-0.024382802750915287,-0.08019312582910063,-0.02442339574918151,-0.009785423008725046,-0.0034390710620209575,-1.5315668821334838,-0.007887650571065023,-0.008180243591777981
2,32,0,32,-6.0612059855461125,True,False,True,-4.0,0.008433037572504354,0.09760722676959821,0.01379998678341508,-0.053447255026549116,-0.16194162739382595,0.0,-0.016132748369127512,-0.03125006046146155,-0.08311758205294609,-0.03300150885246695,-0.007322678593918682,-0.013423114517336219,-1.7544246912002566,-0.02034450824605301,-0.006640629989560694
2,55,0,32,-7.624276876449585,True,False,True,-4.0,0.07033944534751642,0.10779543442206829,0.0,-0.04235303223598749,-0.08956090881838463,-1.8203188014030458,-0.01667811248451471,-0.03896937035024166,-0.07490181744098663,-0.03235540920868516,-0.010607103379443285,-0.010789204761385918,-1.63069411277771,-0.026800275256391618,-0.008383602704852819
2,24,0,33,-6.248834986686706,True,False,True,-4.0,0.006048856841578502,0.07453759156610132,0.007799993604421615,-0.06097359785810112,-0.156000572310586,0.0,-0.015470838434994224,-0.05301165802404284,-0.09815709985792637,-0.0379927003197372,-0.011256070975214244,-0.010153986495943743,-1.8730310440063476,-0.013429614324122666,-0.007744146713521329
2,57,0,33,-5.782859318256379,True,False,True,-4.0,0.3279627344757318,0.125612851650944,0.004799996763467789,-0.04892300750128926,-0.1478515787251672,0.0,-0.001636887788772583,-0.030107398461550472,-0.08380652472376823,-0.028659594878554344,-0.009340445464476944,-0.007703671187200171,-1.8607817029953004,-0.01384684442775324,-0.008577382022049275
2,22,0,34,-6.007299699783325,True,False,True,-4.0,0.001872686396759278,0.019614468860331837,0.011599989440292119,-0.04543975254520775,-0.04020821378271649,0.0,-0.00956163956783712,-0.03603060175664723,-0.07635381907224655,-0.039238099958747615,-0.006859096186235546,-0.021618938373794663,-1.7477676606178285,-0.011563847027719022,-0.005744925885228439
2,29,0,34,-8.360638600587846,True,False,True,-4.0,0.0800551382095109,0.06139013878874594,0.0,-0.06338927114382387,-0.03675253049295862,-2.1895494842529297,-0.018075975961983203,-0.030629379432648422,-0.10387983255088329,-0.04078129321336744,-0.00792068235576153,-0.02590399946566322,-1.9622841453552244,-0.015082831219770014,-0.007834202528465539
2,31,0,34,-5.844248484373093,True,False,True,-4.0,0.37374536782503126,0.09076295452176057,0.003799997474998236,-0.06589378183707595,-0.15606121635551973,0.0,-0.02407480277121067,-0.025464791990816592,-0.0931102380156517,-0.030442249421030285,-0.012389563973993068,-0.008737161867005624,-1.8655775356292723,-0.022982705263420947,-0.00782253781100735
2,46,0,34,-6.254919168949128,True,False,True,-4.0,0.023982801565653068,0.13118624953633484,0.005299997758120298,-0.05253811847418547,-0.33133801723946815,0.0,-0.006471737902611493,-0.031002831570804114,-0.09422900754958392,-0.038990997727960344,-0.009774476559832693,-0.016306872796294555,-1.816678020954132,-0.010686651691794396,-0.00737102068029344
2,48,0,34,-6.172093422412872,True,False,True,-4.0,0.1132102560461499,0.09553663894939232,0.003899997714906931,-0.04984322432428598,-0.17615919999137988,0.0,-0.01269860079512,-0.04121717602014542,-0.08982506096363069,-0.03637852218002081,-0.011306327590718868,-0.00721217779277609,-1.9282631063461304,-0.02343098760116845,-0.008406237512826919
2,49,0,34,-8.023843626976014,True,False,True,-4.0,0.07999938180684696,0.034288093535230074,0.0,-0.05914395449683071,-0.028405236188555137,-1.8613653445243834,-0.0029050489142537117,-0.04473941594362259,-0.08615468308329581,-0.04029150692746043,-0.008142458591610193,-0.04114700897805961,-1.9455522155761718,-0.011274832549970599,-0.009009356009773909
2,61,0,34,-6.240198848247529,True,False,True,-4.0,0.06707215849704959,0.038456812358415485,0.011499993875622751,-0.06321573069202714,-0.04578090543700455,0.0,-0.010013237129896881,-0.056441798768937596,-0.07850833013653755,-0.0429317189194262,-0.009433444628957658,-0.03790762707482941,-1.9902384734153746,-0.013041596030816435,-0.009714952111244202
2,6,0,35,-6.399499807357788,True,False,True,-4.0,0.07317254619672896,0.08574876408998472,0.023999980445951224,-0.05258168598636985,-0.21179834877722897,0.0,-0.014255778416991235,-0.03283456267789006,-0.09320753380656242,-0.035312133124098186,-0.012206811606884005,-0.00595337339102116,-2.100091733932495,-0.013691327823325994,-0.010487907617352903
2,26,0,35,-8.275032370090486,True,False,True,-4.0,0.06338900292120238,0.1114387268975924,9.999999776482583e-05,-0.0584848914295435,-0.1496456799854059,-1.940734758377075,-0.011459191367030145,-0.03274788774549961,-0.10357913658022881,-0.026181114595383408,-0.009092113510705532,-0.009613857123040363,-2.0796452558040626,-0.0187601320631802,-0.010015604498330503
2,3,0,36,-6.5422248673439025,True,False,True,-4.0,0.0603624259021526,0.05749870019559349,0.005799994729459286,-0.05935059137642383,-0.11910389075113928,0.0,-0.0051259326748549945,-0.043427650779485696,-0.09781546704471111,-0.0511197498999536,-0.011182878602994606,-0.02731482230359689,-2.2253162360191343,-0.015442659738473592,-0.010686312078032644
2,45,0,36,-8.335090374946594,True,False,True,-4.0,0.09504378034915138,0.07962074376423302,0.0,-0.061907342597842224,-0.09331120055867359,-1.880492284297943,-0.00917190123349428,-0.030366607140749697,-0.0869916857779026,-0.027416014559566975,-0.009420729454141113,-0.006391415137083709,-2.2789126753807065,-0.017243240904062988,-0.008130143284797671
2,52,0,36,-6.327969059944154,True,False,True,-4.0,0.02679383890656936,0.13778785020249873,0.007699994947761297,-0.046955475209979336,-0.11119120256742461,0.0,-0.02324896164238453,-0.02970894236117602,-0.09111426956951617,-0.024106571031734345,-0.00779616616666317,-0.004018674300295969,-2.1357158041000366,-0.014959860742092133,-0.011434800117276607
2,59,0,36,-6.459826620817184,True,False,True,-4.0,0.03990483629464934,0.1729263516675097,0.007199993710964918,-0.07278062732890249,-0.18159230281453348,0.0,-0.002605396506842226,-0.05336237156763673,-0.11602145522832868,-0.03857606844976544,-0.011217741603031755,-0.009107241859746863,-2.159056150913239,-0.02538279238622636,-0.010155692633707079
2,63,0,36,-6.4299828147888185,True,False,True,-4.0,0.00370201022545212,0.12000576879810351,0.0037999971583485607,-0.06260302590206267,-0.1551144414418377,0.0,-0.020801757425069813,-0.05074088968336583,-0.10572825364768502,-0.05809383474290371,-0.013076380663551393,-0.02558129699784331,-2.0359492921829223,-0.02012920843437314,-0.009672193387523292
2,9,0,37,-6.35807310461998,True,False,True,-4.0,0.00017421782164547041,0.124683127520041,0.006899993475526571,-0.04023000882007183,-0.22383313118247314,0.0,-0.001288520358502865,-0.029671582169830797,-0.09882318899035454,-0.03555179191753269,-0.010315428068861364,-0.006789881586808521,-2.0133976101875306,-0.017785488683730356,-0.012143931172322481
2,12,0,37,-6.704199194908142,True,False,True,-4.0,0.004468261070739082,0.02896157216499446,0.007199993673712016,-0.060508988350629817,-0.09869677452530595,0.0,-0.01838762059807777,-0.02981436662375927,-0.10585678935050964,-0.02513260638341308,-0.01009398316964507,-0.003576844432100188,-2.3658146166801446,-0.015732230624416844,-0.011214175340719522
2,39,0,37,-6.548260612487791,True,False,True,-4.0,0.06148068460042956,0.13367529745789344,0.005399995371699334,-0.056469160309061406,-0.2517070623461041,0.0,-0.011803243905305861,-0.03851527683436871,-0.10071978554129601,-0.03192138607613742,-0.01028354085981846,-0.014942083834337153,-2.189793988466263,-0.03246469481731766,-0.010196543479687537
2,51,0,37,-6.357453534603119,True,False,True,-4.0,0.3254460802674294,0.04064679706781084,0.0227999821305275,-0.05032065854873508,-0.24174185566138479,0.0,-0.015962308906018734,-0.03902877457439899,-0.10174170456826688,-0.03552184447646142,-0.012240684665739538,-0.006391254064369604,-2.2194885778427125,-0.013113881358876823,-0.01079486584290862
2,53,0,37,-6.292753907442092,True,False,True,-4.0,0.047877975288642946,0.09960802643819457,0.008399993143975736,-0.04875281471759081,-0.07220322223205584,0.0,-0.015600899532437327,-0.04613071326166391,-0.09942289680242537,-0.030235378975048667,-0.009969565542414783,-0.007636391076739526,-2.0910303783416753,-0.0184840319887735,-0.009173675398342311
2,5,0,38,-6.288117291927337,True,False,True,-4.0,0.18580306046494344,0.10269118268356016,0.006299995500594377,-0.06274308335036038,-0.1442433210799936,0.0,-0.003944481518119574,-0.03422777023166418,-0.09071229800581933,-0.026958325710147623,-0.007553716818802057,-0.004025457585933055,-2.1833923149108885,-0.017796932370401922,-0.007314005575608462
2,7,0,38,-6.456857333183289,True,False,True,-4.0,0.33659393467009074,0.09238668194566496,0.0031999970600008966,-0.06656670084223151,-0.23119321389647662,0.0,-0.006825380530208349,-0.035280578527599575,-0.09732101254165172,-0.034378648425918056,-0.016422844328917566,-0.011534593251808476,-2.3604076981544493,-0.01886907645268366,-0.010238037148956209
2,15,0,38,-6.446150810718537,True,False,True,-4.0,0.015816025804706438,0.1317106714433179,0.01129998991265893,-0.05045886436477304,-0.04362509259139188,0.0,-0.0025092655047774318,-0.04485166601836681,-0.11424851976335049,-0.0338770903274417,-0.010287429497111587,-0.017510955491452478,-2.2611414980888367,-0.015586640664841986,-0.010880612446926532
2,23,0,38,-8.758601858615878,True,False,True,-4.0,0.07945986395974391,0.20212731808246695,0.0,-0.05416590463370085,-0.2008275532838161,-2.2798166680336,-0.009760200269520283,-0.045462011806666876,-0.10883331172168259,-0.03432321390137077,-0.013146676057949664,-0.008939357101735367,-2.248049772977829,-0.026975040556862947,-0.009889342267997562
2,28,0,38,-6.493752384185791,True,False,True,-4.0,0.16569047418377753,0.04156738505679489,0.005599995609372855,-0.07800360176712273,-0.08065180092351512,0.0,-0.03135519104020205,-0.05931091882288455,-0.1184645641595125,-0.05557512868195771,-0.015335395736619831,-0.023796390620991585,-2.1941804122924804,-0.038914465489797295,-0.01102207005489618
2,33,0,38,-6.381936705112457,True,False,True,-4.0,0.08300942638656124,0.16979888552138378,0.0059999947622418415,-0.05198359016096221,-0.14613061449257658,0.0,-0.02206510013667867,-0.03784065142273903,-0.10263933792710306,-0.028451129235327242,-0.010371686258586124,-0.00762639753093481,-2.2061137557029724,-0.018871792149730032,-0.008651132243685425
2,42,0,38,-6.6910718107223515,True,False,True,-4.0,0.006171045009200545,0.09100996818409803,0.003799996729940176,-0.05568924080580473,-0.1703959116013721,0.0,-0.030659895818680515,-0.04916672233492136,-0.11201485402882104,-0.049187558777630334,-0.017737434217706325,-0.0188555796862056,-2.261091535091401,-0.016089766174554824,-0.011164282839745285
2,50,0,38,-6.339554073810578,True,False,True,-4.0,0.04516783956717061,0.11750480723878182,0.023999981209635732,-0.045754022998735294,-0.2517998028738657,0.0,-0.01925790807232261,-0.03663482202216983,-0.09996836185455324,-0.04564713526517152,-0.0138128971029073,-0.008874889073449596,-1.979416928291321,-0.016159790153615183,-0.008900121157057584
2,11,0,39,-6.4739271450042715,True,False,True,-4.0,0.2602382186055184,0.08833399522946625,0.010599990542978048,-0.06986131478101015,-0.23030501422690577,0.0,-0.00976383287459612,-0.03837549605406821,-0.10939508989453316,-0.033030107934027914,-0.008146373997442424,-0.005011732928956009,-2.302772862911224,-0.016977587677538392,-0.009460165349300954
2,34,0,39,-6.4792840909957885,True,False,True,-4.0,0.1403204960214564,0.09182155071093817,0.0,-0.05265815972117707,-0.1888907492317958,0.0,-0.01221093740314245,-0.03460610836744309,-0.10874477952718735,-0.0464194961450994,-0.010445976546034219,-0.006023829424843825,-2.2067033886909484,-0.035479721522424366,-0.009242692096158864
2,41,0,39,-6.678830108642579,True,False,True,-4.0,0.012702285108269937,0.03806363761368425,0.018399984743446115,-0.060213002702221276,-0.028619941360084344,0.0,-0.02148345582187176,-0.05245410731062294,-0.08829709246754645,-0.04991199422627688,-0.013967971182428303,-0.029871343423146755,-2.3738840770721437,-0.018990572011098262,-0.01030270156217739
2,56,0,39,-6.594809765815736,True,False,True,-4.0,0.036036823985632516,0.047712262527572394,0.013399987742304803,-0.04591265856288373,-0.08213933033519426,0.0,-0.005206904597580432,-0.047846607565879815,-0.09725681945681569,-0.024649631921201946,-0.008190451967529953,-0.01219035821233092,-2.3371588516235353,-0.01928271496202797,-0.012124247965402901
2,62,0,39,-6.684985427856445,True,False,True,-4.0,0.043345255849297354,0.051618167565346214,0.00869999345391989,-0.046884979121387,-0.10058040593750776,0.0,-0.01833065010607243,-0.03989687019959093,-0.10810018762946132,-0.03658075034618378,-0.014601350356824697,-0.006547795229380427,-2.3867255878448486,-0.018309593643061818,-0.012090837876312436
2,16,0,40,-6.520886616706849,True,False,True,-4.0,0.14001152407377504,0.14274670546712107,0.010899989251047374,-0.05928328858222812,-0.11861555756884627,0.0,-0.01755489455536008,-0.06754070937633515,-0.10622236125171185,-0.058409349620342256,-0.02224366636946797,-0.031026380799958134,-2.299781401157379,-0.015955739156343046,-0.01791147005744278
2,18,0,40,-6.488306963443755,True,False,True,-4.0,0.3694047379866244,0.07474133166716126,0.00599999587982893,-0.06928179661743344,-0.2537844118350768,0.0,-0.015002871379256249,-0.052558709066361176,-0.12325635001063348,-0.05991894070059063,-0.013312909612432127,-0.008517166124495221,-2.313264682292939,-0.017065769843757145,-0.012489281417801975
2,43,0,40,-8.15544844508171,True,False,True,-4.0,0.21544236966077732,0.12789699939629515,0.0,-0.07428874745965004,-0.10675032751532854,-1.8755008697509765,-0.009680754607543349,-0.025262746373191477,-0.09109714627265932,-0.034174229088239375,-0.009955401301849635,-0.010471796334945225,-2.2384481501579283,-0.013708207309246065,-0.009449214434716852
2,17,0,41,-6.820840982198716,True,False,True,-4.0,0.08693291566927658,0.11176706923079589,0.026899978015571827,-0.037736631333827986,-0.29635703602572905,0.0,-0.004555680137127638,-0.03499943566508591,-0.11539163842797276,-0.04782234802842141,-0.012409800946479664,-0.007959344640021298,-2.459000368118286,-0.017069069910794495,-0.013139351420104502
2,30,0,41,-6.897781217098236,True,False,True,-4.0,0.007077510078670456,0.09545165196641417,0.003199997413903475,-0.06109081126749516,-0.22364140472840519,0.0,-0.0010457706451416015,-0.0476896932721138,-0.10556209161877632,-0.05457248829305173,-0.01846378714777529,-0.004845543980773075,-2.449880058765411,-0.02137660733656958,-0.015342114605009552
2,40,0,41,-6.619166932106019,True,False,True,-4.0,0.039673353238584064,0.17874413769982106,0.0030999971553683286,-0.06373723126947879,-0.09532055831281468,0.0,-0.024866236746311186,-0.037763453796505926,-0.12198499307036402,-0.036655681077390916,-0.01617849371396005,-0.019241838607122187,-2.3748340821266165,-0.04052292212843894,-0.0095792323932983
2,44,0,41,-6.532959369421006,True,False,True,-4.0,0.2322350796789397,0.13103685042173707,0.013399988338351251,-0.06624582685995847,-0.26656472755712457,0.0,-0.009948006337508558,-0.025602756980806593,-0.11017334938049318,-0.03901320502161979,-0.01017302807042142,-0.008201692605034625,-2.3505427193641664,-0.014292295686900618,-0.008873758066911252
2,35,0,43,-9.168749048709868,True,False,True,-4.0,0.259866254430708,0.08937701049747877,0.0,-0.06944997762329878,-0.1956102717666363,-2.569178981781006,-0.006075911410152912,-0.04539107408374548,-0.11846273601055146,-0.061497350502759215,-0.012589605690445753,-0.01777478073611064,-2.3830838227272033,-0.0263822527951561,-0.0124954556976445
2,47,0,43,-6.687848811149596,True,False,True,-4.0,0.2747620952967446,0.11944600621754056,0.005399995595216751,-0.07284641650971026,-0.12161968715081457,0.0,-0.02324108030181378,-0.041541243717074405,-0.12687909886240958,-0.041479394454509017,-0.016207016608677804,-0.015465850819309708,-2.587650394439698,-0.02821215856820345,-0.012314333543181417
2,25,0,44,-6.595497777462006,True,False,True,-4.0,0.15896113147236976,0.04656041311763086,0.005399995837360621,-0.0669873403571546,-0.034563632649769714,0.0,-0.014305886696092783,-0.056216849982738494,-0.12584947600960733,-0.05729792933911085,-0.013836285581346601,-0.025027349753072487,-2.383112711906433,-0.015553883723914624,-0.013667984786443415
2,1,0,45,-6.962210175991058,True,False,True,-4.0,0.01654017947298598,0.14010525343501193,0.00979999177157879,-0.05165904586203396,-0.22752330561866985,0.0,-0.01963543020188808,-0.048130337670445444,-0.11712128706276417,-0.05728434327989817,-0.013244225005619227,-0.015512228298662195,-2.549230494499206,-0.018177211997099218,-0.011137638068757953
2,8,0,45,-6.971980252265929,True,False,True,-4.0,0.025296807536105928,0.08550119514212878,0.005599995236843824,-0.06986530421301723,-0.08923684140609113,0.0,-0.017181589249521494,-0.04528759330511093,-0.1175905319303274,-0.0560516877286136,-0.011979869683273135,-0.0197693972057823,-2.63075287103653,-0.020634452267549935,-0.01002786535071209
2,19,0,45,-9.259682173728942,True,False,True,-4.0,0.13721279293062255,0.12126193505464261,9.999999776482583e-05,-0.0788866824656725,-0.13520458829540075,-2.526232950687408,-0.005758322402834893,-0.05345334477722644,-0.13364509955048562,-0.044487804882228386,-0.010260007469914853,-0.011250379153091216,-2.4833554029464713,-0.024354132022708662,-0.011368450978770851
2,37,0,45,-7.020885672569276,True,False,True,-4.0,0.031670871126048036,0.08512625991280563,0.055299955122172825,-0.054419793457491324,-0.2936340078909415,0.0,-0.017011309526860714,-0.027439841702580448,-0.12568887457251549,-0.056277252100408084,-0.01359530101530254,-0.009432102299881426,-2.5557851362228403,-0.022839496647939092,-0.016859636864392086
2,13,0,46,-6.842029722929,True,False,True,-4.0,0.136794636648275,0.1719964966609495,0.007799993716180324,-0.07163912288844586,-0.22291878323732817,0.0,-0.013856893656775351,-0.05117070071399212,-0.13507924050092696,-0.05065752072259784,-0.012338576859328895,-0.006594894495465269,-2.5702882552146913,-0.013910822882317007,-0.010165917379781604
2,14,0,47,-6.8706109142303475,True,False,True,-4.0,0.334875113174494,0.15773878803090788,0.00749999612569809,-0.06883586362004279,-0.2019553138851188,0.0,-0.020745578780770303,-0.048734910301864144,-0.13764265336096285,-0.052723092185333366,-0.0181957600521855,-0.010128086986624114,-2.7739425396919253,-0.025139089366421105,-0.0126818463136442
2,60,0,47,-9.73946946620941,True,False,True,-4.0,0.2953038731414155,0.1743743857129469,0.00019999999552965166,-0.07384658547118306,-0.10972624328598614,-2.8144009113311768,-0.005361729860305787,-0.06140419066883625,-0.12954127691686154,-0.06997030869126322,-0.014867392797023057,-0.02865610238812223,-2.849777903556823,-0.038535495102405566,-0.01325948711950332
3,2,0,49,-7.296526796817779,True,False,True,-4.0,0.11420125634898103,0.1867696383354889,0.003999996334314346,-0.09113352593965832,-0.27261531056021343,0.0,-0.025664892261847854,-0.0380387923680246,-0.15816227644681932,-0.062321650590747596,-0.015999244935810567,-0.005547482239105362,-2.8864397287368773,-0.03426295247860252,-0.011311728229047729
3,54,0,49,-7.194560885429382,True,False,True,-4.0,0.1414143485255039,0.13398016835353904,0.011299990098923445,-0.08469884788617493,-0.39562502563770974,0.0,-0.02199558086693287,-0.06252092355862258,-0.12433231040835377,-0.05733601551502943,-0.014937467230483888,-0.009834593013335962,-2.675160051584244,-0.024517195918597277,-0.010297122185584156
3,0,0,51,-6.804787746667863,True,False,True,-4.0,0.5315821613311343,0.09316255561980732,0.01679998703300953,-0.06095171073568057,-0.09033276290341746,0.0,-0.007357927132397891,-0.05504764299839735,-0.15034322082996365,-0.056362229771912103,-0.01077685973607004,-0.013657668778710105,-2.961727848052979,-0.02429791365284472,-0.015476574648637324
3,36,0,51,-7.4844995331764235,True,False,True,-4.0,0.04031203229245156,0.07209568713065408,0.0038999970071017746,-0.09109546347521245,-0.208432774093817,0.0,-0.013493929766118526,-0.04452934794127941,-0.15917263574898247,-0.07696850705891845,-0.016816100459545853,-0.015417035862492412,-2.9443906331062317,-0.018153292934875942,-0.01233728060498834
3,20,0,52,-6.710413515567779,True,False,True,-4.0,0.46478618035791447,0.1801422642899242,0.005499997753649949,-0.08154176114127039,-0.1628224268066697,0.0,-0.013362357574515045,-0.04223423138260841,-0.13505810126662254,-0.05019367329776287,-0.014328842808026822,-0.008931170478463174,-2.8174467444419866,-0.021298456080257898,-0.013624328251462434
3,58,0,52,-7.29600538134575,True,False,True,-4.0,0.18139400761976504,0.09077125544078392,0.008699994422495366,-0.044323696135543274,-0.16596747903202413,0.0,-0.0038084893859922885,-0.048602571841329344,-0.1649002705514431,-0.045212111361324796,-0.01439625695347786,-0.00787532778338573,-3.03393691778183,-0.03310705428477378,-0.014740578518249095
3,27,0,54,-7.657282372713088,True,False,True,-4.0,0.19489223197102548,0.13396349296919505,0.011199989598244432,-0.07621001859661192,-0.1287129697552882,0.0,-0.020213779015466574,-0.06635737270116808,-0.15356817662715913,-0.06459805949591102,-0.02319661521352828,-0.015640416108101362,-3.399854769706726,-0.03362049612682314,-0.015365662598051128
3,38,0,59,-11.24497168540955,True,False,True,-4.0,0.5023473983988636,0.15288200075402236,0.00019999999552965166,-0.08656940299551934,-0.16804544682265257,-3.6996611499786387,-0.030821459255967052,-0.06753981485962866,-0.16639605753123765,-0.07842524606734516,-0.019417001327965408,-0.010309303391695722,-3.5252591633796695,-0.030993099710904057,-0.01696412182878703
3,10,0,60,-7.905361483097076,True,False,True,-4.0,0.35624979431053305,0.16312769682897604,0.016799985710531477,-0.07753483513370157,-0.16433608369319705,0.0,-0.01110416647978127,-0.07701324593275787,-0.18244218140840535,-0.08762437379918989,-0.02544436404947192,-0.024988003041653432,-3.743330879211426,-0.030899309245869526,-0.016821555395144967
3,32,1,33,-5.8971933031082155,True,False,True,-4.0,0.0019176133967031604,0.11636424802303338,0.006599993817508221,-0.03974283422343433,-0.12479720663264746,0.0,-0.012734523152466867,-0.04142599798738955,-0.08905194222927092,-0.036053214911371465,-0.006999452393501996,-0.005394761782786191,-1.645563895702362,-0.011695857015438375,-0.008615305798593908
3,6,1,31,-5.692403845787048,True,False,True,-4.0,0.3074181928463804,0.09827131812839775,0.009599994197487832,-0.0524191525299102,-0.018850106634199622,0.0,-0.002245080731809139,-0.03569715403020382,-0.0796729189157486,-0.03760957822203635,-0.009035499593010171,-0.02564809404877451,-1.8232413220405574,-0.015488142911344767,-0.007786261260043832
3,3,1,33,-6.151427507400513,True,False,True,-4.0,0.0005281235689091092,0.08350676921092862,0.010299992691725492,-0.0357671307772398,-0.015133053027093417,0.0,-0.018543609883636236,-0.04339163206517697,-0.08950406081974505,-0.0384100360237062,-0.006352561782114206,-0.04027162259120018,-1.9315259766578674,-0.017089151157997553,-0.009773790780454872
3,21,1,43,-8.946583170890808,True,False,True,-4.0,0.2553178992049424,0.08128379007089735,0.0,-0.07106894385535269,-0.1650731715724396,-2.2451547920703887,-0.014429478198289871,-0.03482439681887627,-0.12140285767614839,-0.03668161056935788,-0.008713875173125416,-0.0030628821172376777,-2.541302609443665,-0.031147667120676487,-0.010322627767454835
3,45,1,34,-6.272612912654877,True,False,True,-4.0,0.0022475671743450217,0.08469466196926011,0.0037999971397221087,-0.04260076966835185,-0.19024552527524063,0.0,-0.004841173700988292,-0.04599744029343129,-0.10068212181329726,-0.03248384388163685,-0.014888863241067155,-0.004340058789231946,-1.89630669593811,-0.01912808104418218,-0.011840566853061318
3,48,1,36,-8.427749495506287,True,False,True,-4.0,0.0983050264709263,0.07606627065284222,0.0,-0.05461596373468637,-0.10272775397897929,-2.239748811721802,-0.005563767701387405,-0.0541073639318347,-0.09840379387140272,-0.05780802354216577,-0.006758210861589759,-0.030027267242585372,-1.9111282241344454,-0.030139037072658536,-0.011092489627189938
3,23,1,33,-8.127485603094101,True,False,True,-4.0,0.03886952896835283,0.1389819787496449,0.0,-0.04732140839099885,-0.12713542421231977,-1.887535697221756,-0.0018706256151199343,-0.03280847616493701,-0.09377065993845463,-0.04151320051401854,-0.009235891993157566,-0.016046072235419616,-2.0134447813034058,-0.025486144742462784,-0.00916881486773491
3,26,1,36,-6.436577059030533,True,False,True,-4.0,0.10770595372081743,0.03394847873229806,0.008399992529302836,-0.04699857847765087,-0.10963534512586194,0.0,-0.012419939301908017,-0.033805965539067985,-0.10584249325096608,-0.03396214995533228,-0.011205907678231593,-0.01116585904183012,-2.1902065372467043,-0.019782457579858605,-0.011606170840095728
3,31,1,37,-6.624358592033387,True,False,True,-4.0,0.042492949512598,0.09400063023978465,0.003999997917562723,-0.06485318522900342,-0.23585397300543262,0.0,-0.0025011455640196797,-0.04483506491407752,-0.10987666711211205,-0.043149257451295865,-0.008990349071100353,-0.00172089781104674,-2.229821574687957,-0.013083339622244242,-0.01016673019505106
4,4,0,73,-9.00942942142487,True,False,True,-4.0,0.3113290610257536,0.11023062185529472,0.019299984928220507,-0.09847805344499645,-0.5030354855535553,0.0,-0.01772517051547766,-0.07250592334195971,-0.20400886103510862,-0.08063433935865762,-0.025268933287588877,-0.02985924975763169,-4.370275809764863,-0.025841586079914124,-0.022655451521277428
4,28,1,35,-6.212440423965454,True,False,True,-4.0,0.07092262688955087,0.034501036246238515,0.008199996408075096,-0.053906110655516384,-0.04654152253322536,0.0,-0.021633956357836725,-0.040037954896688474,-0.10434211656451224,-0.03415118373930454,-0.014825408905744556,-0.016804203388019235,-1.9703783559799195,-0.014469954669475557,-0.00897346058860421
4,51,1,36,-6.512620697021485,True,False,True,-4.0,0.009091967800826523,0.1536935038923109,0.01279998991638422,-0.0575779202207923,-0.32717523117142266,0.0,-0.0066065055876970286,-0.05037485491484403,-0.10463584542274476,-0.04235659936442972,-0.007676227612464574,-0.012481524233735402,-2.04367129445076,-0.026728208921849735,-0.008921981249004604
4,11,1,35,-5.837501668930054,True,False,True,-4.0,0.24711199824519098,0.1048781869681782,0.008199997395277023,-0.05367383122444153,-0.10508114686235785,0.0,-0.007169490195810794,-0.022666564360260967,-0.09547360092401504,-0.04385657593607903,-0.011820658887736495,-0.01297592780647392,-1.8248780751228333,-0.013702634614892304,-0.006393612760584802
4,29,1,40,-8.85428511142731,True,False,True,-4.0,0.17047289157904735,0.11476668629815186,0.0,-0.058683389313519,-0.23499317961628546,-2.2100893449783325,-0.009501018710434437,-0.03286254800856114,-0.09538578562438484,-0.04926586104556917,-0.0107484942721203,-0.003695591635623714,-2.40388147354126,-0.020501797711476682,-0.00991665029898286
4,42,1,36,-6.216239309310913,True,False,True,-4.0,0.06147460240149956,0.09396074413803705,0.009399991631507874,-0.05199103247374296,-0.0595878579793498,0.0,-0.011398599185049534,-0.046825731061398985,-0.09380936473608018,-0.03974514298141003,-0.008930849058087916,-0.026685631178261247,-2.0184880018234255,-0.013426095952745526,-0.010186662836931646
4,53,1,37,-6.056793931722641,True,False,True,-4.0,0.2532565917627654,0.1200850110724877,0.004399996362626553,-0.055033345855772506,-0.12663609719224042,0.0,-0.0064498790353536605,-0.0353083605878055,-0.08979414753615857,-0.031078604832291596,-0.007132424528244882,-0.006504574216102697,-2.0471833205223082,-0.02102592500159517,-0.00838900967501104
4,62,1,35,-6.404813721179962,True,False,True,-4.0,0.21629855547075746,0.07217535757827181,0.017499983329325914,-0.05518086310476065,-0.2984639463917119,0.0,-0.011624965183436873,-0.033327699415385714,-0.10886556044220924,-0.04491416112519801,-0.017022334299981595,-0.013273652803982258,-2.1038398051261904,-0.012818916521500794,-0.011455695929471404
4,15,1,37,-6.076667294502258,True,False,True,-4.0,0.34220949870374173,0.12794165284932504,0.006499995552003384,-0.06773702196311206,-0.24082031183512298,0.0,-0.003558165282011032,-0.041253990828990936,-0.10407757483422755,-0.037979092560708534,-0.006641875205095856,-0.005232370031972097,-2.0247564172744754,-0.013722096229903396,-0.007539647739613428
4,22,1,41,-6.570872333049774,True,False,True,-4.0,0.0807443073274658,0.130069710094205,0.00749999325722456,-0.06764934309758246,-0.141608528510551,0.0,-0.00889470597729087,-0.03644746230915189,-0.1126360946893692,-0.04629331443458795,-0.014424300636164844,-0.011954168298252627,-2.320569598674774,-0.016938308728858837,-0.01177048558369279
4,59,1,39,-6.232606630325318,True,False,True,-4.0,0.3503152148984374,0.1389457051734128,0.00439999794587493,-0.06588877188041806,-0.12784148060774897,0.0,-0.008021748019382359,-0.03901441800408065,-0.10243276756256821,-0.06054426774382591,-0.016655375249683857,-0.022201777653881438,-2.251746544837952,-0.01995041226502508,-0.011969840447418391
4,12,1,39,-5.99861865758896,True,False,True,-4.0,0.37297829602888677,0.06207106979992784,0.005499994773417712,-0.06903685158118604,-0.044666311856708496,0.0,-0.017662880383431914,-0.034969655480235826,-0.09953145816922189,-0.030017754193395377,-0.010275661642663185,-0.01837699087113833,-2.088744738101959,-0.017359197810292243,-0.008526901532895861
4,16,1,36,-6.345640478134154,True,False,True,-4.0,0.06452929224818944,0.23396263209719198,0.0,-0.031012645304435864,-0.2303583583902219,0.0,-0.004555851137265563,-0.037863558568060396,-0.11575290217995649,-0.04873304197564721,-0.012681976892054083,-0.005929851060755027,-2.132955017089844,-0.012385289873927834,-0.011903979228809475
4,24,1,44,-6.750603702068329,True,False,True,-4.0,0.2060949484293951,0.07833340247913366,0.02009998211637139,-0.06727874173549933,-0.2437105945954681,0.0,-0.01685013963840902,-0.04978938534855843,-0.11539093971252438,-0.04284048452973366,-0.012286879504099487,-0.0073950350431186964,-2.4736375761032097,-0.01437156446510926,-0.011580785685218871
4,46,1,43,-8.758764536380767,True,False,True,-4.0,0.27167640352659644,0.13880435780963493,0.0,-0.04809684682637453,-0.19732945234514776,-2.2762346363067625,-0.008689992483705281,-0.035612310115247965,-0.12257220312952996,-0.027921100929379456,-0.009436063130851834,-0.01010435674766995,-2.401938996315003,-0.020801141830161213,-0.010508216852322224
4,61,1,43,-6.5004621243476866,True,False,True,-4.0,0.3428854262828828,0.07641164879402008,0.0066999951750040055,-0.060681541978847245,-0.11678765202581419,0.0,-0.005866947956383228,-0.042829896323382854,-0.09909345149993896,-0.03936881619505585,-0.01245992727112025,-0.0046143360516975925,-2.508344194889069,-0.025033002670388667,-0.01137926946161315
4,5,1,40,-6.687126562595367,True,False,True,-4.0,0.012971138521896951,0.05116980084396346,0.015299986619502305,-0.05968239421024921,-0.12504290924349332,0.0,-0.00642928171902895,-0.05937471917830407,-0.10385344855487347,-0.031483033541589975,-0.008436686922796068,-0.011247193185692766,-2.336557350158691,-0.013725125510245564,-0.010735234355088323
4,35,1,35,-6.148670463562011,True,False,True,-4.0,0.09654771842245376,0.16258275437013167,0.010699990298599004,-0.05823661594651639,-0.1200672696152469,0.0,-0.021403817934915425,-0.040627555232495074,-0.10655270293354988,-0.042908893940038974,-0.016120340442284945,-0.016899678875925018,-1.967673450708389,-0.019196765322703868,-0.008813879201188684
4,50,1,40,-6.483379335403443,True,False,True,-4.0,0.00037834620312863,0.05749141309184529,0.004199996143579483,-0.04655763318762182,-0.10204189313686528,0.0,-0.003376318085938692,-0.04055300667881966,-0.1099798293411732,-0.05197078138589858,-0.0149296844098717,-0.01805906079407151,-2.1339124131202705,-0.014410442626103762,-0.009658106048591434
4,55,1,46,-7.184205478429795,True,False,True,-4.0,0.02952373704927595,0.07456584293161723,0.011499989535659554,-0.057593517564237126,-0.16850209852789705,0.0,-0.024846637044101956,-0.04546489488333464,-0.12352813243865968,-0.05292466370388866,-0.01566392806824297,-0.009948550977060225,-2.7418788480758667,-0.04623820222448557,-0.01320554897887632
4,63,1,42,-6.8572858762741085,True,False,True,-4.0,0.030824714006338072,0.04975809648283783,0.005499995518475771,-0.06319347904063762,-0.06535047804267377,0.0,-0.014395097559317945,-0.04767159521579742,-0.1326454818248749,-0.06246552307158708,-0.012644167793914678,-0.04084201288268252,-2.4737681007385257,-0.020032972423359746,-0.010359706503804769
4,34,1,40,-6.518661513328553,True,False,True,-4.0,0.00048731574893686515,0.05778370577807732,0.007599994726479054,-0.05340230710804464,-0.029698648401827087,0.0,-0.0010639711841940879,-0.04606418458744885,-0.10187483288347722,-0.05057972975075244,-0.008193320226855576,-0.035166246867847806,-2.227388164997101,-0.02185107503086329,-0.00925019294489175
4,49,1,46,-9.294499759674071,True,False,True,-4.0,0.26375416860799306,0.09960091805684436,0.0,-0.0663060568831861,-0.09559671422597603,-2.618980709314347,-0.0038321592565625905,-0.04624040687456727,-0.11916141957044604,-0.041932440493255854,-0.016387852095067504,-0.01920626196078956,-2.593856976032257,-0.02453124521765859,-0.011822749571874736
4,57,1,47,-7.013727705478669,True,False,True,-4.0,0.0018733442167444992,0.11450641520397413,0.015199990682303906,-0.06860578830353917,-0.08415416603122139,0.0,-0.009157522767782212,-0.05747670805081726,-0.1378948634117842,-0.04596029397100212,-0.013713581692427397,-0.019172428748715904,-2.6644092071056362,-0.027833499172702433,-0.016929587100166826
4,18,1,41,-6.888115534782411,True,False,True,-4.0,0.00010317887740274758,0.08811238924159129,0.0075999928079545495,-0.04992673043161631,-0.20599261242023204,0.0,-0.008905891291797162,-0.05109399348497392,-0.11119700193405153,-0.05823289006948471,-0.016739518577232954,-0.012493145942246426,-2.4170196247100835,-0.03675903857685625,-0.01557059330865741
4,43,1,42,-6.487660520076752,True,False,True,-4.0,0.095962010857188,0.13880482052256213,0.005699995085597038,-0.08541165247559548,-0.05149210307165049,0.0,-0.013162130536511541,-0.04481086317449808,-0.12238473892211917,-0.06176510971039533,-0.014056341485120355,-0.0297646715574956,-2.2754380989074705,-0.02068498041015119,-0.009156821484211836
4,52,1,46,-7.113800817728044,True,False,True,-4.0,0.10431120605920344,0.06228863824161543,0.0032999968342483036,-0.10605507323285567,-0.33081916814437134,0.0,-0.016139900228008628,-0.05527607895433902,-0.1279994225502014,-0.060852251816540956,-0.018493924713693568,-0.011700360702816397,-2.5191431021690374,-0.02312898449599743,-0.014092668541707098
4,20,1,31,-6.094524455070495,True,False,True,-4.0,0.011541964832331147,0.07471708061276193,0.008399993553757668,-0.054928712658584115,-0.19222118837938976,0.0,-0.01038593572448008,-0.03322671862319112,-0.09049754023551941,-0.027361701242625713,-0.008043825197964908,-0.0038854177457687917,-1.7401215958595277,-0.021704658668022597,-0.006805968653643504
4,37,1,38,-6.395662984848023,True,False,True,-4.0,0.2378240645222832,0.09639475191308877,0.004299996588379145,-0.047006001956760884,-0.14198808128050588,0.0,-0.00934005007147789,-0.03305648516863585,-0.11106962636113164,-0.028874372020363796,-0.012146666985936463,-0.0035111098563857003,-2.3233464241027835,-0.01522623189724982,-0.008616799707524474
4,1,1,39,-6.459883872866631,True,False,True,-4.0,0.1190015417558607,0.05427080786999506,0.009999990798532962,-0.05327453438192606,-0.17297546578542095,0.0,-0.004254872016608715,-0.04532163482159376,-0.10133032776415352,-0.04332673812285065,-0.015988660715520377,-0.01753851641008225,-2.150774029493332,-0.027606994658708573,-0.010764259332790968
4,54,1,35,-8.166350088119508,True,False,True,-4.0,0.04039298511452629,0.08853010721616529,0.0,-0.041656231367960574,-0.13683320949130576,-2.0394220006465913,-0.016626926474273204,-0.04091771924868227,-0.09619833394885066,-0.02209245960228145,-0.011448087710887195,-0.007226406955151673,-1.8623215007781975,-0.012795036388561132,-0.007735338849015536
4,7,1,47,-6.791129727363588,True,False,True,-4.0,0.25988188596442335,0.09139388147155016,0.006899995282292366,-0.09596273485571144,-0.18267272844444965,0.0,-0.01227489134296775,-0.052612366704270254,-0.13372864991426467,-0.05786613009870053,-0.017001378489658235,-0.010915223774500191,-2.551016943454743,-0.02364059401676059,-0.011613939688540992
4,13,1,39,-6.535568993091584,True,False,True,-4.0,9.187841916549466e-05,0.08559347846960946,0.00409999629482627,-0.052939910301938654,-0.11663622781430606,0.0,-0.003467332571744919,-0.039241754990071064,-0.11815820045769215,-0.03967535993084311,-0.0070869626163039354,-0.012705034081282065,-2.207597150802612,-0.01746318704448641,-0.010383311156183479
4,8,1,41,-9.225455775260926,True,False,True,-4.0,0.27206804587040095,0.12059227667482045,0.0,-0.034784418414346874,-0.39469983032780864,-2.460125997066498,-0.005056799463927747,-0.029356785537675026,-0.10611471205949781,-0.06307788002770394,-0.013852489870041609,-0.018536338718045043,-2.4600290822982793,-0.019112262472044676,-0.01336977086029947
4,9,1,49,-6.8837028598785395,True,False,True,-4.0,0.1528755084425211,0.09325310151845514,0.009199992120265961,-0.06897847168147564,-0.05840768595051486,0.0,-0.012077806810848414,-0.050735311489552265,-0.1301484403759241,-0.044095024634152644,-0.015849039903841913,-0.01160131854376232,-2.7034407091140755,-0.029268213463947184,-0.01442930583376438
4,30,1,46,-6.725607236623764,True,False,True,-4.0,0.32498261883234597,0.10324699702282501,0.008099993541836738,-0.06289014484733345,-0.1588447960940539,0.0,-0.01986624348908663,-0.03734124397858976,-0.11308264590799809,-0.057570691928267484,-0.01322878055274487,-0.00449082336112042,-2.6653925299644468,-0.016832237108610565,-0.012396697229705753
4,2,1,39,-6.459159338474274,True,False,True,-4.0,0.01352183524823772,0.07710865755861447,0.008199994005262851,-0.0723312171921134,-0.2239185901885503,0.0,-0.010276992097496987,-0.040502609796822076,-0.11079819738864899,-0.043687838027253754,-0.010701315961778163,-0.005820660258602855,-2.0133534610271453,-0.017866511838510634,-0.0087324218719732
4,33,1,50,-7.282627782821655,True,False,True,-4.0,0.23876365443879405,0.08404795582000221,0.006799994185566902,-0.07118473937269298,-0.13034925380532514,0.0,-0.002091825529932976,-0.06023358479142188,-0.14292003959417343,-0.05675130151212217,-0.018796747922897334,-0.02995246483144911,-3.052881181240082,-0.030404407691676166,-0.016673762623686347
4,0,1,38,-6.317245469093323,True,False,True,-4.0,0.20957413497380914,0.09728531505418035,0.009999992214143277,-0.058815179802477364,-0.11887945173570189,0.0,-0.02577242288738489,-0.04207632968202234,-0.10555697277188297,-0.04267672121524811,-0.014383317918982353,-0.00991356135578826,-2.1788697278499614,-0.02688816502224654,-0.010272851889021694
4,41,1,51,-10.153375039100649,True,False,True,-4.0,0.3575351900006354,0.1511729668350206,0.0,-0.09079495624639095,-0.22727797627390833,-3.023808808326721,-0.027448167651891706,-0.06092208445072176,-0.13584275692701342,-0.04839558307081461,-0.017250752737745647,-0.013008173258394321,-2.9733428573608407,-0.028896459154784674,-0.015094469066243616
4,17,1,50,-9.889276986122134,True,False,True,-4.0,0.2850330336962361,0.0812313804406544,0.0,-0.0760952637984883,-0.18741567497025247,-2.8292008090019225,-0.010439161658287049,-0.0459668997861445,-0.13738353937864303,-0.0525897665321827,-0.012423393864883111,-0.00732748325078525,-2.8595414781570434,-0.024736956357955933,-0.012420905746985228
4,39,1,55,-7.196096642017365,True,False,True,-4.0,0.4798879538103937,0.19556687728098696,0.021299981363117695,-0.07609390670899302,-0.212748244558461,0.0,-0.004096549153327942,-0.05951961252838374,-0.16668434053659442,-0.07034747916273774,-0.025946402531117206,-0.007098940341182642,-3.22596197962761,-0.02968609633855521,-0.014667875943705439
4,27,1,39,-6.540728280544282,True,False,True,-4.0,0.008905473764747724,0.1414442756759017,0.007999994307756424,-0.05995235094334929,-0.13260973344906232,0.0,-0.0040415628999471665,-0.04333937300369144,-0.10703708656132223,-0.040819920990616085,-0.005911530624143777,-0.008007647496877724,-2.255855450630188,-0.0323704768018797,-0.009132743207737803
4,40,1,52,-10.513576202392581,True,False,True,-4.0,0.7823136648535729,0.06316528817045505,0.0,-0.0971514474309515,-0.41426482223905614,-3.6776953840255735,-0.010141867017373444,-0.04752520959824324,-0.1457901125401258,-0.09747869003564118,-0.021429376248270265,-0.0051949962445723965,-2.7853391003608707,-0.03954169691540299,-0.017502360683865844
4,60,1,46,-6.705119528770446,True,False,True,-4.0,0.09425983175348336,0.14172227468828696,0.024599982220679516,-0.06269683047663421,-0.15977597031422192,0.0,-0.028013831377029424,-0.04493920909240843,-0.11285596311092376,-0.03480804566293953,-0.018647768232040104,-0.006625756365471177,-2.4594651865959176,-0.02621085814666003,-0.011662120455875996
4,6,2,29,-5.778411173820495,True,False,True,-4.0,0.05157941612148529,0.05748311071283548,0.00779999639838934,-0.037641555778682244,-0.07460092319408432,0.0,-0.011199358850717545,-0.028249043636024002,-0.07290376558899879,-0.03500311329960824,-0.00973434569314122,-0.011466481795068829,-1.59233090877533,-0.016400937512516978,-0.005743409814313056
4,10,1,36,-7.968661968708039,True,False,True,-4.0,0.13712583974358036,0.1228765219937175,0.0,-0.045347822303883734,-0.043796163378283376,-1.9293454217910768,-0.0010878180689178408,-0.03642594464123249,-0.10819959446787834,-0.03413897404447197,-0.007181280669756234,-0.024996035746007693,-1.978560175895691,-0.010689584999345247,-0.00889542205259204
4,47,1,53,-10.06935179710388,True,False,True,-4.0,0.566525906085517,0.1490149008921691,0.0,-0.08685965517535806,-0.15294643118424578,-3.0525895571708674,-0.01567685404792428,-0.05809177953749896,-0.15262711271643634,-0.05041218122467398,-0.014382901387289168,-0.01756067743438962,-3.1408031630516047,-0.030309559307061137,-0.012632783637382091
5,58,1,46,-6.460547232627869,True,False,True,-4.0,0.4952373536583036,0.08632126782252302,0.009599994476884605,-0.0716042387858033,-0.1113339332828764,0.0,-0.019948096387088297,-0.04576866675168275,-0.12953787133097647,-0.04578267052769662,-0.012092369291931387,-0.007630936366920193,-2.579877550601959,-0.015892484863288703,-0.012236894955858588
5,36,1,48,-10.057388567924498,True,False,True,-4.0,0.31263282744097504,0.17729344436382657,0.0,-0.06025989807676524,-0.3692620949965203,-3.017831846475601,-0.014951418824493884,-0.04918497873470188,-0.1411243633180857,-0.05236284367740156,-0.01884722436079755,-0.008081361159056541,-2.782719082832337,-0.017671327036805448,-0.01501829024171457
5,25,1,56,-7.685690228939055,True,False,True,-4.0,0.16010131189053936,0.11427982314428743,0.01259999277070165,-0.05999912193510681,-0.24558886151691692,0.0,-0.002635953351855278,-0.0583783385530114,-0.17925830103456972,-0.08381620191968976,-0.022069892798317593,-0.0072247039635658416,-3.2604092526435857,-0.03605931259691715,-0.017231484889052802
5,38,1,43,-9.209279799461365,True,False,True,-4.0,0.18802494246058218,0.1466515200560115,0.0,-0.07137307466939095,-0.09770257319672968,-2.637216899394989,-0.0027405720180831853,-0.05316805766895413,-0.11505611971020695,-0.056340437792241564,-0.0185436174320057,-0.03516359981702408,-2.4162855696678154,-0.02643542924430222,-0.01393054241780192
5,31,2,32,-6.003962755203247,True,False,True,-4.0,0.2873613011837006,0.09996827299380301,0.00479999639093876,-0.04804472411051392,-0.24590882658987542,0.0,-0.005609735175967217,-0.027575783990323545,-0.08415478095412256,-0.04809461742639542,-0.010851595047861338,-0.005198829353175826,-1.8945085072517394,-0.017083251914009456,-0.0090616999194026
5,11,2,30,-5.939050874710082,True,False,True,-4.0,0.02107192532968611,0.02155680995507716,0.006799994129687548,-0.0491169210150838,-0.20017312997486442,0.0,-0.01671042114496231,-0.031140163540840152,-0.073307810947299,-0.03652225557714702,-0.011116696111857892,-0.01363210601226456,-1.5324841761589045,-0.017010824317112566,-0.007265092183370145
5,3,2,36,-6.140742027759552,True,False,True,-4.0,0.08215470470300833,0.11998619887394898,0.0,-0.04386659257579596,-0.11579453408718107,0.0,-0.004723495729267597,-0.0561610921099782,-0.09693888030946256,-0.04575384315103292,-0.015328341918066144,-0.022937516482052164,-1.9132581365108488,-0.01746217747684568,-0.010658259196206929
5,19,1,60,-11.308047161102294,True,False,True,-4.0,0.5132573849930346,0.11717322605254743,0.0,-0.08485054108314216,-0.2003364915959537,-3.760069870948792,-0.015570575245656073,-0.07067111603915689,-0.17084923505783084,-0.07487665191292758,-0.012696740385144949,-0.01547183802960717,-3.4885715293884276,-0.029701082287356254,-0.01481213997583836
5,44,1,64,-8.051148211956026,True,False,True,-4.0,0.2555188412092533,0.12755145042217772,0.009499991051852704,-0.1338300400041044,-0.17276104325370398,0.0,-0.039245724434731524,-0.1074825200438499,-0.1923751787096262,-0.0676909038797021,-0.028810261671897028,-0.006406145827359067,-3.641833806037904,-0.03153832752723247,-0.02174431430408731
5,56,1,66,-7.7394295597076415,True,False,True,-4.0,0.6086703757987196,0.18060750329615105,0.029699976034462457,-0.09218419807730242,-0.36155287466273867,0.0,-0.022551620898302642,-0.07256516564637422,-0.17505361139774323,-0.07751769283786417,-0.021657438231632114,-0.007774994204403073,-3.6806847262382503,-0.028789211809635153,-0.01807584954891354
5,14,1,60,-7.9656301641464236,True,False,True,-4.0,0.24167384395317634,0.06971713992137728,0.008899995591491459,-0.09462699343217537,-0.2583257682763361,0.0,-0.0032875015586614612,-0.08155191164463761,-0.18891978994011885,-0.0940162207745016,-0.019413875043392183,-0.017590155150028295,-3.4840835595130923,-0.02580043697729707,-0.01830500908661634
5,26,2,36,-6.409643380641937,True,False,True,-4.0,0.0010144843822359547,0.07632981111147168,0.010499989781528715,-0.047897245688363906,-0.021989739856508095,0.0,-0.006477690786123275,-0.050810416322201506,-0.09019526928663255,-0.04751337325200438,-0.00908633837243542,-0.03354425594909116,-2.1662530088424683,-0.013841647291556002,-0.009878576030023395
5,50,2,29,-5.909966681003571,True,False,True,-4.0,0.015146985504650082,0.08079231003823713,0.006799993887543678,-0.05149904135614634,-0.0513364399279817,0.0,-0.006400625742971897,-0.030778198204934604,-0.07767478786408903,-0.04100437790155411,-0.010364799220114948,-0.04028525561094284,-1.6836894416809078,-0.012626384347677225,-0.007046636468730865
5,21,2,39,-6.527953062057495,True,False,True,-4.0,0.0024361203436183126,0.13134988958709268,0.006799995843321085,-0.0551053806580603,-0.07399895490147174,0.0,-0.0015747290849685669,-0.05222272753715516,-0.1098707582056522,-0.046398105174303046,-0.013894915534183386,-0.027645425704540687,-2.2637853169441224,-0.01411795023828745,-0.009925002425443382
5,42,2,34,-6.424823443889618,True,False,True,-4.0,0.08347948037786407,0.08500630116572624,0.008099994082003834,-0.052214078782126305,-0.17625656995565808,0.0,-0.0011300164088606833,-0.03764974154531957,-0.10378907203674316,-0.03599826639518142,-0.006346609285101295,-0.002556855147874102,-2.162123730182648,-0.014966773614287377,-0.008377711321227253
5,22,2,35,-6.182666716575623,True,False,True,-4.0,0.3677548003196716,0.09876429974861865,0.004699996095150709,-0.06132145524024963,-0.21571613566717132,0.0,-0.009882863347884267,-0.032244891244918104,-0.09052927151322368,-0.056496800035238284,-0.013348640003241598,-0.007141752770694437,-2.136920430660248,-0.02000370170921087,-0.010279853958636521
5,48,2,40,-6.652343730926514,True,False,True,-4.0,0.044332451983620444,0.13433216217809413,0.009299992267042402,-0.05906007141340523,-0.07655577278666897,0.0,-0.01264165810775012,-0.04535105533897876,-0.1157409703731537,-0.05240677148103714,-0.016160886916331944,-0.024209492309892087,-2.3912888121604934,-0.036006437800824645,-0.01088646732736379
5,51,2,37,-6.323317172527313,True,False,True,-4.0,0.014925162303747259,0.0741438213271915,0.009799991697072984,-0.0587339274212718,-0.09656037282606122,0.0,-0.0030851110443472864,-0.047513206824660294,-0.09811111591756343,-0.049250556435436015,-0.011901734711136671,-0.015753867203602574,-2.0146535015106197,-0.01770133124664426,-0.008921185950748626
5,18,2,30,-5.991218583583832,True,False,True,-4.0,0.0021504994563667874,0.11439826491402405,0.005699996147304774,-0.02740552033763379,-0.1146160194533877,0.0,-0.0029547472624108194,-0.047299038972705605,-0.09940768152475356,-0.03830389735288918,-0.008269679674413055,-0.01173465454412508,-1.7355170559883115,-0.019647772153839473,-0.008311065665911884
5,45,2,42,-9.564829099178315,True,False,True,-4.0,0.18342065335747065,0.09068280734404029,0.0,-0.05653591818176211,-0.06051518804277293,-2.8872095513343816,-0.015638666674494744,-0.056337932683527464,-0.1255168966948986,-0.05783521439880133,-0.011460281367180868,-0.02640436179914104,-2.510458271503449,-0.020119644911028446,-0.010901018972508609
5,4,1,41,-9.289481391906738,True,False,True,-4.0,0.3321198852857562,0.08254144322586293,0.0,-0.07638875709846615,-0.1468637282800046,-2.608288679122925,-0.009476049020886421,-0.05749609805643559,-0.11632358446717266,-0.050933698806911724,-0.012633725060150027,-0.019420782567976854,-2.5768748378753665,-0.015835450722370296,-0.013607301367446778
5,28,2,41,-6.42393657207489,True,False,True,-4.0,0.37571241285651924,0.10974338237734292,0.008099993970245122,-0.06260732604190708,-0.31042523646028714,0.0,-0.012561067547649143,-0.06785458326339723,-0.09784774556756022,-0.045016431491822016,-0.008858553983736785,-0.006527148314198715,-2.278840763568878,-0.01584570515435189,-0.011107749457005413
5,34,2,36,-6.517820780277252,True,False,True,-4.0,0.006832613273473848,0.08823720955061246,0.006999993994832039,-0.06114271450787783,-0.0341526079075993,0.0,-0.017175160022452476,-0.040804692599922414,-0.09555013410747051,-0.03743379816412926,-0.006913521897513419,-0.018621896822587587,-2.2834383070468904,-0.017033645296469335,-0.007624041386879982
5,46,2,38,-6.52697561264038,True,False,True,-4.0,0.008459818208767726,0.08504614237960821,0.008099992666393519,-0.06106010399758814,-0.16137385836802423,0.0,-0.008489533476531507,-0.037945506721735,-0.11170496061444281,-0.046618678960949185,-0.01939759591594339,-0.00539957119344763,-2.149660527706146,-0.015474082566797734,-0.0114571146084927
5,1,2,32,-5.663313229084015,True,False,True,-4.0,0.22168270647947794,0.11594507136337404,0.0036999979149550206,-0.06590374559862539,-0.083699297469866,0.0,-0.0002148658037185669,-0.033728273101150986,-0.09435831911861897,-0.03760731640271842,-0.010634472326491957,-0.01766641208747108,-1.6405179953575137,-0.01118991104187444,-0.009120309720747172
5,20,2,33,-6.02039199590683,True,False,True,-4.0,0.08714996325848004,0.06619780502099636,0.006999995093792677,-0.05939620904624461,-0.04931742590371869,0.0,-0.0024128711223602296,-0.03236420901492239,-0.08287523418664931,-0.033130902145057914,-0.009347369481110947,-0.016473619859175413,-1.8736692523956298,-0.012678172532469036,-0.009074250170961026
5,12,2,42,-6.461795474290848,True,False,True,-4.0,0.4430218607583082,0.08572166153635695,0.018199983313679696,-0.058899087905883794,-0.1754613564207102,0.0,-0.0077093012072145944,-0.049922108463943,-0.11396039843559264,-0.069686460159719,-0.009186414694413543,-0.011228710930978424,-2.481107199192047,-0.02066512556979433,-0.010912534133531153
5,43,2,37,-6.3194260430336,True,False,True,-4.0,0.24198460243875164,0.08288008268398653,0.007399993222206831,-0.06862700428813696,-0.1107829621259589,0.0,-0.010242338553071021,-0.035772483171895145,-0.0951576365530491,-0.03224124286323785,-0.012641347120516002,-0.02039586546950886,-2.236143827438354,-0.019620069414377213,-0.010066095227375628
5,53,2,45,-7.193928363323211,True,False,True,-4.0,0.029578326374608225,0.06888125416504395,0.008099992498755457,-0.06887719010002911,-0.19442505473620258,0.0,-0.01196380427107215,-0.04399688865989447,-0.13913751006126404,-0.04982957506552339,-0.020305398340569814,-0.009431276577989822,-2.7235866928100583,-0.02646451922599225,-0.01246994573622942
5,57,2,39,-6.303072361946105,True,False,True,-4.0,0.1939686283364244,0.1349509623776133,0.012899989224970343,-0.052857855292968436,-0.1432470394475968,0.0,-0.00606072535738349,-0.0425475550070405,-0.10971770949661733,-0.04750295508652926,-0.00840343149844557,-0.00843159315576486,-2.188314936161041,-0.026084246409591283,-0.011723855684977028
5,62,2,45,-6.973587048053741,True,False,True,-4.0,0.007318705777688117,0.10940901150003345,0.03999996174126863,-0.05359768811147661,-0.2317229427280836,0.0,-0.01894170525483787,-0.05208759881556035,-0.13995830655097966,-0.05956191763281822,-0.017052168073132635,-0.003940388800256186,-2.51791160106659,-0.021350185852497813,-0.014190166640328244
5,15,2,45,-7.084438958168031,True,False,True,-4.0,0.04830173293795742,0.04519918921895158,0.00849999202415347,-0.060842052213847655,-0.22311921533662823,0.0,-0.019090493321418763,-0.047391274999827156,-0.1396415212005377,-0.059526006076484915,-0.014109867264050995,-0.01188524813129334,-2.5846899223327644,-0.01579667705576867,-0.010347464503720401
5,24,2,43,-6.743911019563675,True,False,True,-4.0,0.2104179427147704,0.05843124922970871,0.006499994713813067,-0.06548378441482784,-0.132795161147078,0.0,-0.006766717098653317,-0.04002027930691839,-0.13836147308349608,-0.04789182500913738,-0.01855358425527811,-0.01964857070352444,-2.5234232735633864,-0.014642953695729377,-0.0116723704803735
5,35,2,42,-7.015093283653259,True,False,True,-4.0,0.09034184982127044,0.12542354271383976,0.006899993401020765,-0.08302484676241875,-0.2439683175159735,0.0,-0.004656999856233597,-0.046314818486571326,-0.12938485674560068,-0.03430254445411264,-0.01066129710525274,-0.009861821604590657,-2.6457278084754945,-0.0191490419069305,-0.010706170755438508
5,37,2,37,-6.144992413520813,True,False,True,-4.0,0.34512773998081686,0.10224257141252714,0.003699996843934059,-0.07142828365787865,-0.0721975679048046,0.0,-0.008138171322643757,-0.031903128083795314,-0.09140654869377612,-0.039987776111811396,-0.013203714787960057,-0.03139358633334268,-2.2098418784141534,-0.017140732565894726,-0.009421165841631593
5,61,2,43,-6.713402528762817,True,False,True,-4.0,0.20776402137707917,0.08013268448943306,0.007699993029236795,-0.06343498362228275,-0.16982645056792534,0.0,-0.017396562546491627,-0.04508627983741464,-0.11569665864109993,-0.06013933846727014,-0.013773414869792758,-0.014197194476546427,-2.4779684066772463,-0.020588301448151467,-0.010891637860331685
6,9,2,35,-6.306247560977935,True,False,True,-4.0,0.07422369626805103,0.11295950291912821,0.0025999989174306393,-0.055484631247818474,-0.14176238147018014,0.0,-0.013492509499192236,-0.04061320409178735,-0.10025133043527604,-0.046370039703324435,-0.01888780921464786,-0.029654994655866178,-2.014644659757614,-0.02338713095057756,-0.011482065115123988
6,32,2,56,-7.309619017839431,True,False,True,-4.0,0.370381359227613,0.17683121469614005,0.026899977792054417,-0.06405823430046441,-0.17693053138442338,0.0,-0.011800279021263124,-0.04956500904634596,-0.16212910398840905,-0.050888762846589074,-0.014682961949147292,-0.013613098880814505,-3.302031192779542,-0.025086816595867277,-0.012945714369416241
6,59,2,46,-6.90925161600113,True,False,True,-4.0,0.1243221835049224,0.10302490152098286,0.006099994499236345,-0.07374883987009526,-0.18164246514272234,0.0,-0.0302684424072504,-0.05599650472402572,-0.14508131004869934,-0.06352591523900629,-0.016914728214032948,-0.011218588644987905,-2.5315975761413574,-0.020690784696489575,-0.012013676427304743
6,0,2,33,-6.149310550689697,True,False,True,-4.0,0.39164007097482684,0.023357743719313307,0.007699992656707764,-0.03866042078472673,-0.26067582193019917,0.0,-0.005532839512452484,-0.033462495571002365,-0.0980011658370495,-0.03174857769161463,-0.0080412389524281,-0.008143567563965916,-2.0532517981529237,-0.026703018980333587,-0.00778748121345416
6,5,2,45,-7.052432436943054,True,False,True,-4.0,0.21668427917640662,0.08541671428412705,0.008199994545429946,-0.07008416583761573,-0.2603990856395103,0.0,-0.011112900338484905,-0.03833875358104705,-0.11680654391646388,-0.05014943155460061,-0.010865296390838924,-0.004688483710742731,-2.772496936321259,-0.01815975257661193,-0.009631940990220758
6,8,2,37,-6.557570378780365,True,False,True,-4.0,0.02021356805693358,0.1446735584651899,0.005399995036423207,-0.045987517070025206,-0.2503614948909672,0.0,-0.0009531756862998009,-0.04753285758197308,-0.1119317664206028,-0.05503596449270845,-0.011280550105730069,-0.00472942584701741,-2.1520380115509035,-0.036881423899903884,-0.011125101037323476
6,30,2,36,-6.26802791595459,True,False,True,-4.0,0.07736715270671995,0.13703749071927368,0.007299993634223938,-0.062041018772870306,-0.17265242845896864,0.0,-0.006488942317664623,-0.037229031343013044,-0.0875576090067625,-0.03165383593644947,-0.01603757235687226,-0.007599303220717387,-2.040577380657196,-0.01733381183119491,-0.010561779807321727
6,63,2,45,-6.790649311542511,True,False,True,-4.0,0.0925050362906268,0.12125333813818076,0.019499981552362447,-0.04133333708858118,-0.05970376693250727,0.0,-0.009177688136696815,-0.0456679724343121,-0.1269450008869171,-0.052691456638276575,-0.019711742075160143,-0.025288355187934708,-2.6130979132652272,-0.016298415441997352,-0.01399201226886362
6,55,2,46,-7.0352609252929685,True,False,True,-4.0,0.3741092380508782,0.04885365871582537,0.00789999447762966,-0.08022134862840179,-0.19128181711013892,0.0,-0.010754203870892523,-0.052062942683696746,-0.13215911500155925,-0.059948069676756865,-0.012718537631444635,-0.014484537594112227,-2.8721276617050178,-0.02770785606931895,-0.012658015922643245
6,7,2,40,-6.635399558544158,True,False,True,-4.0,0.21635730943293316,0.08695989027538814,0.00729999540373683,-0.06521482817828657,-0.14328083467702526,0.0,-0.005957792883273214,-0.06819272533059122,-0.11385977387428287,-0.057729176934808495,-0.014134041112847629,-0.021909480586182327,-2.4284585881233216,-0.01582551664672792,-0.011454287276137624
6,29,2,51,-6.980968866348265,True,False,True,-4.0,0.11677341632992184,0.12690407250578337,0.008599993456155064,-0.08681277952156964,-0.14793473108176838,0.0,-0.008875154181150719,-0.04927175598219037,-0.14122305840253827,-0.05341286977753043,-0.01792804296128453,-0.009197771563874541,-2.685013756752015,-0.020931021381402383,-0.012645346152130513
6,13,2,42,-6.927373123168946,True,False,True,-4.0,0.10082602151814173,0.1643134580369371,0.014199987705796956,-0.05881118827499449,-0.2604697612195742,0.0,-0.0036079846322536477,-0.050449044816195956,-0.11365908682346341,-0.045225048419088136,-0.012006258526816966,-0.00624371739641447,-2.6207801365852355,-0.02255400681169704,-0.012906341189518574
6,60,2,34,-6.347621246576308,True,False,True,-4.0,0.1672172463165771,0.05117835656813668,0.0026999976299703124,-0.0570404627546668,-0.20757550373062256,0.0,-0.0036218503070995214,-0.038591015748679645,-0.09622072383761408,-0.03622220827266574,-0.007759369583800434,-0.004078075243378408,-2.0831228089332585,-0.026607198319397868,-0.007877443842589855
6,16,2,53,-10.698756237030029,True,False,True,-4.0,0.519369577578036,0.1860543829760979,0.0,-0.10445472854189576,-0.28961137319100094,-3.6060741734504695,-0.01323509128764272,-0.0733309557288885,-0.16103465557098384,-0.06408275606110692,-0.019584022843337153,-0.013112848498531096,-3.0204545831680303,-0.024075255645439022,-0.015129699236713355
6,54,2,46,-6.836817986965179,True,False,True,-4.0,0.28274491905081967,0.04260972706302585,0.008199992282316089,-0.06975351130589842,-0.12236351186031243,0.0,-0.019807238131761547,-0.052809258475899706,-0.11521883245557546,-0.047774679418653244,-0.018738572779111562,-0.008105615528966156,-2.6792529392242423,-0.02522586590610444,-0.011322724421042948
6,33,2,43,-6.81539563179016,True,False,True,-4.0,0.33073912353953355,0.15542561644396424,0.014699987675994636,-0.06149749882519246,-0.30074128899839714,0.0,-0.013934585675597189,-0.04463916428387165,-0.11576745659112932,-0.04031485192477704,-0.02134785766713321,-0.012265232908775943,-2.6407116079330453,-0.04982244579587132,-0.015218420736491678
6,40,2,38,-6.099503086805344,True,False,True,-4.0,0.3652095027547331,0.05011064175314445,0.00289999888278544,-0.07278107386082412,-0.08861451825709081,0.0,-0.0198466232791543,-0.060226155016571276,-0.10630763813853261,-0.05783120831474661,-0.014366281367838381,-0.04763866229997803,-2.0184965157508845,-0.02093537804670632,-0.010679278725292533
6,49,2,51,-11.020154986381533,True,False,True,-4.0,0.35866442676096083,0.11391426510428716,0.0,-0.09701108762994408,-0.23231390760163778,-3.7369404840469356,-0.030451338365674017,-0.050938051268458365,-0.1736566328257322,-0.059173300303518785,-0.01803621818777174,-0.009280242669501603,-3.044756407737731,-0.026526608359999957,-0.013649249826557934
6,23,2,62,-11.74094923734665,True,False,True,-4.0,0.6133870522349025,0.19270659654808608,0.0,-0.0810831728670746,-0.3855380302172854,-4.107993373870849,-0.004348102090880274,-0.08327524263411758,-0.1909118981659413,-0.09914043501019477,-0.016974421229679137,-0.020950825783746775,-3.512047357559203,-0.02306190354982391,-0.021718178829178213
6,50,3,27,-5.777198107242584,True,False,True,-4.0,0.07652482484176289,0.04692908767149509,0.006499996315687894,-0.04933066951110959,-0.037580680759565444,0.0,-0.004401630004867912,-0.03012192078866064,-0.06519629605114459,-0.030846274690702565,-0.004755337335518561,-0.01893308067752514,-1.642647715806961,-0.0159196553286165,-0.007418889040127398
6,41,2,45,-6.8902694809436795,True,False,True,-4.0,0.0379825800951221,0.1028950418223949,0.007899993378669024,-0.0709334126021713,-0.10406234388938175,0.0,-0.0042449675500392916,-0.0625864527374506,-0.1139363618195057,-0.028935811519622802,-0.016792964292690164,-0.009246391974866128,-2.5945086216926576,-0.021314915916882456,-0.012484423802234235
6,6,3,41,-6.728616261482239,True,False,True,-4.0,0.028650894160103798,0.030738498162145116,0.007099994812160731,-0.05930017767474055,-0.18293520791514314,0.0,-0.007016062326729297,-0.049002470262348656,-0.1016478722542524,-0.055921911597251905,-0.012100300560705367,-0.011563563609888663,-2.2793870019912714,-0.025628235545009374,-0.010602803246583789
6,11,3,33,-6.051704932451249,True,False,True,-4.0,0.2199977907609354,0.053159587962260044,0.007299995459616184,-0.03695823304355144,-0.1389745976685663,0.0,-0.011776322089135647,-0.025715614818036556,-0.0899932274967432,-0.020441811447963115,-0.00785462383646518,-0.006232568651194017,-1.97177172422409,-0.014040125384926794,-0.008403573855757712
6,27,2,44,-6.367007381916046,True,False,True,-4.0,0.3517470532655716,0.06066322916868614,0.010299992058426143,-0.07122062972688581,-0.1788658169099654,0.0,-0.005170782059431076,-0.04275495121255516,-0.10907047234475611,-0.02766272660344839,-0.008495277616893872,-0.005910222368072765,-2.318085548877716,-0.013948182621970775,-0.008533194863703101
6,47,2,42,-6.646836109161377,True,False,True,-4.0,0.0015068685363566739,0.04540902654255556,0.00999999242834747,-0.057568278927356005,-0.08461808078362082,0.0,-0.007514337096363306,-0.04357441674917936,-0.1353209498524666,-0.061923509696498506,-0.012679060036316511,-0.021051938349501143,-2.2500621473789213,-0.019329884261824193,-0.010109576201066376
6,52,2,57,-7.4025147747993465,True,False,True,-4.0,0.5440144903801594,0.1432885530836492,0.012899989094585182,-0.07712974471505728,-0.1962766105240007,0.0,-0.014144007693976165,-0.07178942020982503,-0.16780588358640672,-0.07694688599556684,-0.017864144894992936,-0.010207604422540158,-3.399154357910156,-0.05371730319224298,-0.017682248668279492
6,58,2,41,-9.379163408279421,True,False,True,-4.0,0.13001901791855625,0.06059336017878718,0.0,-0.0643515418842435,-0.11232147971051742,-2.695895178318024,-0.02525262428447604,-0.04909895863384009,-0.10600666925311089,-0.05665979947894812,-0.014143973207101224,-0.026673169346540817,-2.384008593559265,-0.023149317177012574,-0.012214331999421122
6,31,3,37,-6.615498008728028,True,False,True,-4.0,0.03742099390830845,0.04737036514385155,0.0049999958090484135,-0.054984163567423805,-0.2740412878099596,0.0,-0.005636311359703541,-0.035694568417966366,-0.11762017339468003,-0.04760039987042545,-0.013617607802152633,-0.003945780143359913,-2.1233768391609193,-0.016746243536472326,-0.012025961817707867
6,38,2,39,-6.468329201936722,True,False,True,-4.0,0.12783360733498517,0.13703717510144472,0.012199988663196562,-0.05206597152166069,-0.28016966499155393,0.0,-0.0119475207105279,-0.035848809042945504,-0.09529150947928429,-0.04112910603173077,-0.0095182674494572,-0.013004520358920002,-2.1824150204658515,-0.014649849086999888,-0.009359828359447417
6,44,2,36,-6.45776839017868,True,False,True,-4.0,0.09581681064040765,0.05653905541590579,0.002699998188763857,-0.06646678876131773,-0.22834383713954592,0.0,-0.011012295261025429,-0.03167308337986469,-0.10487930685281754,-0.038065164098516104,-0.011154951369389892,-0.007071859354327899,-2.0719016742706295,-0.03373015478253365,-0.008525283357594162
6,2,2,54,-6.8774155783653255,True,False,True,-4.0,0.5324176547117527,0.13197566795150603,0.004599996358156204,-0.08141038320958616,-0.09688002045770647,0.0,-0.009215125533519313,-0.05452187111601233,-0.16565295428037646,-0.06451046539470554,-0.019696335987537172,-0.014772376037085453,-3.002182312011719,-0.024697328591719275,-0.012869630227796735
6,14,2,37,-8.656994585990907,True,False,True,-4.0,0.19055165047793704,0.08272031522975921,0.0,-0.05423540586954914,-0.14743562624847983,-2.190740687847138,-0.008168386407196521,-0.03299200560897589,-0.10216240920126435,-0.036755182761698965,-0.012854912737384434,-0.004028616020318418,-2.317297275066376,-0.014493466266430912,-0.009102486495394259
6,19,2,39,-6.266474047899246,True,False,True,-4.0,0.3282924715150148,0.06527200305304989,0.00809999231249094,-0.056443421505391604,-0.18164611947140655,0.0,-0.007968741197837519,-0.041322722500190145,-0.1040054535865784,-0.03312862070277334,-0.01400342097971588,-0.006248097525526646,-2.200509703159333,-0.01364331893157214,-0.009218738898634908
6,36,2,45,-7.199050176143646,True,False,True,-4.0,0.021227359978054257,0.09824800136615226,0.013599991016089922,-0.0694791499711573,-0.23272653955500577,0.0,-0.01687300201505423,-0.05080594077706336,-0.1359225517511368,-0.055084472410380836,-0.015683614281006154,-0.008847727932243287,-2.7073185944557205,-0.025197254202794287,-0.014186745802871882
7,25,2,45,-7.277820358276368,True,False,True,-4.0,0.0003850410309132712,0.0877861971204568,0.008099994082003832,-0.052352959075942625,-0.042097670198418195,0.0,-0.00809317946434021,-0.054910694472491736,-0.12675201803445818,-0.05775886518880724,-0.010247078321408478,-0.020649138918670363,-2.940804727077485,-0.04497047546552494,-0.015454666521400214
7,3,3,41,-9.237524976730349,True,False,True,-4.0,0.2993727288666901,0.14874054326298275,0.0,-0.06636340957600621,-0.05391803911246826,-2.6438405442237847,-0.006962678576819599,-0.06319957930594684,-0.10612163156270979,-0.06336163753643631,-0.014225613358430566,-0.03675078356132872,-2.5954746866226195,-0.023001248184591528,-0.01241836844012141
7,10,2,50,-7.123019835948945,True,False,True,-4.0,0.4580507741712791,0.15059740358632276,0.0050999952107667924,-0.08842025931924583,-0.21041576266638004,0.0,-0.0031668474711477757,-0.05774882128462195,-0.14093328475952147,-0.05579974284395576,-0.019777301773428926,-0.003504321429172705,-3.118412418365479,-0.026235083448700607,-0.012354111275635661
7,17,2,55,-7.695729242563247,True,False,True,-4.0,0.13224160986952488,0.13227559735585734,0.007999996319413186,-0.07766784847714008,-0.2515538685419597,0.0,-0.009793051835149528,-0.048425595816224826,-0.15449906982481476,-0.07674984266981483,-0.017790383789688346,-0.0135608135043185,-3.2797453260421747,-0.023701893123798078,-0.014758791218046097
7,21,3,38,-6.188648502826691,True,False,True,-4.0,0.3609920813317877,0.0853074119582256,0.004399996101856232,-0.05559594500809908,-0.07883091998926829,0.0,-0.0034385128854773936,-0.04746254950761795,-0.11505627088248728,-0.06012522786855697,-0.012093458557501434,-0.023299689628765913,-2.1855214762687685,-0.0476591952284798,-0.01026467434130609
7,48,3,37,-8.555861687660219,True,False,True,-4.0,0.1365420761029236,0.0435019297754967,0.0,-0.07637219220399857,-0.10095034503188799,-2.065033278465271,-0.0049873959645628935,-0.035292523838579656,-0.09419177986681461,-0.03366364003159106,-0.00903981783427298,-0.0128851961934015,-2.268089816570282,-0.024935599965974678,-0.010464048108551652
7,24,3,28,-7.387820472717285,True,False,True,-4.0,0.04508667201906519,0.09772142794773239,0.0,-0.043389577148482204,-0.15046748903230764,-1.4977146482467654,-0.0016979104280471803,-0.020264568571001295,-0.0765428002923727,-0.02650136198848486,-0.0057627372071146965,-0.013070800749046612,-1.6778010916709898,-0.009222237262874841,-0.0081934270914644
7,26,3,41,-6.649896194934844,True,False,True,-4.0,0.12317099552088114,0.12381655838332097,0.0045999961160123354,-0.07603858612477779,-0.21712736478162697,0.0,-0.014315921589732172,-0.06276005510240794,-0.1121754928678274,-0.03986638467293234,-0.017296273680403824,-0.006510365796086433,-2.3255968737602233,-0.01793607818894088,-0.01186016969382763
7,4,2,36,-8.392348070144653,True,False,True,-4.0,0.10059247279481492,0.03458677855070867,0.0,-0.04989160668337717,-0.13311131555645264,-1.974882211685181,-0.0038560577062889943,-0.03517011046409607,-0.08963585101068021,-0.041020694412291066,-0.00997325960546732,-0.009878037961316295,-2.159921171665191,-0.011765068264212461,-0.008421801701188085
7,12,3,34,-6.472121410369873,True,False,True,-4.0,0.048188990315879886,0.07316734787780918,0.003499997034668923,-0.05900932643562555,-0.05965203136671335,0.0,-0.012642545588314532,-0.03137185905128718,-0.10441149845719337,-0.042848196625709524,-0.01138029905036092,-0.02243761526420713,-2.217121589183807,-0.027231931248679758,-0.008871063343249263
7,28,3,38,-8.9095724773407,True,False,True,-4.0,0.09091532188032488,0.0858541810838062,0.0,-0.07290151972323654,-0.12133662866406666,-2.438292634487152,-0.014319096729159354,-0.040592906400561325,-0.09929089516401293,-0.045150672355666756,-0.016669657137244935,-0.006658707042151946,-2.2079809570312503,-0.013539809840731325,-0.009608226250857114
7,62,3,33,-8.371147427558899,True,False,True,-4.0,0.12374452203961481,0.032350312736583606,0.0,-0.06783824022859336,-0.21142581841675567,-2.126492171287536,-0.014168474208563566,-0.02676061511039733,-0.08974741891026498,-0.05518864747136832,-0.01270648651756346,-0.002909421194061679,-1.887561824321747,-0.0239278156356886,-0.008515445718076083
7,18,3,42,-6.974062662124634,True,False,True,-4.0,0.10214736386784352,0.15676227364068746,0.007599993851035833,-0.0842793545406312,-0.39110420969314874,0.0,-0.015796994268894197,-0.06042506527155638,-0.11496665418148042,-0.05520369306206704,-0.016407456360757352,-0.009468260717258092,-2.4576037192344664,-0.02033886285498739,-0.01497771677095443
7,56,2,48,-6.615290511846542,True,False,True,-4.0,0.25211832912804766,0.17190067226041958,0.01789998305030167,-0.06073194660246375,-0.12290411726902672,0.0,-0.020865320321172477,-0.0697907887771726,-0.14166498981416226,-0.05066348712891341,-0.015429966821102429,-0.012350807610782793,-2.530784080028534,-0.020067842230200767,-0.011956004458479587
7,22,3,45,-9.3655415725708,True,False,True,-4.0,0.4011573632922954,0.07835902602494732,0.0,-0.06383311748038976,-0.17168232301599345,-2.729007441997528,-0.009181645754724741,-0.06293355636298656,-0.10874845057725904,-0.04905537799000739,-0.015027352974284439,-0.007068022781309083,-2.60028815984726,-0.01443782657850534,-0.01379488740582019
7,39,2,63,-8.122800476551056,True,False,True,-4.0,0.09321292745418532,0.1172517214496932,0.013299987725913526,-0.09776590115274301,-0.1994607942318544,0.0,-0.003679888211190701,-0.06903615873306991,-0.17386155009269721,-0.06929229950532317,-0.022060467451810846,-0.013614854048752817,-3.656133668422698,-0.024309564433060586,-0.017350091922562573
7,61,3,35,-6.207612258791924,True,False,True,-4.0,0.15153503294815887,0.08226128685092857,0.007199993263930083,-0.04868812928907574,-0.12527743921556975,0.0,-0.01735721139237285,-0.053037074469029916,-0.09563966810703278,-0.028236736804246897,-0.01204225590918213,-0.0040707293956393185,-2.036078027486801,-0.018732113558799023,-0.009449168175924571
7,1,3,40,-8.894649651050567,True,False,True,-4.0,0.191981595162797,0.12283150810019167,0.0,-0.060026138536632065,-0.20004050030984222,-2.22643839597702,-0.004090451262891292,-0.03570643983781337,-0.1065145069360733,-0.043542996123433125,-0.01007182154804468,-0.004758655219505829,-2.486551194190979,-0.020988968461751942,-0.01073230199981481
7,59,3,35,-8.501140980720521,True,False,True,-4.0,0.3252669291751227,0.07593977140883583,0.0,-0.0847396899946034,-0.014618375775171444,-2.4250732231140137,-0.011458058133721352,-0.03903399799019098,-0.11382611215114592,-0.04895243529230358,-0.012714527444913986,-0.02826664356063702,-2.0770888590812686,-0.03701857176609337,-0.009557161452248695
7,7,3,33,-6.143784420490265,True,False,True,-4.0,0.039053632444774854,0.10402361988323136,0.008299992373213173,-0.048548084609210486,-0.07316434453969121,0.0,-0.0035933505650609723,-0.042762797009199854,-0.08323316410183906,-0.0470495932828635,-0.011474549947306512,-0.04373429614713132,-1.9116613602638242,-0.01870671764947474,-0.011233347482047974
7,35,3,38,-6.4174932372570055,True,False,True,-4.0,0.06639704376149214,0.1296848287989565,0.007199994325637817,-0.06569981895387174,-0.16514343347149407,0.0,-0.015134224481880667,-0.044005489125847806,-0.10633502811193464,-0.03125400948803871,-0.011580459093675019,-0.0027781316287948817,-2.1515565896034237,-0.01807469095103443,-0.009213242847472429
7,8,3,36,-6.005595686435699,True,False,True,-4.0,0.3896409429016059,0.15776467828528729,0.007299994267523289,-0.058830837719142444,-0.09229867875081253,0.0,-0.0020462184399366377,-0.03748667895793915,-0.09571619845926763,-0.04620105424895884,-0.01037108572199941,-0.027121287496884184,-2.1551750934124,-0.02546825593570248,-0.009585994894150646
7,42,3,51,-7.231974620819091,True,False,True,-4.0,0.14993321677735716,0.11753918911235171,0.007699993513524533,-0.0973740725312382,-0.11013921208679674,0.0,-0.011340832449495792,-0.06804278437048196,-0.13672550804913045,-0.05624441402032971,-0.01469845227431506,-0.022663087581349828,-2.951129333972931,-0.024178714090958245,-0.014610588608775291
7,43,3,40,-6.533213981389999,True,False,True,-4.0,0.2565735552785919,0.13332900064253095,0.010299990829080346,-0.0743956081895158,-0.3652495348238154,0.0,-0.008588545434176921,-0.0316632061265409,-0.1089667596668005,-0.04229472450911999,-0.011195898475125433,-0.009530531638010872,-2.2524651122093204,-0.017870764294639227,-0.011195892797550186
7,45,3,47,-10.081668491363526,True,False,True,-4.0,0.14955263424664736,0.12060030307514369,0.0,-0.06733186680823564,-0.2637599741702434,-2.9774962186813356,-0.004899411983788013,-0.05122232730500399,-0.14634466588497164,-0.047652661148458716,-0.021761042475700373,-0.019405094125094405,-2.717690448760986,-0.018865881499368693,-0.01539205247303471
7,23,3,28,-7.41933686733246,True,False,True,-4.0,0.22594755486585197,0.09236318609172565,0.0,-0.03429189271293581,-0.21048851216037293,-1.6605298924446106,-0.00211440023034811,-0.027812074087560177,-0.07196144923567771,-0.03543690733611584,-0.00901861154474318,-0.00499696620478062,-1.637913088798523,-0.03381660846062005,-0.009267106140032412
7,34,3,46,-6.853788335323333,True,False,True,-4.0,0.39900035659782584,0.1304647923816837,0.015499988645315172,-0.06865250831469893,-0.11542239527218043,0.0,-0.006225739195942879,-0.04405011229217051,-0.11462825968861581,-0.060892608053982264,-0.011117646973580121,-0.015841919340819004,-2.9291278576850894,-0.01943519917316734,-0.013359221105929462
7,51,3,52,-7.580991802215575,True,False,True,-4.0,0.05022021297933158,0.12121636469304839,0.010599993076175453,-0.08385033129714427,-0.22542100399910853,0.0,-0.022146790474653243,-0.05468730775639415,-0.14360593229532245,-0.060465267933905116,-0.016897053061984482,-0.01010214526107916,-3.1102296471595774,-0.022293796110898257,-0.013329119309782983
7,15,3,43,-9.497619400024416,True,False,True,-4.0,0.1467627202637232,0.11386067145890111,0.0,-0.04795419279485942,-0.22989487930200997,-2.474364042282105,-0.00761297695338726,-0.03975558305159211,-0.12604659132659435,-0.04427923772484064,-0.011082988420967015,-0.007989314892547556,-2.7392898249626154,-0.018520258124917744,-0.01145308833569288
7,55,3,39,-8.7151314163208,True,False,True,-4.0,0.05694270354613763,0.11354103161578444,0.0,-0.05731494846288115,-0.16017703226360025,-2.2073129725456244,-0.0035064381361007693,-0.03385806627571583,-0.11645258456468587,-0.041111170314252383,-0.014105850057676438,-0.006236255257954327,-2.2206717967987064,-0.01434271265519783,-0.010525361227337271
7,13,3,38,-6.490266633033752,True,False,True,-4.0,0.0014186138500963355,0.05920699493289481,0.009099992513656618,-0.0539433277444914,-0.09858229529636446,0.0,-0.009163382500410079,-0.04399400737136602,-0.12494604259729383,-0.046100797001272446,-0.00733965006598737,-0.018776691456296252,-2.1233882451057444,-0.023224876583553843,-0.01053297494538128
7,29,3,40,-6.664509661197663,True,False,True,-4.0,0.07771411034413629,0.11922105567511129,0.006899994481354952,-0.05903685724362732,-0.28017322606639933,0.0,-0.004216376449912786,-0.058824330493807794,-0.1220953980833292,-0.05542554317042231,-0.009286500751040875,-0.0038907472399102973,-2.245323078632354,-0.019272931828163566,-0.010800145042594524
7,46,3,50,-10.537579326629636,True,False,True,-4.0,0.44516969099101517,0.08350358415396598,0.0,-0.08311630295589567,-0.25862932893913243,-3.4275602054595944,-0.023287421222776175,-0.08167838726192712,-0.1382991752773523,-0.07552850074134765,-0.014471470871940256,-0.011310898972151335,-2.916232357025147,-0.02100988585501909,-0.015128465415909887
7,0,3,44,-6.5359365534782405,True,False,True,-4.0,0.4310083084087819,0.11309211202894826,0.004399996306747198,-0.08353358619846404,-0.060975488611584305,0.0,-0.010601964097004384,-0.056552289538085464,-0.10858712986111645,-0.05008632129989563,-0.024567369594005867,-0.02238303064019419,-2.6294361281394956,-0.02595731358625926,-0.011756324907764789
7,60,3,39,-6.471262043714525,True,False,True,-4.0,0.22976108894792555,0.12373498208235988,0.012099992036819463,-0.04673800010699779,-0.22022662163421047,0.0,-0.010258016455918551,-0.03326131979003549,-0.1173054517060518,-0.04314059392549099,-0.011667116725584492,-0.007532074371234217,-2.3234933209419255,-0.013685012478381395,-0.009550414984114467
7,9,3,47,-9.4608061337471,True,False,True,-4.0,0.4273061324472655,0.1598003762854241,0.0,-0.06503463490866124,-0.14736435247541524,-2.978311356306076,-0.00616040125489235,-0.05540968619287015,-0.15097187206149099,-0.0576006261445582,-0.01985955476295203,-0.013352786877803738,-2.5219702529907226,-0.01788402492413297,-0.013993317130953076
8,2,3,27,-7.345090894699098,True,False,True,-4.0,0.023268795673762957,0.07239205834764968,0.0,-0.059899308979511255,-0.14125262442044917,-1.5483513236045838,-0.004858526205644012,-0.024038224574178462,-0.073557897657156,-0.029992022849619396,-0.008152740551158784,-0.010057428589207119,-1.5239993000030514,-0.01027779818978161,-0.006314462696900592
8,5,3,46,-6.819912879467012,True,False,True,-4.0,0.1891090862381525,0.14616230831889793,0.008499993029981851,-0.0632632335089147,-0.1401983062445651,0.0,-0.021706716269254685,-0.05619702778756618,-0.1451097831875086,-0.0643251023069024,-0.012337057869881391,-0.016426720210001803,-2.6094538521766664,-0.022823052983731027,-0.011843246829230342
8,32,3,48,-6.635219742059708,True,False,True,-4.0,0.4150679178307895,0.10623363189516125,0.012099988702684644,-0.08715636755805464,-0.11078906316586654,0.0,-0.01761735552921891,-0.05982676215469837,-0.15425598740577698,-0.04205374252051116,-0.01457924152724445,-0.01302584949287848,-2.6309193921089182,-0.024352374046575278,-0.014044930741656574
8,40,3,38,-8.878234686851503,True,False,True,-4.0,0.22918921371479892,0.07563881025282836,0.0,-0.05674644010607153,-0.09456782802153613,-2.4853601050376897,-0.00340663006529212,-0.045142435897141696,-0.12025377348065375,-0.05475089637562633,-0.009615705288015306,-0.01946428475581343,-2.266227610111237,-0.018488293781410904,-0.009038372742943467
8,16,3,41,-6.6070680117607115,True,False,True,-4.0,0.15125126186110266,0.06843087485652247,0.014899987336248158,-0.06362279932014646,-0.09985734279500323,0.0,-0.009859497249126433,-0.05512696731835603,-0.12014698505401607,-0.04786196870729326,-0.015946866418235003,-0.014240379706316161,-2.386798388957977,-0.015669972957111894,-0.012518974989652636
8,25,3,25,-5.653899821043015,True,False,True,-4.0,0.10817664593458176,0.03946762979347721,0.004399995729327202,-0.03362656948622316,-0.21047038802687892,0.0,-0.0016343292221426965,-0.036553127951920034,-0.07211653903126716,-0.03473435737192631,-0.009940140992403033,-0.007564220929007206,-1.3806337356567382,-0.01046596703119576,-0.008204858251847328
8,33,3,39,-9.037925655841828,True,False,True,-4.0,0.08857559412521365,0.09998091710368948,0.0,-0.057632691301405435,-0.19642451138235628,-2.536277421712876,-0.0064197729900479315,-0.036900394223630416,-0.11801128543913361,-0.0557572072930634,-0.016794806038960816,-0.013733997862800608,-2.1637661123275764,-0.014404067345894875,-0.010360063877888024
8,53,3,51,-6.668964903354645,True,False,True,-4.0,0.44158947657793746,0.159152489671024,0.0062999951466918,-0.07712787660304457,-0.21481878076621796,0.0,-0.007635776530951262,-0.06223427023738623,-0.15133749030530455,-0.07283045984804631,-0.021322536356747152,-0.016122123777749946,-2.6184054732322704,-0.019165298375301065,-0.015006715781055386
8,54,3,40,-6.687181653976441,True,False,True,-4.0,0.0004335786724046431,0.03266834141909264,0.00859999262727797,-0.058100515333935634,-0.2339632114506094,0.0,-0.005996133666485548,-0.0574469394236803,-0.11141142830252647,-0.04653879892081024,-0.020905303452163935,-0.0060569451956689595,-2.16227338552475,-0.01647113403305411,-0.00971979512600228
8,52,3,34,-6.190961575508117,True,False,True,-4.0,0.06528937812186768,0.05810911607880194,0.0,-0.05757982866838574,-0.08271405391264125,0.0,-0.012978111542761328,-0.05055924255400896,-0.08608891621232032,-0.05021116787567736,-0.007998453262262046,-0.030334188901197198,-1.9055512142181399,-0.020131967533379792,-0.010212823348119857
8,63,3,50,-7.275270941257477,True,False,True,-4.0,0.261159435333684,0.16262708963517736,0.008099993653595448,-0.09635179630480709,-0.3743556317318872,0.0,-0.007518896269612014,-0.05323987863957882,-0.15366789944469927,-0.0489010532386601,-0.015263910056091849,-0.01231009655748494,-2.908319203853608,-0.023824207782745358,-0.0134048602450639
8,6,4,38,-6.354473631381989,True,False,True,-4.0,0.3335780260362662,0.0912529683721602,0.006399994799867273,-0.06283982200548052,-0.24478275488130746,0.0,-0.01664789941161871,-0.04288060190156102,-0.09540087550878526,-0.050875764489173886,-0.013268058206886053,-0.006267040184587814,-2.2292305970191952,-0.015946899517439307,-0.00756442489102483
8,14,3,31,-7.860950679779053,True,False,True,-4.0,0.08004420865210704,0.05867792706624168,0.0,-0.03587543176254258,-0.18392039494836357,-1.863620984554291,-0.004225365443853661,-0.034079168550670155,-0.08028260424733162,-0.03446610901504755,-0.014211568729951976,-0.0057542563122297,-1.7189623069763187,-0.013281903923489153,-0.010992443845607339
8,20,3,59,-7.889853866100312,True,False,True,-4.0,0.0007049763860550937,0.2274666015293208,0.017599987387657168,-0.09825997983571141,-0.16797587757988372,0.0,-0.008649948078673333,-0.08943987777456644,-0.18049277812242512,-0.06993554878979921,-0.02434390830807388,-0.017268496565257033,-3.4144379830360396,-0.04452309129759669,-0.020298036788590254
8,27,3,38,-9.263794744014739,True,False,True,-4.0,0.2832292750708439,0.09071980065605263,0.0,-0.07409353427588941,-0.12399065744422842,-2.7685324859619143,-0.006783143803477288,-0.06120740514248609,-0.13381385184824468,-0.04235905068926513,-0.011795138115994634,-0.015921613494865594,-2.3605578947067265,-0.026208238732069733,-0.01248118218732998
8,47,3,40,-8.813085408210753,True,False,True,-4.0,0.1918465494948486,0.022528764342713548,0.0,-0.06554161842912437,-0.1282949697924778,-2.493684887886048,-0.019372023325413466,-0.03937419630587101,-0.11180371522903441,-0.03872120823711158,-0.015251822052523498,-0.008220510152159476,-2.081859120130539,-0.017127346140332518,-0.008209119709208606
8,58,3,39,-6.342913773059845,True,False,True,-4.0,0.37635985769331454,0.08536134477615695,0.008199994005262851,-0.04897323235869409,-0.21545477777835914,0.0,-0.006345056281425061,-0.03739408470690251,-0.12086222991347313,-0.047180030820891256,-0.009460452347993852,-0.012867436088126849,-2.2876947689056393,-0.014524558619596064,-0.01207833168329671
8,57,3,61,-7.418713452816009,True,False,True,-4.0,0.7476461128145457,0.137464169967488,0.02559998283162713,-0.06734997844323516,-0.26754525257623757,0.0,-0.005521830134093761,-0.0631571828573942,-0.16701824754476546,-0.0770724443346262,-0.023365925396792577,-0.020814271104154795,-3.584503467082978,-0.03492746698204428,-0.018147795074619354
8,38,3,40,-6.645901820659638,True,False,True,-4.0,0.04634837445330113,0.07703486192598963,0.017899989783763885,-0.05270797817502171,-0.12347110739792697,0.0,-0.011593971662223337,-0.05086217060685155,-0.09433091558516027,-0.0394191720895469,-0.009074529688805342,-0.006556682629498028,-2.3653925323486336,-0.022092956723645328,-0.011682930914685129
8,4,3,32,-6.346396329402924,True,False,True,-4.0,0.015310429279544307,0.06620560435981732,0.008599993474781515,-0.06531292378902435,-0.11823377669148613,0.0,-0.0077104147872887555,-0.04049805514514446,-0.09148098722100259,-0.03193822868168354,-0.009686577565735205,-0.00910890966650186,-2.036049702167511,-0.018410855401307345,-0.008081956920213997
8,30,3,59,-7.613415162563324,True,False,True,-4.0,0.21963858557166527,0.08211233459639353,0.013899987991899255,-0.07405856243800374,-0.24040498869610022,0.0,-0.01222802121192217,-0.05509557571262119,-0.1482917131483555,-0.06495540255680679,-0.02326227809302509,-0.006107136458239922,-3.2619138169288653,-0.0270689449319616,-0.01567963481880725
8,44,3,41,-8.705781068801882,True,False,True,-4.0,0.14316813447177998,0.044603059090758915,0.0,-0.07236275844508781,-0.08203890118282288,-2.1945910429954525,-0.004364266302436591,-0.046037915311753747,-0.09880575232207775,-0.03354079069569706,-0.011052498770877715,-0.010407617674209176,-2.2698117923736576,-0.05673666721675545,-0.013802155724260957
8,21,4,37,-8.361719627380372,True,False,True,-4.0,0.09979813751962868,0.061141943692717124,0.0,-0.04588293661130593,-0.090536667117849,-2.190203552246094,-0.01498234495520592,-0.035052378550171855,-0.09672304689884184,-0.04204632114619016,-0.012665598914027217,-0.012408477581629994,-1.960409090518951,-0.013462887322530146,-0.00828654630924575
8,31,4,44,-6.750986788272858,True,False,True,-4.0,0.15580503469192986,0.10882694370501769,0.0174999881722033,-0.06084197397343814,-0.1458796864841133,0.0,-0.029403325393795973,-0.037789003998041144,-0.11182956986129286,-0.04754628741182387,-0.01527764027006924,-0.004788224842667141,-2.5432624006271367,-0.02538486087694764,-0.01111584451049566
8,10,3,39,-6.509276056289673,True,False,True,-4.0,0.0010276916485873143,0.08792160216242939,0.01969998662360013,-0.05465805552899838,-0.10553444150136786,0.0,-0.006057676858035848,-0.0643649799004197,-0.11692793667316435,-0.0511689930409193,-0.011015915712341664,-0.02612962749204598,-2.1519915723800658,-0.020872718472965065,-0.009203415046213194
8,36,3,41,-9.061496453285216,True,False,True,-4.0,0.19425096254795793,0.1641635512848661,0.0,-0.04051807729993016,-0.21810474992264062,-2.5075438785552984,-0.003776738001033664,-0.03924956804141402,-0.10796979598701002,-0.06596910944208505,-0.01514770859852433,-0.01490899174342573,-2.3738042473793017,-0.021498517123982312,-0.011419799248687924
8,62,4,34,-6.236695342063905,True,False,True,-4.0,0.0038849471758491396,0.030725097317041282,0.00549999501556158,-0.05648989517241715,-0.15668012304900913,0.0,-0.022326904200017452,-0.03974183332175016,-0.10738208360970022,-0.03522714886814356,-0.013419753159396352,-0.005562227701575466,-1.8177715516090396,-0.01398152911104262,-0.00822245169663802
8,11,4,51,-7.170683175325394,True,False,True,-4.0,0.2275113193085418,0.15919822221179847,0.014799987599253658,-0.07036242303438485,-0.23194087901036253,0.0,-0.005819458849728108,-0.05028148043900729,-0.12357363194227218,-0.050086919143795976,-0.00918925465317443,-0.004977875822117992,-2.9896028244495394,-0.023202080973424015,-0.013155716846231371
8,48,4,41,-6.890140628814699,True,False,True,-4.0,0.0495238241389389,0.10576541357603937,0.004999995250254871,-0.06732967493589967,-0.18033724567474563,0.0,-0.017534572444856168,-0.06450576409697534,-0.12027551330626009,-0.050151862055063244,-0.013613186860457064,-0.010112732223933565,-2.489579093456268,-0.02426333421142771,-0.012726943930611013
8,49,3,57,-11.338605577945707,True,False,True,-4.0,0.4837579445831943,0.11857955269573063,0.0,-0.12115647543221712,-0.24993285457137973,-3.6232447767257687,-0.01031705241650343,-0.06570749569684267,-0.1734387269616127,-0.06673307854682206,-0.01723486472852528,-0.006200927557329125,-3.5571719717979433,-0.031893716794438656,-0.017911315802484753
8,59,4,32,-5.824301415681839,True,False,True,-4.0,0.16857371523947978,0.1018376611939354,0.00649999488145113,-0.06085499548353254,-0.01887605765252374,0.0,-0.011529385820031166,-0.05503108546137809,-0.0819982547312975,-0.04010342409834265,-0.01053126602433622,-0.03955022780593026,-1.751109757423401,-0.022592281564138828,-0.00903607945132535
8,12,4,38,-8.657323336601257,True,False,True,-4.0,0.16349199207187665,0.09889129524699054,0.0,-0.05881758939474821,-0.15225773088401187,-2.181492655277252,-0.025965089611709118,-0.024420317709445954,-0.10609427750110625,-0.03677821004763246,-0.013786557614803314,-0.0034004181729597343,-2.287858538627624,-0.020299760028719905,-0.008535309429280461
8,17,3,44,-6.99801270723343,True,False,True,-4.0,0.0823480580415656,0.056755519776143744,0.013499987442046406,-0.07247348102740946,-0.1925293111550854,0.0,-0.023589547676965594,-0.052998712081462146,-0.12359835959970952,-0.057299333354458214,-0.010921320421621205,-0.004307612534557848,-2.576503734588623,-0.023625373998656867,-0.012769450913183392
8,19,3,46,-6.812259895801544,True,False,True,-4.0,0.06386707684025168,0.10277001373329878,0.011599990501999856,-0.07751665361225606,-0.11769215957494453,0.0,-0.005552473310381175,-0.06525845823809505,-0.1350133441388607,-0.04689563002437354,-0.019359116863925014,-0.009029279608184879,-2.4837317204475404,-0.016402573888190095,-0.014045493346638972
8,3,4,45,-6.7642967224121096,True,False,True,-4.0,0.44534945853520186,0.07631864801764525,0.010899990610778334,-0.05464447804726659,-0.2511601222146419,0.0,-0.027545458525419238,-0.05017640877515078,-0.13804722484201196,-0.06246139879338444,-0.023228823682293294,-0.010356534711977474,-2.6375831675529477,-0.025190803357400007,-0.0164706124458462
8,28,4,39,-6.3104211723804475,True,False,True,-4.0,0.46248348949477064,0.04909392353906296,0.008299994207918644,-0.06335284965578465,-0.15490643018914851,0.0,-0.009278197549283504,-0.048754020854830736,-0.11977944992482663,-0.041003799084573994,-0.011405617780983446,-0.007808748315655976,-2.3343807220458985,-0.02718771683750675,-0.012440882250666616
8,50,4,57,-10.964577798843383,True,False,True,-4.0,0.5051749655371532,0.07181478272598202,0.0,-0.08889275406487285,-0.3723692818111159,-3.4611396551132203,-0.003140731938183308,-0.047625779472291456,-0.17204878836870194,-0.05884760355576873,-0.029459710698574778,-0.009180306432135694,-3.2578306841850284,-0.024785768068395553,-0.01624663509428501
9,24,4,45,-6.891529340744018,True,False,True,-4.0,0.19433795283897778,0.10656830669051484,0.005199995338916778,-0.05674642943660729,-0.07816319705918431,0.0,-0.010017675235867503,-0.04236735736485571,-0.1372443100810051,-0.049429419655352816,-0.02102172312326729,-0.008943105319315236,-2.7690232467651366,-0.014093574583530426,-0.010585433673113587
9,26,4,45,-6.589242173433304,True,False,True,-4.0,0.3613290106999919,0.04041777220544511,0.01529998630285263,-0.05697995889931917,-0.03747943549184128,0.0,-0.00523805070668459,-0.07949396608397366,-0.11809516686946153,-0.05090695933438837,-0.01603992589749396,-0.033363745820742564,-2.567580590248108,-0.028123667039908467,-0.01298721632454544
9,18,4,41,-6.861294255256652,True,False,True,-4.0,0.0103288745266171,0.07048279180402334,0.009299992118030787,-0.0637846558354795,-0.05538072804716648,0.0,-0.01764413554221392,-0.09551630496978758,-0.1112714174389839,-0.05446968777105213,-0.017471369337290526,-0.0296824197503156,-2.4605812740325925,-0.029086488308385006,-0.016517463051714
9,41,3,59,-10.990230975151063,True,False,True,-4.0,0.31900407431094213,0.13981776289401235,0.0,-0.07974573170300572,-0.18033503027923872,-3.5360444021224984,-0.0225783793325536,-0.06648884397000072,-0.16439148113131527,-0.04486222170293331,-0.02263413375243544,-0.009860352978458307,-3.2723917579650887,-0.03315067751333118,-0.01656994810327888
9,55,4,31,-6.039687252044678,True,False,True,-4.0,0.007399135988035788,0.07283186853427782,0.0,-0.057006005048751834,-0.14337918516655918,0.0,-0.004376963935792446,-0.030845360327512023,-0.08266950264573096,-0.03953353696502745,-0.007118292665109039,-0.007200210089795293,-1.7264131474494933,-0.013293415114749222,-0.008082762358244507
9,37,3,75,-13.470357832908629,True,False,True,-4.0,0.85078622430563,0.15975188141783606,0.0,-0.12149280635640024,-0.5792091249348597,-5.176816499233245,-0.009974848441779616,-0.09103884272277356,-0.2308031801879407,-0.10098405446857213,-0.03377369442023337,-0.006276259126493642,-4.06928020477295,-0.03512918969616294,-0.02611705780029297
9,45,4,37,-8.80505579471588,True,False,True,-4.0,0.16495013959378052,0.15642899043654027,0.0,-0.05996478307992219,-0.11015801171306522,-2.593758182525635,-0.019607221698388463,-0.03416320987045765,-0.11466409161686893,-0.06057362785562872,-0.009245640942826866,-0.02862249444937333,-2.0665578889846805,-0.018818023679777977,-0.010301758165005597
9,1,4,41,-6.365509045124053,True,False,True,-4.0,0.22556504572046834,0.17974658863810886,0.010899991095066069,-0.0641231033904478,-0.15090634618070908,0.0,-0.009922052021138371,-0.06268753200769424,-0.10677778974175454,-0.028510196823626748,-0.013807192761451011,-0.003694667018517067,-2.3127342581748964,-0.017462051343172788,-0.011095470937434584
9,15,4,34,-6.43338220834732,True,False,True,-4.0,0.001034176196049366,0.0012529696339695145,0.007399993538856508,-0.05365412076935173,-0.16126663918810663,0.0,-0.005885876882821321,-0.03964718952775,-0.08274191364645957,-0.029714998472481966,-0.009112825021147727,-0.0045352023913505955,-2.0309747910499576,-0.018476532232016323,-0.007059487774968148
9,22,4,42,-6.765300443172454,True,False,True,-4.0,0.0034039868087094058,0.06618464592290577,0.00669999472796917,-0.059090971145778895,-0.2908695097384043,0.0,-0.024091794593259688,-0.03499007007107138,-0.12466969206929211,-0.050482457820326086,-0.01572607723996043,-0.006446632447914452,-2.198735964298249,-0.028079886073246598,-0.008405861174687746
9,39,3,42,-7.01792311668396,True,False,True,-4.0,0.0068258402897074695,0.0701900604803252,0.004099996406584978,-0.06280406072735786,-0.21814847371075302,0.0,-0.014379911674186589,-0.048311148993670935,-0.1138020870834589,-0.04171611962839961,-0.008020072209183125,-0.007345604204092524,-2.551331453323364,-0.021245538573712103,-0.011934571983292699
9,7,4,40,-9.061999487876893,True,False,True,-4.0,0.2333285372005048,0.10922707682943097,0.0,-0.07651322774589062,-0.2555794644937851,-2.3554371929168703,-0.010613863207399843,-0.04189048640429973,-0.11183563441038129,-0.043854346163570895,-0.013009297186508773,-0.004160642184870085,-2.4526846003532405,-0.027464606203138835,-0.0115115272719413
9,51,4,36,-6.052838962078094,True,False,True,-4.0,0.21478036158569463,0.07210049289294759,0.0061999947763979445,-0.048256837725639344,-0.04989516156783793,0.0,-0.005171260461211205,-0.04118302702903748,-0.10364729017019274,-0.03580488567240536,-0.007992212003446185,-0.018908297225885065,-2.0144563388824457,-0.012466808855533598,-0.008137426786124707
9,34,4,39,-8.907534608840942,True,False,True,-4.0,0.12689672787069983,0.06804311880807037,0.0,-0.060654056519269944,-0.164663248041179,-2.5115928316116336,-0.010436758920550347,-0.038251088894903654,-0.1296481472998858,-0.042032903712242844,-0.00942738231737167,-0.004591137956213061,-2.101435027122497,-0.02050545971374958,-0.009236097671091556
9,42,4,41,-8.651170496940614,True,False,True,-4.0,0.15933807944948047,0.10083894530939597,0.0,-0.05757838081568479,-0.06181011646294792,-2.2294621896743774,-0.009128637984395026,-0.055236765034496794,-0.09726043194532394,-0.023818872384726998,-0.016254328754730523,-0.009981282541020844,-2.3216771483421326,-0.015828863629139957,-0.013310700175352396
9,8,4,42,-6.499301308393479,True,False,True,-4.0,0.4155688673071562,0.14090490324397942,0.006699994616210462,-0.09003590389154852,-0.2929890775207605,0.0,-0.00762603685259819,-0.05092338860034942,-0.11285252228379251,-0.060013428274542084,-0.01356722705997527,-0.00460014000927913,-2.4011917853355413,-0.016854026135988534,-0.011821400254266335
9,35,4,44,-7.022730489969254,True,False,True,-4.0,0.19000879621133207,0.06744398403319966,0.010199992284178736,-0.05765442803502082,-0.22373815104772807,0.0,-0.016637836359441282,-0.041624782392755154,-0.11838502466678621,-0.04942009790800512,-0.013687440690118824,-0.006389344359231475,-2.721047413349151,-0.030004621469415724,-0.011794151009526107
9,54,4,32,-6.1752539730072025,True,False,True,-4.0,0.131679468319926,0.08003189375947131,0.004699996560811996,-0.044355672029778366,-0.18501652981984074,0.0,-0.0047840004041790965,-0.031164057161659,-0.09092567913234235,-0.028705534413456923,-0.009360372142400594,-0.006210074827540667,-1.9651660037040712,-0.019457052221987396,-0.006520475402940065
9,61,4,48,-7.169214906692504,True,False,True,-4.0,0.03291217618220706,0.0885966042362632,0.010699990540742877,-0.0843785250931978,-0.08369737718894611,0.0,-0.01273452650755644,-0.049348089564591656,-0.11894329525530337,-0.043098511798307294,-0.015645810840651395,-0.01393752202539872,-2.833119118213653,-0.03072418099269271,-0.01579677279572934
9,43,4,45,-6.440106687545776,True,False,True,-4.0,0.2911456208212984,0.12661309216447636,0.005099995499476791,-0.09653902225196363,-0.1832538579433458,0.0,-0.01245433165691793,-0.043532865494489675,-0.12050926402211186,-0.0443145358748734,-0.014937183782458303,-0.006101688973103592,-2.3134388351440425,-0.016158350189216436,-0.011725490789394825
9,23,4,44,-6.943535957336425,True,False,True,-4.0,0.04502342094064318,0.07849217483585566,0.013999986983835696,-0.058781966697424644,-0.14180891779251398,0.0,-0.025928958877921106,-0.06014632768929005,-0.12123063430190088,-0.047834404073655606,-0.022707695849239828,-0.013258200329728425,-2.5541334104537965,-0.02241366905160248,-0.012807285946328191
9,46,4,40,-6.508162002563477,True,False,True,-4.0,0.007516927470696936,0.060826996717603554,0.014699989371001723,-0.0597007881407626,-0.08555170730440295,0.0,-0.00927953401580453,-0.04531640384346248,-0.11214994549751282,-0.04203174043446779,-0.01567325547337532,-0.014005735923483368,-2.172089667320252,-0.023094115965068343,-0.012312984289601448
9,2,4,37,-5.868315740823746,True,False,True,-4.0,0.35776823996100576,0.08711817508360434,0.022399978991597895,-0.048057546652853486,-0.04319490780064371,0.0,-0.007821202948689461,-0.03681304544210434,-0.09908014312386514,-0.04051561009138823,-0.012451428901404143,-0.026724462017245966,-1.983645610809326,-0.02872169248759746,-0.008576630991883574
9,53,4,36,-6.533215062618256,True,False,True,-4.0,0.02766701144137567,0.06528724595907615,0.008099995646625759,-0.07068733314983548,-0.02520931793813361,0.0,-0.017932853696402164,-0.036590433642268175,-0.10707043811678889,-0.04095652122050523,-0.011010127593763176,-0.02738151047175052,-2.268139100074768,-0.019103144677355882,-0.010188384056091309
9,32,4,38,-6.523818550109863,True,False,True,-4.0,0.12025302278028673,0.0703109584796565,0.0067999959364533425,-0.04569282319396735,-0.15457196196875883,0.0,-0.018751856684684754,-0.04954244025051595,-0.1106259962171316,-0.039572800304740675,-0.0109044415038079,-0.01273944338332512,-2.2511370348930355,-0.01740151845384389,-0.010242275225464255
9,25,4,38,-9.03841941833496,True,False,True,-4.0,0.053258330235662454,0.09480429447804639,0.0,-0.03918759632855654,-0.17893734377368675,-2.34204066991806,-0.015333041520789268,-0.04934569608420134,-0.10060182921588422,-0.04492529975250364,-0.009524954655207694,-0.004657874793883819,-2.3678748083114627,-0.022081577337812627,-0.011971172974444924
9,52,4,35,-8.505245759487153,True,False,True,-4.0,0.1460160749778152,0.1323015659916618,0.0,-0.04463487975299358,-0.26447802789669367,-2.3133667707443246,-0.006739314049482346,-0.029374798014760024,-0.09381824523210526,-0.04757839358411729,-0.0185599199635908,-0.009724220306347888,-1.905197463035583,-0.03570890032220631,-0.014382324498728848
9,40,4,40,-8.973356385231016,True,False,True,-4.0,0.20186837723489592,0.05539247611150612,0.0,-0.06113305752165615,-0.0985420990851708,-2.4088895869255067,-0.005399161782115698,-0.03571507673710585,-0.11501835249364378,-0.04768794689327478,-0.013641387254465369,-0.016207126084627817,-2.399607901573182,-0.018468647506088023,-0.010306955208070578
9,9,4,43,-6.564618395566941,True,False,True,-4.0,0.07077000179793685,0.1526702175963159,0.004499996211379767,-0.07499283705838025,-0.14590847342507912,0.0,-0.013602952212095261,-0.05205612681806088,-0.12400382608175278,-0.0535409560240805,-0.012838523366954178,-0.006485550345169031,-2.277245466709137,-0.02102432589046657,-0.010859473429154602
9,29,4,46,-9.193004221916198,True,False,True,-4.0,0.23455704026622698,0.038004694740802134,0.0,-0.06833438011817633,-0.2193758482893463,-2.5020950365066525,-0.006044640950858594,-0.047402912564575676,-0.11569992057979103,-0.04629960147663952,-0.020811182898469272,-0.011475577454023098,-2.3959543776512153,-0.01876879462855868,-0.0133038743538782
9,0,4,46,-7.279611651897431,True,False,True,-4.0,0.2426856246552575,0.19443478106640333,0.011799989845603707,-0.08688590308651328,-0.3308522878587246,0.0,-0.022344288118183616,-0.042260443307459344,-0.11698367804288863,-0.06247155560180545,-0.014090670333243904,-0.003931505178170482,-3.0035650229454043,-0.03241147463675589,-0.012735379054211078
9,47,4,35,-8.643027558326722,True,False,True,-4.0,0.08700114391691499,0.10332797534083682,0.0,-0.05872140789404511,-0.11813256035355153,-2.215663511753082,-0.008205482340417803,-0.02870176596567035,-0.1097868023067713,-0.04281096732709558,-0.011516368216834964,-0.012455210843694218,-2.202898833751678,-0.015366725863423197,-0.009097058647312225
9,63,4,40,-6.735599405765532,True,False,True,-4.0,0.19133744806051253,0.07951629044165943,0.010399991534650327,-0.058034822801128025,-0.24823130448756275,0.0,-0.013911352213472127,-0.04021554090082646,-0.10097005143761634,-0.04076241261325777,-0.015779625307768587,-0.01204743760594283,-2.4597249794006344,-0.015532521763816476,-0.011643040208145978
9,5,4,45,-6.599082970619202,True,False,True,-4.0,0.4016447762551252,0.11921274990419606,0.012299993708729745,-0.05055122028570622,-0.12361079090536803,0.0,-0.003963978476822376,-0.058537011556327345,-0.1181422033905983,-0.04246871665120126,-0.00891926629818045,-0.010979110063817644,-2.6786163997650148,-0.026380626414902505,-0.01007101357448846
9,13,4,51,-7.341289582252504,True,False,True,-4.0,0.16677346721457062,0.098360869853362,0.012099989820271733,-0.060488482993096115,-0.059230160707957114,0.0,-0.006069102212786675,-0.0639665059931576,-0.13615465670824053,-0.0427921930141747,-0.01763158143498003,-0.02673267523433424,-3.162963633537293,-0.02787803651764988,-0.014616663136985151
9,30,4,34,-6.259998512268066,True,False,True,-4.0,0.11256420847494154,0.1085376028382915,0.006799994260072708,-0.045235930178314454,-0.2705767377070151,0.0,-0.004439689181745052,-0.03951256858184935,-0.08601224891841411,-0.03944244850426913,-0.00812723998678848,-0.006946875030444062,-1.9502825760841371,-0.025808436018414798,-0.011515625151805578
9,60,4,50,-7.357932057380677,True,False,True,-4.0,0.07981161255422446,0.14390990766285885,0.01389998834580183,-0.06752511950093319,-0.20028378831717417,0.0,-0.02583674794062972,-0.05249322749674319,-0.14889585584402082,-0.0490425731614232,-0.015645054848864675,-0.010797545428504236,-2.9914623165130614,-0.017060311399400237,-0.016510848061880093
10,20,4,43,-6.881331872940064,True,False,True,-4.0,0.02504910718299598,0.11362005750672265,0.01749998724088073,-0.05567713694646956,-0.21637075010687112,0.0,-0.00958453848958015,-0.055553161539137356,-0.12090398654341698,-0.04266839853487908,-0.019649728853255506,-0.006181632597434827,-2.4738478732109073,-0.023591394862160085,-0.01347240492701531
10,62,5,32,-6.181840410232544,True,False,True,-4.0,0.12458799582616847,0.04840572002298933,0.009799991883337496,-0.06259007444605232,-0.15139729060581886,0.0,-0.0036196120455861095,-0.03967169480398297,-0.10610376119613649,-0.04469345075078308,-0.01193460043054074,-0.029061745548387988,-1.8908430075645448,-0.015152487913146618,-0.00956676314584911
10,10,4,34,-6.199759101867675,True,False,True,-4.0,0.21118639858439567,0.09249457201810854,0.01499999228864909,-0.05024307852610946,-0.14060472950455735,0.0,-0.018487199316732587,-0.034989343276247385,-0.08381100326776504,-0.024755796939134597,-0.00778895195107907,-0.008214425212900096,-2.1204083299636842,-0.019461825061589482,-0.009675512316171078
10,16,4,49,-9.99705501317978,True,False,True,-4.0,0.45188988290727145,0.10147690786303687,0.0,-0.09099576015956701,-0.25115912320146894,-2.934990227222442,-0.0029848854430019854,-0.056837428547441955,-0.15497277848422528,-0.054218292674049734,-0.016926911986665794,-0.009125236708259763,-2.9391960644721986,-0.02258648204151541,-0.016428507440723474
10,21,5,37,-6.292056396007538,True,False,True,-4.0,0.06710560908093725,0.12929048847053554,0.006899994425475598,-0.04507863541133701,-0.12395016985421535,0.0,-0.0072833280637860315,-0.03167355310171842,-0.1179613521695137,-0.041472925203852345,-0.01117895606905222,-0.008222659312605171,-2.0833082938194276,-0.01666890139691532,-0.008553550678770986
10,38,4,39,-8.90025610923767,True,False,True,-4.0,0.2160834826176634,0.057976371073467356,0.0,-0.054655650854110734,-0.08956843496533112,-2.5302281379699703,-0.008132170471362771,-0.057165414132177836,-0.10176912277936934,-0.05477777790278196,-0.008259545587934555,-0.021729519776260985,-2.2158415627479555,-0.02256335520185531,-0.009625130898784848
10,57,4,41,-6.811059322357179,True,False,True,-4.0,0.06729341272952062,0.05857983598646216,0.014899985268712045,-0.06368338732980192,-0.1250055848876218,0.0,-0.018848154060542584,-0.05778990998864175,-0.13164531216025352,-0.053904403690248744,-0.01643724634312093,-0.016773067465837815,-2.4343063902854922,-0.019532552976161244,-0.013906641419744117
10,14,4,47,-7.066697556376457,True,False,True,-4.0,0.2612268692627549,0.08443343027865985,0.020199982244521377,-0.06529035896994172,-0.28370382087538015,0.0,-0.015044625215232374,-0.05299966780468822,-0.12446777783334256,-0.0525990340486169,-0.015028773299418386,-0.00558179498308359,-2.7625495624542244,-0.040862237010151146,-0.01443024418200366
10,44,4,40,-6.318645792007446,True,False,True,-4.0,0.27850670719344633,0.09105891623863728,0.005999995414167643,-0.059252744503319264,-0.08240555881988257,0.0,-0.018852927871048447,-0.037709472626447686,-0.11685606256127357,-0.0357676263526082,-0.011081317453645172,-0.00614350571262321,-2.2992451906204225,-0.017540656430646777,-0.009356220689369367
10,31,5,39,-6.455047812461853,True,False,True,-4.0,0.2689458715639193,0.06044192725050937,0.003099997043609619,-0.06575479359366,-0.2579750689439243,0.0,-0.00507769132964313,-0.037479934524744754,-0.11405959248542782,-0.05090914634987713,-0.015928124822676182,-0.01113519904884015,-2.1991592216491704,-0.020055780746042726,-0.010001166376750914
10,50,5,33,-6.190183103084564,True,False,True,-4.0,0.016539438209554835,0.053833877395330715,0.009299996737390757,-0.05430385056883096,-0.047016074149378265,0.0,-0.010463668366428465,-0.03518481107428669,-0.09144180342555047,-0.035484192846342924,-0.008298875773325562,-0.01767656238327618,-1.9384217214584354,-0.022977899843826886,-0.008586784969083964
10,49,4,37,-6.156718196868898,True,False,True,-4.0,0.12951024105836037,0.159899878902567,0.0,-0.061412178836762914,-0.07291337570582984,0.0,-0.016114521063864233,-0.052132463455200194,-0.12221692681312564,-0.043225603643804796,-0.010072140144184234,-0.02104933619411895,-2.019845349788666,-0.01834937567822635,-0.008797081978991626
10,4,4,44,-6.752193665504455,True,False,True,-4.0,0.009601368326558132,0.10938088203461893,0.004899995774030686,-0.05719028123654425,-0.13703698694182093,0.0,-0.028482762500643726,-0.0547372867166996,-0.10537438474595545,-0.04031674681231381,-0.014222290706820788,-0.006452602925728572,-2.403879973888398,-0.01583784720860422,-0.012544858742039653
10,19,4,36,-6.2500287306308735,True,False,True,-4.0,0.21885811713395928,0.05264378594467612,0.017199986409395934,-0.03687809833325445,-0.1654366959347681,0.0,-0.0043722021393477915,-0.05647306833416223,-0.11591387689113616,-0.05197284193709492,-0.006730324272066353,-0.009375648124223517,-2.065582642555237,-0.016985732959583402,-0.009009247524663805
10,41,4,32,-8.00803864955902,True,False,True,-4.0,0.10094821090997357,0.06460699187082218,0.0,-0.05515897220000625,-0.09132810825147317,-1.830936825275421,-0.008697752021253108,-0.03545512311160564,-0.08640267997980117,-0.039193540615960955,-0.007914738762192428,-0.01071272592063906,-1.9865098905563356,-0.012156280418857933,-0.009127000062726438
10,27,4,52,-7.038302090167999,True,False,True,-4.0,0.4437037459760905,0.1619055725492797,0.00949999075382948,-0.07709872046485543,-0.2500365184433759,0.0,-0.012361285407096145,-0.04295959369279445,-0.14148538678884504,-0.06549381071701647,-0.019135654028505082,-0.008161724690569373,-3.0056410813331604,-0.018195235054008673,-0.01284246177878231
10,36,4,42,-6.486236665248871,True,False,True,-4.0,0.187053047818481,0.09993224514318401,0.007599992677569389,-0.0681161125935614,-0.1239367484200193,0.0,-0.007260504178702831,-0.03841833701357246,-0.11463043853640556,-0.04502227453514935,-0.015526974191889167,-0.006947175436131055,-2.3318804550170893,-0.016349115958437327,-0.012733968943357472
10,3,5,37,-6.408774381875992,True,False,True,-4.0,0.013751830427592683,0.09755544713347908,0.005899995435029269,-0.05515472501516343,-0.13086924090282992,0.0,-0.011932090185582639,-0.03271435221657157,-0.10114357963204383,-0.036717280484735965,-0.011358578847721217,-0.005987569074208068,-2.106828167438507,-0.024658786791842437,-0.008617429565638305
10,28,5,37,-6.461022794246674,True,False,True,-4.0,0.1840073703136295,0.15739076889923756,0.009199992474168538,-0.05639856800436973,-0.22250676407304132,0.0,-0.005853043505921959,-0.03349247286096216,-0.09947270318865774,-0.037125627379864454,-0.011768441526219246,-0.018438310016972537,-2.2798276114463802,-0.034907604660838844,-0.011829731233883646
10,11,5,41,-6.603762593269348,True,False,True,-4.0,0.05824441612232476,0.1077096598187515,0.02069998506456613,-0.05647507995134219,-0.26133206886588595,0.0,-0.007128906464204193,-0.045059548281133184,-0.11767233543097971,-0.034083821506937964,-0.011000474457396197,-0.009126120545906814,-2.2133311629295345,-0.02351548069622368,-0.011691944100894037
10,37,4,34,-5.997077481746674,True,False,True,-4.0,0.3555448243475985,0.0704959746768458,0.007099993526935578,-0.053910073498263954,-0.047102371320361276,0.0,-0.0034656952973455193,-0.05279457956552504,-0.09426196515560151,-0.04738573493435978,-0.01078734857728705,-0.04135414808311907,-2.0373844671249395,-0.032054076497443025,-0.009717800505459308
10,59,5,41,-6.404651980400085,True,False,True,-4.0,0.4043413887917995,0.1289565833885729,0.011699989605695009,-0.0808208382036537,-0.22229468954494222,0.0,-0.013282596059143545,-0.042278761491179456,-0.12625269263982775,-0.06038086073473097,-0.01781474074348807,-0.013438013323630003,-2.3316894459724424,-0.02869133578613401,-0.012705985170323404
10,6,5,56,-7.492076034545899,True,False,True,-4.0,0.15845932877605948,0.20928563530419259,0.010599989984184504,-0.09229728394653648,-0.288311304480012,0.0,-0.0152027837181231,-0.050197060741484154,-0.1441990692168474,-0.045571031663566845,-0.020280051660956817,-0.008001951321184607,-3.1675262546539305,-0.023362250532954928,-0.015471734656021002
10,2,5,25,-5.652318301200867,True,False,True,-4.0,0.0781295368174324,0.12269578811453816,0.004999996442347766,-0.046937595568597314,-0.11115225231507793,0.0,-0.006238866881467403,-0.02357448859140277,-0.06153648331761361,-0.02414983462542296,-0.004890344367595389,-0.009428593055799864,-1.5510555815696718,-0.011585412500426173,-0.007594404309056699
10,17,4,41,-6.76340383529663,True,False,True,-4.0,0.004179190432378265,0.12944614763751713,0.020199984442442656,-0.05535117907449603,-0.2911519822172705,0.0,-0.012637513987720013,-0.04616918679326772,-0.11771347224712374,-0.042345778122544295,-0.009713507704436778,-0.014144436368369498,-2.2944941091537476,-0.022898174813017255,-0.01060957900248468
10,12,5,42,-9.862991008758545,True,False,True,-4.0,0.20054675824102738,0.12037883614877878,0.0,-0.06188758243806661,-0.185806442523608,-3.1031219744682317,-0.02078428611159324,-0.04941471979022025,-0.1433140265196562,-0.04921340309083463,-0.023635791547130795,-0.009859926810459002,-2.501763784885406,-0.02098494000267238,-0.014129662248305978
10,45,5,36,-6.572277588844299,True,False,True,-4.0,0.00045857817314271193,0.12456168006325019,0.008499993719160557,-0.06111002411693334,-0.23643856942784625,0.0,-0.0033175288140773777,-0.04464184250682593,-0.11497458927333351,-0.045633947066962714,-0.005919862737646327,-0.0038840129231358495,-2.14691367149353,-0.03256735787726939,-0.010396467973478134
10,48,5,45,-6.984978309869766,True,False,True,-4.0,0.0998794079099025,0.07182158878843403,0.016999992020428185,-0.0486634405190125,-0.23943270728756036,0.0,-0.006402221152093261,-0.03476310970261692,-0.1349436330795288,-0.054840975035913286,-0.024306976925581692,-0.0071485617704365725,-2.5882150316238404,-0.020172002778854226,-0.014790642714360728
10,58,4,55,-7.542197170257569,True,False,True,-4.0,0.31284849828919137,0.076640659004949,0.009999991748481991,-0.0809279652312398,-0.17117323019190742,0.0,-0.012136621288955212,-0.07284993276931344,-0.20549541704356666,-0.07583238208666446,-0.024353863885626197,-0.022318965336071413,-3.2363564872741706,-0.023147579096257684,-0.017093952430877843
10,24,5,41,-6.474727399349213,True,False,True,-4.0,0.12693996184709244,0.06716266815863357,0.02069998124614358,-0.05233639076352119,-0.1520248670811998,0.0,-0.016459729969501496,-0.05256618812680246,-0.11517338588833807,-0.03935408981516957,-0.01601260560564697,-0.006022412942402299,-2.214338691234589,-0.01500878887949511,-0.010232827733270826
10,23,5,30,-5.885704536437989,True,False,True,-4.0,0.03372697280349711,0.09616576323601775,0.003999997768551112,-0.05165029196999968,-0.05064733630220871,0.0,-0.0040808781236410146,-0.04364875476807355,-0.07526990696787836,-0.03409590158611536,-0.008271337186452002,-0.02761252365773544,-1.6926531839370724,-0.024179687467403704,-0.007487353916512803
10,35,5,33,-6.167977769374847,True,False,True,-4.0,0.11019970997814652,0.08483262922847344,0.00989999305456877,-0.04853285335819237,-0.07738411391124828,0.0,-0.009657544009387495,-0.028042690716683864,-0.09264763101935385,-0.03260159313678741,-0.006145769527647643,-0.012464136483613403,-2.0438576126098638,-0.012819155557081106,-0.008756811772473156
10,56,3,82,-9.004467306137084,True,False,True,-4.0,0.3681739196632134,0.18000410448752271,0.01579998765140772,-0.1058299629832618,-0.23798462519189345,0.0,-0.010298059768974781,-0.10168353416025633,-0.25770788677036766,-0.09611115623265505,-0.019916116090025755,-0.013278481889678914,-4.660325102806091,-0.04331847994588315,-0.021991691675502804
10,34,5,36,-6.298352308273315,True,False,True,-4.0,0.0017807749207618437,0.045667032659009135,0.007299994044005872,-0.07464026754721997,-0.05338309751119596,0.0,-0.006392883248627185,-0.03693873044103383,-0.10353013157844547,-0.03864023328758776,-0.01238831015303731,-0.0253721988253308,-1.9813808774948125,-0.012070693266578019,-0.0083626857586205
10,51,5,38,-6.433188945055008,True,False,True,-4.0,0.12420947743732544,0.05526962357451317,0.016899984553456312,-0.041661280579864984,-0.17819598641410267,0.0,-0.01395413674414158,-0.05835333485156299,-0.10054473228752615,-0.030845575109124182,-0.007949827807024122,-0.002957118444683147,-2.170665912628173,-0.015837814542464912,-0.008602581485174595
10,33,4,68,-8.419338877201081,True,False,True,-4.0,0.15021434565386704,0.15428303938639526,0.02349997838959098,-0.10051881714724004,-0.09257956931367518,0.0,-0.01587259408086538,-0.08988277258351444,-0.18067638412117956,-0.08201394209638237,-0.03411378297954799,-0.019663520963076737,-4.071163866519927,-0.03574419494369067,-0.025106490537291387
10,1,5,42,-6.49600132226944,True,False,True,-4.0,0.13821932802442463,0.1315085562483993,0.0040999981760978695,-0.0700690681207925,-0.040736509137786925,0.0,-0.011743385046720504,-0.03743717562407255,-0.12367385104298594,-0.03949121354147791,-0.016211394239217046,-0.019946621086228335,-2.378733661174774,-0.02032348843757063,-0.011463028676807879
10,54,5,37,-6.321129479408264,True,False,True,-4.0,0.07312152195489037,0.06748267216200299,0.006999993659555912,-0.04714343204163016,-0.1961544329883145,0.0,-0.002181920623406768,-0.04130117785185576,-0.09591923873871568,-0.033477749358862635,-0.011074777273461223,-0.011286410732354854,-2.0065339982509616,-0.012551869684830307,-0.011108928225003182
10,7,5,42,-9.410950024127962,True,False,True,-4.0,0.36532847635215154,0.0671229893189003,0.0,-0.06351753977593035,-0.207713584927551,-2.695948815345764,-0.014880379587411882,-0.04270009420812129,-0.12351471826434134,-0.04665686435997485,-0.016194707667455076,-0.005196689821384622,-2.5931288027763366,-0.020433393390849236,-0.013515593223273756
