[Info] [carb] Logging to file: /home/xiexuhui/miniconda3/envs/instinctlab/lib/python3.11/site-packages/isaacsim/kit/logs/Kit/Isaac-Sim/5.1/kit_20260917_153459.log
2026-09-17T07:34:59Z [0ms] [Info] [omni.structuredlog.plugin] the file '/home/xiexuhui/.nvidia-omniverse/config/privacy.toml' doesn't exist yet.
2026-09-17T07:34:59Z [0ms] [Info] [omni.kit.app.plugin] App Name: 'Isaac-Sim', App Version: '5.1.0', Kit Version: '107.3.3+production.229672.69cbf6ad.gl', Kernel Version: '206.6+release.9587.07f17b1b.gl'
2026-09-17T07:34:59Z [0ms] [Info] [omni.kit.app.plugin] Cmd: /home/xiexuhui/miniconda3/envs/instinctlab/lib/python3.11/site-packages/isaacsim/exts/isaacsim.simulation_app/isaacsim/simulation_app/simulation_app.py /home/xiexuhui/IsaacLab-Instinct/apps/isaaclab.python.headless.kit --/app/tokens/exe-path=/home/xiexuhui/miniconda3/envs/instinctlab/lib/python3.11/site-packages/isaacsim/kit --/persistent/app/viewport/displayOptions=3094 --/rtx/materialDb/syncLoads=True --/rtx/hydra/materialSyncLoads=True --/omni.kit.plugin/syncUsdLoads=True --/app/renderer/resolution/width=1280 --/app/renderer/resolution/height=720 --/app/window/width=1440 --/app/window/height=900 --/renderer/multiGpu/enabled=True --/app/fastShutdown=True --/app/installSignalHandlers=0 --ext-folder /home/xiexuhui/miniconda3/envs/instinctlab/lib/python3.11/site-packages/isaacsim/exts --ext-folder /home/xiexuhui/miniconda3/envs/instinctlab/lib/python3.11/site-packages/isaacsim/apps --/renderer/activeGpu=0 --/physics/cudaDevice=0 --/plugins/carb.tasking.plugin/threadCount=24 --/plugins/omni.tbb.globalcontrol/maxThreadCount=24 --portable --no-window --/app/window/hideUi=True
2026-09-17T07:34:59Z [0ms] [Info] [omni.kit.app.plugin] Applied configs: [/home/xiexuhui/miniconda3/envs/instinctlab/lib/python3.11/site-packages/isaacsim/kit/kernel/config/kit-core.json, /home/xiexuhui/IsaacLab-Instinct/apps/isaaclab.python.headless.kit, /home/xiexuhui/miniconda3/envs/instinctlab/lib/python3.11/site-packages/isaacsim/kit/data/Kit/Isaac-Sim/5.1/user.config.json]
2026-09-17T07:34:59Z [0ms] [Info] [omni.kit.app.plugin] Non-existent configs: [/home/xiexuhui/miniconda3/envs/instinctlab/lib/python3.11/site-packages/isaacsim/kit/omni_configs/privacy.toml, /home/xiexuhui/IsaacLab-Instinct/apps/isaaclab.python.headless.gen.kit, /home/xiexuhui/Documents/Kit/shared/user.toml, /home/xiexuhui/IsaacLab-Instinct/apps/deps/user.toml, /home/xiexuhui/IsaacLab-Instinct/apps/deps/isaaclab.python.headless/user.toml, /home/xiexuhui/IsaacLab-Instinct/deps/user.toml, /home/xiexuhui/IsaacLab-Instinct/deps/isaaclab.python.headless/user.toml, /home/xiexuhui/deps/user.toml, /home/xiexuhui/deps/isaaclab.python.headless/user.toml, /home/deps/user.toml, /home/deps/isaaclab.python.headless/user.toml, /deps/user.toml, /deps/isaaclab.python.headless/user.toml, /usr/share/NVIDIA Corporation/kit/kit.config.toml, /usr/share/NVIDIA Corporation/kit/isaaclab.python.headless/kit.config.toml]
2026-09-17T07:34:59Z [0ms] [Info] [omni.kit.app.plugin] Portable Root: '/home/xiexuhui/miniconda3/envs/instinctlab/lib/python3.11/site-packages/isaacsim/kit'
2026-09-17T07:34:59Z [0ms] [Info] [omni.kit.app.plugin] Tokens:
{
    "exe-filename": "python3.11",
    "local-config-path": "/home/xiexuhui/InstinctLab",
    "custom-config-path": "/home/xiexuhui/InstinctLab",
    "cli-config-path": "/home/xiexuhui/InstinctLab",
    "omni_config": "/home/xiexuhui/miniconda3/envs/instinctlab/lib/python3.11/site-packages/isaacsim/kit/omni_configs",
    "omni_data": "/home/xiexuhui/miniconda3/envs/instinctlab/lib/python3.11/site-packages/isaacsim/kit/data",
    "omni_logs": "/home/xiexuhui/miniconda3/envs/instinctlab/lib/python3.11/site-packages/isaacsim/kit/logs",
    "omni_cache": "/home/xiexuhui/miniconda3/envs/instinctlab/lib/python3.11/site-packages/isaacsim/kit/cache",
    "omni_global_config": "/home/xiexuhui/.nvidia-omniverse/config",
    "omni_global_data": "/home/xiexuhui/.local/share/ov/data",
    "omni_global_logs": "/home/xiexuhui/.nvidia-omniverse/logs",
    "omni_global_cache": "/home/xiexuhui/.cache/ov",
    "temp": "/tmp/carb.9H84kZ",
    "kit": "/home/xiexuhui/miniconda3/envs/instinctlab/lib/python3.11/site-packages/isaacsim/kit",
    "drive": "/",
    "app": "/home/xiexuhui/IsaacLab-Instinct/apps",
    "resources": "/home/xiexuhui/miniconda3/envs/instinctlab/lib/python3.11/site-packages/isaacsim/kit/resources",
    "fonts": "/home/xiexuhui/miniconda3/envs/instinctlab/lib/python3.11/site-packages/isaacsim/kit/resources/fonts",
    "glyphs": "/home/xiexuhui/miniconda3/envs/instinctlab/lib/python3.11/site-packages/isaacsim/kit/resources/glyphs",
    "icons": "/home/xiexuhui/miniconda3/envs/instinctlab/lib/python3.11/site-packages/isaacsim/kit/resources/icons",
    "sounds": "/home/xiexuhui/miniconda3/envs/instinctlab/lib/python3.11/site-packages/isaacsim/kit/resources/sounds",
    "models": "/home/xiexuhui/miniconda3/envs/instinctlab/lib/python3.11/site-packages/isaacsim/kit/resources/models",
    "materials": "/home/xiexuhui/miniconda3/envs/instinctlab/lib/python3.11/site-packages/isaacsim/kit/resources/materials",
    "config": "release",
    "platform": "linux-x86_64",
    "bindings_ext": ".so",
    "exe_ext": "",
    "shell_ext": ".sh",
    "lib_ext": ".so",
    "lib_prefix": "lib",
    "session_id": "9685618659102066229",
    "omni_documents": "/home/xiexuhui/Documents",
    "shared_documents": "/home/xiexuhui/Documents/Kit/shared",
    "omni_program_data": "/usr/share",
    "shared_program_data": "/usr/share/NVIDIA Corporation/kit",
    "app_program_data": "/usr/share/NVIDIA Corporation/kit/isaaclab.python.headless",
    "kit_version": "107.3.3+production.229672.69cbf6ad.gl",
    "usd_version": "24.05",
    "python_version": "3.11",
    "python": "/home/xiexuhui/miniconda3/envs/instinctlab/lib/python3.11/site-packages/isaacsim/kit/python/bin/python3",
    "kit_version_short": "107.3",
    "kit_version_major": "107",
    "kit_version_minor": "3",
    "kit_version_patch": "3",
    "kit_git_hash": "69cbf6ad",
    "app_version": "5.1.0",
    "app_version_short": "5.1",
    "app_name": "Isaac-Sim",
    "app_filename": "isaaclab.python.headless",
    "data": "/home/xiexuhui/miniconda3/envs/instinctlab/lib/python3.11/site-packages/isaacsim/kit/data/Kit/Isaac-Sim/5.1",
    "logs": "/home/xiexuhui/miniconda3/envs/instinctlab/lib/python3.11/site-packages/isaacsim/kit/logs/Kit/Isaac-Sim/5.1",
    "cache": "/home/xiexuhui/miniconda3/envs/instinctlab/lib/python3.11/site-packages/isaacsim/kit/cache/Kit/107.3/69cbf6ad",
    "appcache": "/home/xiexuhui/miniconda3/envs/instinctlab/lib/python3.11/site-packages/isaacsim/kit/cache/Kit/107.3/69cbf6ad",
    "cache_postfix": "Kit/107.3/69cbf6ad",
    "app_documents": "/home/xiexuhui/Documents/Kit/apps/Isaac-Sim",
    "documents": "/home/xiexuhui/Documents/Kit/apps/Isaac-Sim",
    "start_timestamp": "20260917_153459",
    "exe-path": "/home/xiexuhui/miniconda3/envs/instinctlab/lib/python3.11/site-packages/isaacsim/kit"
}
2026-09-17T07:34:59Z [1ms] [Info] [omni.ext.plugin] [ext manager] preferLocalVersions: 1
2026-09-17T07:34:59Z [1ms] [Info] [omni.ext.plugin] Extension system targets:
2026-09-17T07:34:59Z [1ms] [Info] [omni.ext.plugin]   kitHash: 69cbf6ad
2026-09-17T07:34:59Z [1ms] [Info] [omni.ext.plugin]   config: release
2026-09-17T07:34:59Z [1ms] [Info] [omni.ext.plugin]   python: cp311
2026-09-17T07:34:59Z [1ms] [Info] [omni.ext.plugin]   usd: u353f+stock+24.05+cxx11
2026-09-17T07:34:59Z [1ms] [Info] [omni.ext.plugin]   platform: linux-x86_64
2026-09-17T07:34:59Z [1ms] [Info] [omni.ext.plugin]   kit: 107.3.3
2026-09-17T07:34:59Z [1ms] [Info] [omni.ext.plugin] Searching for extensions in: '/home/xiexuhui/IsaacLab-Instinct/apps/isaaclab.python.headless.kit' (path type: 1, dev: 0)
2026-09-17T07:34:59Z [1ms] [Info] [omni.ext.plugin] Searching for extensions in: '/home/xiexuhui/miniconda3/envs/instinctlab/lib/python3.11/site-packages/isaacsim/kit/data/Kit/Isaac-Sim/5.1/exts/3' (path type: 4, dev: 0)
2026-09-17T07:34:59Z [1ms] [Info] [omni.ext.plugin] Searching for extensions in: '/home/xiexuhui/miniconda3/envs/instinctlab/lib/python3.11/site-packages/isaacsim/apps' (path type: 0, dev: 0)
2026-09-17T07:34:59Z [1ms] [Info] [omni.ext.plugin] Searching for extensions in: '/home/xiexuhui/miniconda3/envs/instinctlab/lib/python3.11/site-packages/isaacsim/exts' (path type: 0, dev: 0)
2026-09-17T07:34:59Z [1ms] [Info] [omni.ext.plugin] Searching for extensions in: '/home/xiexuhui/IsaacLab-Instinct/source' (path type: 0, dev: 0)
2026-09-17T07:34:59Z [1ms] [Info] [omni.ext.plugin] Searching for extensions in: '/home/xiexuhui/IsaacLab-Instinct/apps' (path type: 0, dev: 0)
2026-09-17T07:34:59Z [1ms] [Info] [omni.ext.plugin] Searching for extensions in: '/home/xiexuhui/miniconda3/envs/instinctlab/lib/python3.11/site-packages/isaacsim/isaacsim/extsPhysics' (path type: 0, dev: 0)
2026-09-17T07:34:59Z [1ms] [Info] [omni.ext.plugin] Searching for extensions in: '/home/xiexuhui/miniconda3/envs/instinctlab/lib/python3.11/site-packages/isaacsim/isaacsim/extscache' (path type: 0, dev: 0)
2026-09-17T07:34:59Z [1ms] [Info] [omni.ext.plugin] Searching for extensions in: '/home/xiexuhui/miniconda3/envs/instinctlab/lib/python3.11/site-packages/isaacsim/isaacsim/extsDeprecated' (path type: 0, dev: 0)
2026-09-17T07:34:59Z [1ms] [Info] [omni.ext.plugin] Searching for extensions in: '/home/xiexuhui/miniconda3/envs/instinctlab/lib/python3.11/site-packages/isaacsim/isaacsim/exts' (path type: 0, dev: 0)
2026-09-17T07:34:59Z [1ms] [Info] [omni.ext.plugin] Searching for extensions in: '/home/xiexuhui/miniconda3/envs/instinctlab/lib/python3.11/site-packages/isaacsim/extsPhysics' (path type: 0, dev: 0)
2026-09-17T07:34:59Z [1ms] [Info] [omni.ext.plugin] Searching for extensions in: '/home/xiexuhui/miniconda3/envs/instinctlab/lib/python3.11/site-packages/isaacsim/extscache' (path type: 0, dev: 0)
2026-09-17T07:34:59Z [2ms] [Info] [omni.ext.plugin] [ext: isaacsim.exp.full.fabric-5.1.0] registered (path: /home/xiexuhui/miniconda3/envs/instinctlab/lib/python3.11/site-packages/isaacsim/apps/isaacsim.exp.full.fabric.kit)
2026-09-17T07:34:59Z [2ms] [Info] [omni.ext.plugin] [ext: isaacsim.exp.full.streaming-5.1.0] registered (path: /home/xiexuhui/miniconda3/envs/instinctlab/lib/python3.11/site-packages/isaacsim/apps/isaacsim.exp.full.streaming.kit)
2026-09-17T07:34:59Z [2ms] [Info] [omni.ext.plugin] [ext: isaacsim.exp.action_and_event_data_generation.base-0.1.5] registered (path: /home/xiexuhui/miniconda3/envs/instinctlab/lib/python3.11/site-packages/isaacsim/apps/isaacsim.exp.action_and_event_data_generation.base.kit)
2026-09-17T07:34:59Z [2ms] [Info] [omni.ext.plugin] [ext: isaacsim.exp.base.zero_delay-5.1.0] registered (path: /home/xiexuhui/miniconda3/envs/instinctlab/lib/python3.11/site-packages/isaacsim/apps/isaacsim.exp.base.zero_delay.kit)
2026-09-17T07:34:59Z [2ms] [Info] [omni.ext.plugin] [ext: isaacsim.exp.base.python-5.1.0] registered (path: /home/xiexuhui/miniconda3/envs/instinctlab/lib/python3.11/site-packages/isaacsim/apps/isaacsim.exp.base.python.kit)
2026-09-17T07:34:59Z [2ms] [Info] [omni.ext.plugin] [ext: isaacsim.exp.compatibility_check-5.1.0] registered (path: /home/xiexuhui/miniconda3/envs/instinctlab/lib/python3.11/site-packages/isaacsim/apps/isaacsim.exp.compatibility_check.kit)
2026-09-17T07:34:59Z [2ms] [Info] [omni.ext.plugin] [ext: isaacsim.exp.uidoc-5.1.0] registered (path: /home/xiexuhui/miniconda3/envs/instinctlab/lib/python3.11/site-packages/isaacsim/apps/isaacsim.exp.uidoc.kit)
2026-09-17T07:34:59Z [2ms] [Info] [omni.ext.plugin] [ext: isaacsim.exp.selector-5.1.0] registered (path: /home/xiexuhui/miniconda3/envs/instinctlab/lib/python3.11/site-packages/isaacsim/apps/isaacsim.exp.selector.kit)
2026-09-17T07:34:59Z [2ms] [Info] [omni.ext.plugin] [ext: isaacsim.exp.base.xr.vr-5.1.0] registered (path: /home/xiexuhui/miniconda3/envs/instinctlab/lib/python3.11/site-packages/isaacsim/apps/isaacsim.exp.base.xr.vr.kit)
2026-09-17T07:34:59Z [2ms] [Info] [omni.ext.plugin] [ext: isaacsim.app.selector-2.10.0] registered (path: /home/xiexuhui/miniconda3/envs/instinctlab/lib/python3.11/site-packages/isaacsim/exts/isaacsim.app.selector)
2026-09-17T07:34:59Z [2ms] [Info] [omni.ext.plugin] [ext: isaacsim.exp.base.xr.openxr-5.1.0] registered (path: /home/xiexuhui/miniconda3/envs/instinctlab/lib/python3.11/site-packages/isaacsim/apps/isaacsim.exp.base.xr.openxr.kit)
2026-09-17T07:34:59Z [2ms] [Info] [omni.ext.plugin] [ext: isaacsim.asset.gen.omap.ui-2.2.3] registered (path: /home/xiexuhui/miniconda3/envs/instinctlab/lib/python3.11/site-packages/isaacsim/exts/isaacsim.asset.gen.omap.ui)
2026-09-17T07:34:59Z [2ms] [Info] [omni.ext.plugin] [ext: isaacsim.asset.gen.omap-2.0.29] registered (path: /home/xiexuhui/miniconda3/envs/instinctlab/lib/python3.11/site-packages/isaacsim/exts/isaacsim.asset.gen.omap)
2026-09-17T07:34:59Z [2ms] [Info] [omni.ext.plugin] [ext: isaacsim.asset.importer.heightmap-2.0.6] registered (path: /home/xiexuhui/miniconda3/envs/instinctlab/lib/python3.11/site-packages/isaacsim/exts/isaacsim.asset.importer.heightmap)
2026-09-17T07:34:59Z [2ms] [Info] [omni.ext.plugin] [ext: isaacsim.exp.action_and_event_data_generation.full-0.1.5] registered (path: /home/xiexuhui/miniconda3/envs/instinctlab/lib/python3.11/site-packages/isaacsim/apps/isaacsim.exp.action_and_event_data_generation.full.kit)
2026-09-17T07:34:59Z [2ms] [Info] [omni.ext.plugin] [ext: isaacsim.asset.browser-1.3.23] registered (path: /home/xiexuhui/miniconda3/envs/instinctlab/lib/python3.11/site-packages/isaacsim/exts/isaacsim.asset.browser)
2026-09-17T07:34:59Z [2ms] [Info] [omni.ext.plugin] [ext: isaacsim.asset.validation-1.1.0] registered (path: /home/xiexuhui/miniconda3/envs/instinctlab/lib/python3.11/site-packages/isaacsim/exts/isaacsim.asset.validation)
2026-09-17T07:34:59Z [2ms] [Info] [omni.ext.plugin] [ext: isaacsim.asset.importer.mjcf-2.5.13] registered (path: /home/xiexuhui/miniconda3/envs/instinctlab/lib/python3.11/site-packages/isaacsim/exts/isaacsim.asset.importer.mjcf)
2026-09-17T07:34:59Z [2ms] [Info] [omni.ext.plugin] [ext: isaacsim.core.cloner-1.4.10] registered (path: /home/xiexuhui/miniconda3/envs/instinctlab/lib/python3.11/site-packages/isaacsim/exts/isaacsim.core.cloner)
2026-09-17T07:34:59Z [2ms] [Info] [omni.ext.plugin] [ext: isaacsim.core.experimental.materials-0.4.0] registered (path: /home/xiexuhui/miniconda3/envs/instinctlab/lib/python3.11/site-packages/isaacsim/exts/isaacsim.core.experimental.materials)
2026-09-17T07:34:59Z [2ms] [Info] [omni.ext.plugin] [ext: isaacsim.benchmark.services-3.1.1] registered (path: /home/xiexuhui/miniconda3/envs/instinctlab/lib/python3.11/site-packages/isaacsim/exts/isaacsim.benchmark.services)
2026-09-17T07:34:59Z [2ms] [Info] [omni.ext.plugin] [ext: isaacsim.app.about-2.0.11] registered (path: /home/xiexuhui/miniconda3/envs/instinctlab/lib/python3.11/site-packages/isaacsim/exts/isaacsim.app.about)
2026-09-17T07:34:59Z [2ms] [Info] [omni.ext.plugin] [ext: isaacsim.core.api-4.8.0] registered (path: /home/xiexuhui/miniconda3/envs/instinctlab/lib/python3.11/site-packages/isaacsim/exts/isaacsim.core.api)
2026-09-17T07:34:59Z [2ms] [Info] [omni.ext.plugin] [ext: isaacsim.code_editor.vscode-1.1.0] registered (path: /home/xiexuhui/miniconda3/envs/instinctlab/lib/python3.11/site-packages/isaacsim/exts/isaacsim.code_editor.vscode)
2026-09-17T07:34:59Z [2ms] [Info] [omni.ext.plugin] [ext: isaacsim.code_editor.jupyter-1.1.1] registered (path: /home/xiexuhui/miniconda3/envs/instinctlab/lib/python3.11/site-packages/isaacsim/exts/isaacsim.code_editor.jupyter)
2026-09-17T07:34:59Z [2ms] [Info] [omni.ext.plugin] [ext: isaacsim.asset.gen.conveyor.ui-2.1.17] registered (path: /home/xiexuhui/miniconda3/envs/instinctlab/lib/python3.11/site-packages/isaacsim/exts/isaacsim.asset.gen.conveyor.ui)
2026-09-17T07:34:59Z [2ms] [Info] [omni.ext.plugin] [ext: isaacsim.app.compatibility_check-1.1.1] registered (path: /home/xiexuhui/miniconda3/envs/instinctlab/lib/python3.11/site-packages/isaacsim/exts/isaacsim.app.compatibility_check-1.1.1+107.3.2.lx64.r.cp311)
2026-09-17T07:34:59Z [2ms] [Info] [omni.ext.plugin] [ext: isaacsim.core.includes-2.5.2] registered (path: /home/xiexuhui/miniconda3/envs/instinctlab/lib/python3.11/site-packages/isaacsim/exts/isaacsim.core.includes)
2026-09-17T07:34:59Z [2ms] [Info] [omni.ext.plugin] [ext: isaacsim.exp.full-5.1.0] registered (path: /home/xiexuhui/miniconda3/envs/instinctlab/lib/python3.11/site-packages/isaacsim/apps/isaacsim.exp.full.kit)
2026-09-17T07:34:59Z [2ms] [Info] [omni.ext.plugin] [ext: isaacsim.core.experimental.objects-0.4.0] registered (path: /home/xiexuhui/miniconda3/envs/instinctlab/lib/python3.11/site-packages/isaacsim/exts/isaacsim.core.experimental.objects)
2026-09-17T07:34:59Z [2ms] [Info] [omni.ext.plugin] [ext: isaacsim.core.experimental.prims-0.8.1] registered (path: /home/xiexuhui/miniconda3/envs/instinctlab/lib/python3.11/site-packages/isaacsim/exts/isaacsim.core.experimental.prims)
2026-09-17T07:34:59Z [2ms] [Info] [omni.ext.plugin] [ext: isaacsim.asset.gen.conveyor-1.0.23] registered (path: /home/xiexuhui/miniconda3/envs/instinctlab/lib/python3.11/site-packages/isaacsim/exts/isaacsim.asset.gen.conveyor)
2026-09-17T07:34:59Z [2ms] [Info] [omni.ext.plugin] [ext: isaacsim.core.deprecation_manager-0.2.7] registered (path: /home/xiexuhui/miniconda3/envs/instinctlab/lib/python3.11/site-packages/isaacsim/exts/isaacsim.core.deprecation_manager)
2026-09-17T07:34:59Z [2ms] [Info] [omni.ext.plugin] [ext: isaacsim.core.experimental.utils-0.3.0] registered (path: /home/xiexuhui/miniconda3/envs/instinctlab/lib/python3.11/site-packages/isaacsim/exts/isaacsim.core.experimental.utils)
2026-09-17T07:34:59Z [2ms] [Info] [omni.ext.plugin] [ext: isaacsim.core.version-2.0.6] registered (path: /home/xiexuhui/miniconda3/envs/instinctlab/lib/python3.11/site-packages/isaacsim/exts/isaacsim.core.version)
2026-09-17T07:34:59Z [2ms] [Info] [omni.ext.plugin] [ext: isaacsim.benchmark.examples-1.1.12] registered (path: /home/xiexuhui/miniconda3/envs/instinctlab/lib/python3.11/site-packages/isaacsim/exts/isaacsim.benchmark.examples)
2026-09-17T07:34:59Z [2ms] [Info] [omni.ext.plugin] [ext: isaacsim.app.setup-1.6.0] registered (path: /home/xiexuhui/miniconda3/envs/instinctlab/lib/python3.11/site-packages/isaacsim/exts/isaacsim.app.setup)
2026-09-17T07:34:59Z [2ms] [Info] [omni.ext.plugin] [ext: isaacsim.core.prims-0.6.1] registered (path: /home/xiexuhui/miniconda3/envs/instinctlab/lib/python3.11/site-packages/isaacsim/exts/isaacsim.core.prims)
2026-09-17T07:34:59Z [2ms] [Info] [omni.ext.plugin] [ext: isaacsim.core.throttling-2.2.2] registered (path: /home/xiexuhui/miniconda3/envs/instinctlab/lib/python3.11/site-packages/isaacsim/exts/isaacsim.core.throttling)
2026-09-17T07:34:59Z [2ms] [Info] [omni.ext.plugin] [ext: isaacsim.core.nodes-3.4.3] registered (path: /home/xiexuhui/miniconda3/envs/instinctlab/lib/python3.11/site-packages/isaacsim/exts/isaacsim.core.nodes)
2026-09-17T07:34:59Z [2ms] [Info] [omni.ext.plugin] [ext: isaacsim.core.utils-3.5.1] registered (path: /home/xiexuhui/miniconda3/envs/instinctlab/lib/python3.11/site-packages/isaacsim/exts/isaacsim.core.utils)
2026-09-17T07:34:59Z [2ms] [Info] [omni.ext.plugin] [ext: isaacsim.exp.base-5.1.0] registered (path: /home/xiexuhui/miniconda3/envs/instinctlab/lib/python3.11/site-packages/isaacsim/apps/isaacsim.exp.base.kit)
2026-09-17T07:34:59Z [2ms] [Info] [omni.ext.plugin] [ext: isaacsim.examples.extension-2.0.12] registered (path: /home/xiexuhui/miniconda3/envs/instinctlab/lib/python3.11/site-packages/isaacsim/exts/isaacsim.examples.extension)
2026-09-17T07:34:59Z [2ms] [Info] [omni.ext.plugin] [ext: isaacsim.asset.exporter.urdf-1.3.4] registered (path: /home/xiexuhui/miniconda3/envs/instinctlab/lib/python3.11/site-packages/isaacsim/exts/isaacsim.asset.exporter.urdf)
2026-09-17T07:34:59Z [2ms] [Info] [omni.ext.plugin] [ext: isaacsim.examples.browser-0.2.1] registered (path: /home/xiexuhui/miniconda3/envs/instinctlab/lib/python3.11/site-packages/isaacsim/exts/isaacsim.examples.browser)
2026-09-17T07:34:59Z [2ms] [Info] [omni.ext.plugin] [ext: isaacsim.cortex.framework-1.0.12] registered (path: /home/xiexuhui/miniconda3/envs/instinctlab/lib/python3.11/site-packages/isaacsim/exts/isaacsim.cortex.framework)
2026-09-17T07:34:59Z [2ms] [Info] [omni.ext.plugin] [ext: isaacsim.cortex.behaviors-2.0.14] registered (path: /home/xiexuhui/miniconda3/envs/instinctlab/lib/python3.11/site-packages/isaacsim/exts/isaacsim.cortex.behaviors)
2026-09-17T07:34:59Z [2ms] [Info] [omni.ext.plugin] [ext: isaacsim.core.simulation_manager-1.4.4] registered (path: /home/xiexuhui/miniconda3/envs/instinctlab/lib/python3.11/site-packages/isaacsim/exts/isaacsim.core.simulation_manager)
2026-09-17T07:34:59Z [2ms] [Info] [omni.ext.plugin] [ext: isaacsim.examples.ui-1.1.8] registered (path: /home/xiexuhui/miniconda3/envs/instinctlab/lib/python3.11/site-packages/isaacsim/exts/isaacsim.examples.ui)
2026-09-17T07:34:59Z [2ms] [Info] [omni.ext.plugin] [ext: isaacsim.gui.content_browser-0.1.11] registered (path: /home/xiexuhui/miniconda3/envs/instinctlab/lib/python3.11/site-packages/isaacsim/exts/isaacsim.gui.content_browser)
2026-09-17T07:34:59Z [2ms] [Info] [omni.ext.plugin] [ext: isaacsim.gui.components-1.2.1] registered (path: /home/xiexuhui/miniconda3/envs/instinctlab/lib/python3.11/site-packages/isaacsim/exts/isaacsim.gui.components)
2026-09-17T07:34:59Z [2ms] [Info] [omni.ext.plugin] [ext: isaacsim.asset.importer.urdf-2.4.31] registered (path: /home/xiexuhui/miniconda3/envs/instinctlab/lib/python3.11/site-packages/isaacsim/kit/data/Kit/Isaac-Sim/5.1/exts/3/isaacsim.asset.importer.urdf-2.4.31+107.3.3.lx64.r.cp311)
2026-09-17T07:34:59Z [2ms] [Info] [omni.ext.plugin] [ext: isaacsim.gui.property-1.1.3] registered (path: /home/xiexuhui/miniconda3/envs/instinctlab/lib/python3.11/site-packages/isaacsim/exts/isaacsim.gui.property)
2026-09-17T07:34:59Z [2ms] [Info] [omni.ext.plugin] [ext: isaacsim.asset.importer.urdf-2.4.30] registered (path: /home/xiexuhui/miniconda3/envs/instinctlab/lib/python3.11/site-packages/isaacsim/exts/isaacsim.asset.importer.urdf)
2026-09-17T07:34:59Z [2ms] [Info] [omni.ext.plugin] [ext: isaacsim.replicator.grasping-1.0.9] registered (path: /home/xiexuhui/miniconda3/envs/instinctlab/lib/python3.11/site-packages/isaacsim/exts/isaacsim.replicator.grasping)
2026-09-17T07:34:59Z [2ms] [Info] [omni.ext.plugin] [ext: isaacsim.replicator.behavior.ui-1.0.5] registered (path: /home/xiexuhui/miniconda3/envs/instinctlab/lib/python3.11/site-packages/isaacsim/exts/isaacsim.replicator.behavior.ui)
2026-09-17T07:34:59Z [2ms] [Info] [omni.ext.plugin] [ext: isaacsim.replicator.behavior-1.1.16] registered (path: /home/xiexuhui/miniconda3/envs/instinctlab/lib/python3.11/site-packages/isaacsim/exts/isaacsim.replicator.behavior)
2026-09-17T07:34:59Z [2ms] [Info] [omni.ext.plugin] [ext: isaacsim.replicator.grasping.ui-1.0.8] registered (path: /home/xiexuhui/miniconda3/envs/instinctlab/lib/python3.11/site-packages/isaacsim/exts/isaacsim.replicator.grasping.ui)
2026-09-17T07:34:59Z [2ms] [Info] [omni.ext.plugin] [ext: omni.kit.pip_archive-0.0.0] registered (path: /home/xiexuhui/miniconda3/envs/instinctlab/lib/python3.11/site-packages/isaacsim/kit/data/Kit/Isaac-Sim/5.1/exts/3/omni.kit.pip_archive-0.0.0+69cbf6ad.lx64.cp311)
2026-09-17T07:34:59Z [2ms] [Info] [omni.ext.plugin] [ext: isaacsim.replicator.mobility_gen-0.1.10] registered (path: /home/xiexuhui/miniconda3/envs/instinctlab/lib/python3.11/site-packages/isaacsim/exts/isaacsim.replicator.mobility_gen)
2026-09-17T07:34:59Z [2ms] [Info] [omni.ext.plugin] [ext: isaacsim.examples.interactive-4.7.4] registered (path: /home/xiexuhui/miniconda3/envs/instinctlab/lib/python3.11/site-packages/isaacsim/exts/isaacsim.examples.interactive)
2026-09-17T07:34:59Z [2ms] [Info] [omni.ext.plugin] [ext: isaacsim.gui.sensors.icon-2.0.3] registered (path: /home/xiexuhui/miniconda3/envs/instinctlab/lib/python3.11/site-packages/isaacsim/exts/isaacsim.gui.sensors.icon)
2026-09-17T07:34:59Z [2ms] [Info] [omni.ext.plugin] [ext: isaacsim.gui.menu-2.4.4] registered (path: /home/xiexuhui/miniconda3/envs/instinctlab/lib/python3.11/site-packages/isaacsim/exts/isaacsim.gui.menu)
2026-09-17T07:34:59Z [2ms] [Info] [omni.ext.plugin] [ext: isaacsim.replicator.writers-1.0.17] registered (path: /home/xiexuhui/miniconda3/envs/instinctlab/lib/python3.11/site-packages/isaacsim/exts/isaacsim.replicator.writers)
2026-09-17T07:34:59Z [2ms] [Info] [omni.ext.plugin] [ext: isaacsim.replicator.mobility_gen.examples-0.1.9] registered (path: /home/xiexuhui/miniconda3/envs/instinctlab/lib/python3.11/site-packages/isaacsim/exts/isaacsim.replicator.mobility_gen.examples)
2026-09-17T07:34:59Z [2ms] [Info] [omni.ext.plugin] [ext: isaacsim.replicator.synthetic_recorder-2.2.17] registered (path: /home/xiexuhui/miniconda3/envs/instinctlab/lib/python3.11/site-packages/isaacsim/exts/isaacsim.replicator.synthetic_recorder)
2026-09-17T07:34:59Z [2ms] [Info] [omni.ext.plugin] [ext: isaacsim.replicator.mobility_gen.ui-0.1.9] registered (path: /home/xiexuhui/miniconda3/envs/instinctlab/lib/python3.11/site-packages/isaacsim/exts/isaacsim.replicator.mobility_gen.ui)
2026-09-17T07:34:59Z [2ms] [Info] [omni.ext.plugin] [ext: isaacsim.replicator.domain_randomization-1.0.16] registered (path: /home/xiexuhui/miniconda3/envs/instinctlab/lib/python3.11/site-packages/isaacsim/exts/isaacsim.replicator.domain_randomization)
2026-09-17T07:34:59Z [2ms] [Info] [omni.ext.plugin] [ext: isaacsim.robot.policy.examples-4.1.11] registered (path: /home/xiexuhui/miniconda3/envs/instinctlab/lib/python3.11/site-packages/isaacsim/exts/isaacsim.robot.policy.examples)
2026-09-17T07:34:59Z [2ms] [Info] [omni.ext.plugin] [ext: isaacsim.robot.schema-3.6.0] registered (path: /home/xiexuhui/miniconda3/envs/instinctlab/lib/python3.11/site-packages/isaacsim/exts/isaacsim.robot.schema)
2026-09-17T07:34:59Z [2ms] [Info] [omni.ext.plugin] [ext: isaacsim.robot.manipulators.ui-2.1.23] registered (path: /home/xiexuhui/miniconda3/envs/instinctlab/lib/python3.11/site-packages/isaacsim/exts/isaacsim.robot.manipulators.ui)
2026-09-17T07:34:59Z [2ms] [Info] [omni.ext.plugin] [ext: isaacsim.robot_motion.lula-4.0.8] registered (path: /home/xiexuhui/miniconda3/envs/instinctlab/lib/python3.11/site-packages/isaacsim/exts/isaacsim.robot_motion.lula)
2026-09-17T07:34:59Z [2ms] [Info] [omni.ext.plugin] [ext: isaacsim.robot_motion.lula_test_widget-1.0.12] registered (path: /home/xiexuhui/miniconda3/envs/instinctlab/lib/python3.11/site-packages/isaacsim/exts/isaacsim.robot_motion.lula_test_widget)
2026-09-17T07:34:59Z [2ms] [Info] [omni.ext.plugin] [ext: isaacsim.robot.surface_gripper.ui-3.0.2] registered (path: /home/xiexuhui/miniconda3/envs/instinctlab/lib/python3.11/site-packages/isaacsim/exts/isaacsim.robot.surface_gripper.ui)
2026-09-17T07:34:59Z [2ms] [Info] [omni.ext.plugin] [ext: isaacsim.robot.wheeled_robots-4.0.24] registered (path: /home/xiexuhui/miniconda3/envs/instinctlab/lib/python3.11/site-packages/isaacsim/exts/isaacsim.robot.wheeled_robots)
2026-09-17T07:34:59Z [2ms] [Info] [omni.ext.plugin] [ext: isaacsim.robot.wheeled_robots.ui-2.1.23] registered (path: /home/xiexuhui/miniconda3/envs/instinctlab/lib/python3.11/site-packages/isaacsim/exts/isaacsim.robot.wheeled_robots.ui)
2026-09-17T07:34:59Z [2ms] [Info] [omni.ext.plugin] [ext: isaacsim.robot.surface_gripper-3.3.1] registered (path: /home/xiexuhui/miniconda3/envs/instinctlab/lib/python3.11/site-packages/isaacsim/exts/isaacsim.robot.surface_gripper)
2026-09-17T07:34:59Z [2ms] [Info] [omni.ext.plugin] [ext: isaacsim.robot_motion.motion_generation-8.0.26] registered (path: /home/xiexuhui/miniconda3/envs/instinctlab/lib/python3.11/site-packages/isaacsim/exts/isaacsim.robot_motion.motion_generation)
2026-09-17T07:34:59Z [2ms] [Info] [omni.ext.plugin] [ext: isaacsim.robot_setup.gain_tuner-3.0.6] registered (path: /home/xiexuhui/miniconda3/envs/instinctlab/lib/python3.11/site-packages/isaacsim/exts/isaacsim.robot_setup.gain_tuner)
2026-09-17T07:34:59Z [2ms] [Info] [omni.ext.plugin] [ext: isaacsim.replicator.examples-1.3.6] registered (path: /home/xiexuhui/miniconda3/envs/instinctlab/lib/python3.11/site-packages/isaacsim/exts/isaacsim.replicator.examples)
2026-09-17T07:34:59Z [2ms] [Info] [omni.ext.plugin] [ext: isaacsim.robot_setup.grasp_editor-2.0.20] registered (path: /home/xiexuhui/miniconda3/envs/instinctlab/lib/python3.11/site-packages/isaacsim/exts/isaacsim.robot_setup.grasp_editor)
2026-09-17T07:34:59Z [2ms] [Info] [omni.ext.plugin] Searching for extensions in: '/home/xiexuhui/miniconda3/envs/instinctlab/lib/python3.11/site-packages/isaacsim/extsDeprecated' (path type: 0, dev: 0)
2026-09-17T07:34:59Z [2ms] [Info] [omni.ext.plugin] [ext: isaacsim.robot_setup.xrdf_editor-3.1.11] registered (path: /home/xiexuhui/miniconda3/envs/instinctlab/lib/python3.11/site-packages/isaacsim/exts/isaacsim.robot_setup.xrdf_editor)
2026-09-17T07:34:59Z [3ms] [Info] [omni.ext.plugin] [ext: isaacsim.robot.manipulators.examples-1.1.2] registered (path: /home/xiexuhui/miniconda3/envs/instinctlab/lib/python3.11/site-packages/isaacsim/exts/isaacsim.robot.manipulators.examples)
2026-09-17T07:34:59Z [3ms] [Info] [omni.ext.plugin] [ext: isaacsim.robot_setup.wizard-0.0.8] registered (path: /home/xiexuhui/miniconda3/envs/instinctlab/lib/python3.11/site-packages/isaacsim/exts/isaacsim.robot_setup.wizard)
2026-09-17T07:34:59Z [3ms] [Info] [omni.ext.plugin] [ext: isaacsim.ros2.tf_viewer-2.1.21] registered (path: /home/xiexuhui/miniconda3/envs/instinctlab/lib/python3.11/site-packages/isaacsim/exts/isaacsim.ros2.tf_viewer)
2026-09-17T07:34:59Z [3ms] [Info] [omni.ext.plugin] [ext: isaacsim.robot_setup.assembler-3.0.11] registered (path: /home/xiexuhui/miniconda3/envs/instinctlab/lib/python3.11/site-packages/isaacsim/exts/isaacsim.robot_setup.assembler)
2026-09-17T07:34:59Z [3ms] [Info] [omni.ext.plugin] [ext: isaacsim.ros2.urdf-1.1.20] registered (path: /home/xiexuhui/miniconda3/envs/instinctlab/lib/python3.11/site-packages/isaacsim/exts/isaacsim.ros2.urdf)
2026-09-17T07:34:59Z [3ms] [Info] [omni.ext.plugin] [ext: isaacsim.robot.manipulators-3.3.6] registered (path: /home/xiexuhui/miniconda3/envs/instinctlab/lib/python3.11/site-packages/isaacsim/exts/isaacsim.robot.manipulators)
2026-09-17T07:34:59Z [3ms] [Info] [omni.ext.plugin] [ext: isaacsim.ros2.sim_control-1.3.2] registered (path: /home/xiexuhui/miniconda3/envs/instinctlab/lib/python3.11/site-packages/isaacsim/exts/isaacsim.ros2.sim_control)
2026-09-17T07:34:59Z [3ms] [Info] [omni.ext.plugin] [ext: isaacsim.sensors.camera-1.3.6] registered (path: /home/xiexuhui/miniconda3/envs/instinctlab/lib/python3.11/site-packages/isaacsim/exts/isaacsim.sensors.camera)
2026-09-17T07:34:59Z [3ms] [Info] [omni.ext.plugin] [ext: isaacsim.sensors.camera.ui-0.2.2] registered (path: /home/xiexuhui/miniconda3/envs/instinctlab/lib/python3.11/site-packages/isaacsim/exts/isaacsim.sensors.camera.ui)
2026-09-17T07:34:59Z [3ms] [Info] [omni.ext.plugin] [ext: isaacsim.sensors.physics.ui-0.1.12] registered (path: /home/xiexuhui/miniconda3/envs/instinctlab/lib/python3.11/site-packages/isaacsim/exts/isaacsim.sensors.physics.ui)
2026-09-17T07:34:59Z [3ms] [Info] [omni.ext.plugin] [ext: isaacsim.sensors.physx.examples-2.2.15] registered (path: /home/xiexuhui/miniconda3/envs/instinctlab/lib/python3.11/site-packages/isaacsim/exts/isaacsim.sensors.physx.examples)
2026-09-17T07:34:59Z [3ms] [Info] [omni.ext.plugin] [ext: isaacsim.test.docstring-1.1.0] registered (path: /home/xiexuhui/miniconda3/envs/instinctlab/lib/python3.11/site-packages/isaacsim/exts/isaacsim.test.docstring)
2026-09-17T07:34:59Z [3ms] [Info] [omni.ext.plugin] [ext: isaaclab-0.54.4] registered (path: /home/xiexuhui/IsaacLab-Instinct/source/isaaclab)
2026-09-17T07:34:59Z [3ms] [Info] [omni.ext.plugin] [ext: isaacsim.sensors.physics.examples-0.1.15] registered (path: /home/xiexuhui/miniconda3/envs/instinctlab/lib/python3.11/site-packages/isaacsim/exts/isaacsim.sensors.physics.examples)
2026-09-17T07:34:59Z [3ms] [Info] [omni.ext.plugin] [ext: isaaclab_assets-0.2.4] registered (path: /home/xiexuhui/IsaacLab-Instinct/source/isaaclab_assets)
2026-09-17T07:34:59Z [3ms] [Info] [omni.ext.plugin] [ext: isaacsim.sensors.physics-0.4.3] registered (path: /home/xiexuhui/miniconda3/envs/instinctlab/lib/python3.11/site-packages/isaacsim/exts/isaacsim.sensors.physics)
2026-09-17T07:34:59Z [3ms] [Info] [omni.ext.plugin] [ext: isaacsim.sensors.physx.ui-2.3.0] registered (path: /home/xiexuhui/miniconda3/envs/instinctlab/lib/python3.11/site-packages/isaacsim/exts/isaacsim.sensors.physx.ui)
2026-09-17T07:34:59Z [3ms] [Info] [omni.ext.plugin] [ext: isaacsim.simulation_app-2.12.2] registered (path: /home/xiexuhui/miniconda3/envs/instinctlab/lib/python3.11/site-packages/isaacsim/exts/isaacsim.simulation_app)
2026-09-17T07:34:59Z [3ms] [Info] [omni.ext.plugin] [ext: isaaclab_contrib-0.0.2] registered (path: /home/xiexuhui/IsaacLab-Instinct/source/isaaclab_contrib)
2026-09-17T07:34:59Z [3ms] [Info] [omni.ext.plugin] [ext: isaaclab_mimic-1.0.16] registered (path: /home/xiexuhui/IsaacLab-Instinct/source/isaaclab_mimic)
2026-09-17T07:34:59Z [3ms] [Info] [omni.ext.plugin] [ext: isaacsim.test.utils-0.5.1] registered (path: /home/xiexuhui/miniconda3/envs/instinctlab/lib/python3.11/site-packages/isaacsim/exts/isaacsim.test.utils)
2026-09-17T07:34:59Z [3ms] [Info] [omni.ext.plugin] [ext: isaaclab_rl-0.5.1] registered (path: /home/xiexuhui/IsaacLab-Instinct/source/isaaclab_rl)
2026-09-17T07:34:59Z [3ms] [Info] [omni.ext.plugin] [ext: isaacsim.sensors.physx-2.3.2] registered (path: /home/xiexuhui/miniconda3/envs/instinctlab/lib/python3.11/site-packages/isaacsim/exts/isaacsim.sensors.physx)
2026-09-17T07:34:59Z [3ms] [Info] [omni.ext.plugin] [ext: isaacsim.sensors.rtx.ui-1.1.6] registered (path: /home/xiexuhui/miniconda3/envs/instinctlab/lib/python3.11/site-packages/isaacsim/exts/isaacsim.sensors.rtx.ui)
2026-09-17T07:34:59Z [3ms] [Info] [omni.ext.plugin] [ext: isaacsim.storage.native-1.5.1] registered (path: /home/xiexuhui/miniconda3/envs/instinctlab/lib/python3.11/site-packages/isaacsim/exts/isaacsim.storage.native)
2026-09-17T07:34:59Z [3ms] [Info] [omni.ext.plugin] [ext: isaaclab_tasks-0.11.16] registered (path: /home/xiexuhui/IsaacLab-Instinct/source/isaaclab_tasks)
2026-09-17T07:34:59Z [3ms] [Info] [omni.ext.plugin] Searching for extensions in: '/home/xiexuhui/miniconda3/envs/instinctlab/lib/python3.11/site-packages/isaacsim/kit/extscore' (path type: 0, dev: 0)
2026-09-17T07:34:59Z [3ms] [Info] [omni.ext.plugin] [ext: isaacsim.util.camera_inspector-1.0.16] registered (path: /home/xiexuhui/miniconda3/envs/instinctlab/lib/python3.11/site-packages/isaacsim/exts/isaacsim.util.camera_inspector)
2026-09-17T07:34:59Z [3ms] [Info] [omni.ext.plugin] Searching for extensions in: '/home/xiexuhui/miniconda3/envs/instinctlab/lib/python3.11/site-packages/isaacsim/kit/exts' (path type: 0, dev: 0)
2026-09-17T07:34:59Z [3ms] [Info] [omni.ext.plugin] [ext: isaacsim.util.physics-1.1.5] registered (path: /home/xiexuhui/miniconda3/envs/instinctlab/lib/python3.11/site-packages/isaacsim/exts/isaacsim.util.physics)
2026-09-17T07:34:59Z [3ms] [Info] [omni.ext.plugin] [ext: isaacsim.ros2.bridge-4.12.4] registered (path: /home/xiexuhui/miniconda3/envs/instinctlab/lib/python3.11/site-packages/isaacsim/exts/isaacsim.ros2.bridge)
2026-09-17T07:34:59Z [3ms] [Info] [omni.ext.plugin] Searching for extensions in: '/home/xiexuhui/Documents/Kit/shared/exts' (path type: 0, dev: 0)
2026-09-17T07:34:59Z [3ms] [Info] [omni.ext.plugin] Searching for extensions in: '/home/xiexuhui/Documents/Kit/apps/Isaac-Sim/exts' (path type: 0, dev: 0)
2026-09-17T07:34:59Z [3ms] [Info] [omni.ext.plugin] [ext: isaacsim.util.merge_mesh-2.0.15] registered (path: /home/xiexuhui/miniconda3/envs/instinctlab/lib/python3.11/site-packages/isaacsim/exts/isaacsim.util.merge_mesh)
2026-09-17T07:34:59Z [3ms] [Info] [omni.ext.plugin] Searching for extensions in: '/home/xiexuhui/miniconda3/envs/instinctlab/lib/python3.11/site-packages/isaacsim/kit/apps' (path type: 0, dev: 0)
2026-09-17T07:34:59Z [3ms] [Info] [omni.ext.plugin] [ext: isaacsim_4_5-0.0.0] registered (path: /home/xiexuhui/IsaacLab-Instinct/apps/isaacsim_4_5)
2026-09-17T07:34:59Z [3ms] [Info] [omni.ext.plugin] [ext: omni.kit.loop-isaac-1.3.7] registered (path: /home/xiexuhui/miniconda3/envs/instinctlab/lib/python3.11/site-packages/isaacsim/exts/omni.kit.loop-isaac)
2026-09-17T07:34:59Z [3ms] [Info] [omni.ext.plugin] [ext: isaacsim.test.collection-2.2.1] registered (path: /home/xiexuhui/miniconda3/envs/instinctlab/lib/python3.11/site-packages/isaacsim/exts/isaacsim.test.collection)
2026-09-17T07:34:59Z [3ms] [Info] [omni.ext.plugin] [ext: rendering_modes-0.0.0] registered (path: /home/xiexuhui/IsaacLab-Instinct/apps/rendering_modes)
2026-09-17T07:34:59Z [3ms] [Info] [omni.ext.plugin] [ext: isaacsim.sensors.rtx-15.8.4] registered (path: /home/xiexuhui/miniconda3/envs/instinctlab/lib/python3.11/site-packages/isaacsim/exts/isaacsim.sensors.rtx)
2026-09-17T07:34:59Z [3ms] [Info] [omni.ext.plugin] [ext: isaaclab.python.xr.openxr.headless-2.3.2] registered (path: /home/xiexuhui/IsaacLab-Instinct/apps/isaaclab.python.xr.openxr.headless.kit)
2026-09-17T07:34:59Z [3ms] [Info] [omni.ext.plugin] [ext: isaaclab.python.xr.openxr-2.3.2] registered (path: /home/xiexuhui/IsaacLab-Instinct/apps/isaaclab.python.xr.openxr.kit)
2026-09-17T07:34:59Z [3ms] [Info] [omni.ext.plugin] [ext: carb.windowing.plugins-1.0.0] registered (path: /home/xiexuhui/miniconda3/envs/instinctlab/lib/python3.11/site-packages/isaacsim/extscache/carb.windowing.plugins-1.0.0+69cbf6ad.lx64.r)
2026-09-17T07:34:59Z [3ms] [Info] [omni.ext.plugin] [ext: isaaclab.python.rendering-2.3.2] registered (path: /home/xiexuhui/IsaacLab-Instinct/apps/isaaclab.python.rendering.kit)
2026-09-17T07:34:59Z [3ms] [Info] [omni.ext.plugin] [ext: isaaclab.python.headless.rendering-2.3.2] registered (path: /home/xiexuhui/IsaacLab-Instinct/apps/isaaclab.python.headless.rendering.kit)
2026-09-17T07:34:59Z [3ms] [Info] [omni.ext.plugin] [ext: carb.audio-0.1.0] registered (path: /home/xiexuhui/miniconda3/envs/instinctlab/lib/python3.11/site-packages/isaacsim/extscache/carb.audio-0.1.0+69cbf6ad.lx64.r.cp311)
2026-09-17T07:34:59Z [3ms] [Info] [omni.ext.plugin] [ext: isaacsim.replicator.agent.ui-0.7.11] registered (path: /home/xiexuhui/miniconda3/envs/instinctlab/lib/python3.11/site-packages/isaacsim/extscache/isaacsim.replicator.agent.ui-0.7.11+107.3.3)
2026-09-17T07:34:59Z [3ms] [Info] [omni.ext.plugin] [ext: isaacsim.anim.robot-0.0.15] registered (path: /home/xiexuhui/miniconda3/envs/instinctlab/lib/python3.11/site-packages/isaacsim/extscache/isaacsim.anim.robot-0.0.15+107.3.3)
2026-09-17T07:34:59Z [3ms] [Info] [omni.ext.plugin] [ext: isaacsim.util.debug_draw-3.1.0] registered (path: /home/xiexuhui/miniconda3/envs/instinctlab/lib/python3.11/site-packages/isaacsim/extscache/isaacsim.util.debug_draw-3.1.0+107.3.2.lx64.r.cp311)
2026-09-17T07:34:59Z [3ms] [Info] [omni.ext.plugin] [ext: isaacsim.action_and_event_data_generation.setup-0.0.9] registered (path: /home/xiexuhui/miniconda3/envs/instinctlab/lib/python3.11/site-packages/isaacsim/extscache/isaacsim.action_and_event_data_generation.setup-0.0.9)
2026-09-17T07:34:59Z [3ms] [Info] [omni.ext.plugin] [ext: isaacsim.xr.openxr-1.0.0] registered (path: /home/xiexuhui/miniconda3/envs/instinctlab/lib/python3.11/site-packages/isaacsim/extscache/isaacsim.xr.openxr-1.0.0+lx64.r.cp311)
2026-09-17T07:34:59Z [3ms] [Info] [omni.ext.plugin] [ext: isaacsim.replicator.incident-0.1.28] registered (path: /home/xiexuhui/miniconda3/envs/instinctlab/lib/python3.11/site-packages/isaacsim/extscache/isaacsim.replicator.incident-0.1.28+107.3.3.lx64)
2026-09-17T07:34:59Z [3ms] [Info] [omni.ext.plugin] [ext: omni.activity.profiler-1.0.4] registered (path: /home/xiexuhui/miniconda3/envs/instinctlab/lib/python3.11/site-packages/isaacsim/extscache/omni.activity.profiler-1.0.4+69cbf6ad.lx64.r.cp311)
2026-09-17T07:34:59Z [3ms] [Info] [omni.ext.plugin] [ext: isaacsim.sensors.rtx.placement-0.6.14] registered (path: /home/xiexuhui/miniconda3/envs/instinctlab/lib/python3.11/site-packages/isaacsim/extscache/isaacsim.sensors.rtx.placement-0.6.14+107.3.3)
2026-09-17T07:34:59Z [3ms] [Info] [omni.ext.plugin] [ext: isaacsim.replicator.object-0.4.13] registered (path: /home/xiexuhui/miniconda3/envs/instinctlab/lib/python3.11/site-packages/isaacsim/extscache/isaacsim.replicator.object-0.4.13+107.3.3.lx64)
2026-09-17T07:34:59Z [3ms] [Info] [omni.ext.plugin] [ext: omni.activity.core-1.0.3] registered (path: /home/xiexuhui/miniconda3/envs/instinctlab/lib/python3.11/site-packages/isaacsim/extscache/omni.activity.core-1.0.3+69cbf6ad.lx64.r.cp311)
2026-09-17T07:34:59Z [3ms] [Info] [omni.ext.plugin] [ext: omni.activity.pump-1.0.1] registered (path: /home/xiexuhui/miniconda3/envs/instinctlab/lib/python3.11/site-packages/isaacsim/extscache/omni.activity.pump-1.0.1+69cbf6ad.lx64.r.cp311)
2026-09-17T07:34:59Z [3ms] [Info] [omni.ext.plugin] [ext: isaacsim.replicator.caption.core-0.0.32] registered (path: /home/xiexuhui/miniconda3/envs/instinctlab/lib/python3.11/site-packages/isaacsim/extscache/isaacsim.replicator.caption.core-0.0.32+107.3.3)
2026-09-17T07:34:59Z [3ms] [Info] [omni.ext.plugin] [ext: omni.app.viewport-1.0.0] registered (path: /home/xiexuhui/miniconda3/envs/instinctlab/lib/python3.11/site-packages/isaacsim/kit/apps/omni.app.viewport.kit)
2026-09-17T07:34:59Z [3ms] [Info] [omni.ext.plugin] [ext: isaacsim.replicator.agent.core-0.7.28] registered (path: /home/xiexuhui/miniconda3/envs/instinctlab/lib/python3.11/site-packages/isaacsim/extscache/isaacsim.replicator.agent.core-0.7.28+107.3.3)
2026-09-17T07:34:59Z [3ms] [Info] [omni.ext.plugin] [ext: omni.anim.curve.bundle-1.2.3] registered (path: /home/xiexuhui/miniconda3/envs/instinctlab/lib/python3.11/site-packages/isaacsim/extscache/omni.anim.curve.bundle-1.2.3+107.3.2.u353)
2026-09-17T07:34:59Z [3ms] [Info] [omni.ext.plugin] [ext: omni.anim.behavior.schema-107.3.0] registered (path: /home/xiexuhui/miniconda3/envs/instinctlab/lib/python3.11/site-packages/isaacsim/extscache/omni.anim.behavior.schema-107.3.0+107.3.0.lx64.r.cp311.u353)
2026-09-17T07:34:59Z [3ms] [Info] [omni.ext.plugin] [ext: omni.anim.asset-107.3.0] registered (path: /home/xiexuhui/miniconda3/envs/instinctlab/lib/python3.11/site-packages/isaacsim/extscache/omni.anim.asset-107.3.0+107.3.0.lx64.r.u353)
2026-09-17T07:34:59Z [3ms] [Info] [omni.ext.plugin] [ext: isaaclab.python-2.3.2] registered (path: /home/xiexuhui/IsaacLab-Instinct/apps/isaaclab.python.kit)
2026-09-17T07:34:59Z [3ms] [Info] [omni.ext.plugin] [ext: isaacsim.xr.input_devices-1.0.2] registered (path: /home/xiexuhui/miniconda3/envs/instinctlab/lib/python3.11/site-packages/isaacsim/extscache/isaacsim.xr.input_devices-1.0.2+107.3.2.lx64)
2026-09-17T07:34:59Z [3ms] [Info] [omni.ext.plugin] [ext: omni.anim.curve.ui-1.4.1] registered (path: /home/xiexuhui/miniconda3/envs/instinctlab/lib/python3.11/site-packages/isaacsim/extscache/omni.anim.curve.ui-1.4.1+107.3.1.u353)
2026-09-17T07:34:59Z [3ms] [Info] [omni.ext.plugin] [ext: omni.app.mini-0.1.1] registered (path: /home/xiexuhui/miniconda3/envs/instinctlab/lib/python3.11/site-packages/isaacsim/kit/apps/omni.app.mini.kit)
2026-09-17T07:34:59Z [3ms] [Info] [omni.ext.plugin] [ext: omni.anim.curve_editor-106.4.1] registered (path: /home/xiexuhui/miniconda3/envs/instinctlab/lib/python3.11/site-packages/isaacsim/extscache/omni.anim.curve_editor-106.4.1+107.2.0.u353)
2026-09-17T07:34:59Z [3ms] [Info] [omni.ext.plugin] [ext: omni.anim.graph.bundle-107.3.3] registered (path: /home/xiexuhui/miniconda3/envs/instinctlab/lib/python3.11/site-packages/isaacsim/extscache/omni.anim.graph.bundle-107.3.3+107.3.3)
2026-09-17T07:34:59Z [3ms] [Info] [omni.ext.plugin] [ext: omni.anim.navigation.bundle-107.3.3] registered (path: /home/xiexuhui/miniconda3/envs/instinctlab/lib/python3.11/site-packages/isaacsim/extscache/omni.anim.navigation.bundle-107.3.3+107.3.3)
2026-09-17T07:34:59Z [3ms] [Info] [omni.ext.plugin] [ext: omni.anim.graph.schema-107.3.3] registered (path: /home/xiexuhui/miniconda3/envs/instinctlab/lib/python3.11/site-packages/isaacsim/extscache/omni.anim.graph.schema-107.3.3+107.3.3.lx64.r.cp311.u353)
2026-09-17T07:34:59Z [3ms] [Info] [omni.ext.plugin] [ext: omni.anim.graph.core-107.3.4] registered (path: /home/xiexuhui/miniconda3/envs/instinctlab/lib/python3.11/site-packages/isaacsim/extscache/omni.anim.graph.core-107.3.4+107.3.3.lx64.r.cp311.u353)
2026-09-17T07:34:59Z [3ms] [Info] [omni.ext.plugin] [ext: omni.anim.navigation.ui-107.3.6] registered (path: /home/xiexuhui/miniconda3/envs/instinctlab/lib/python3.11/site-packages/isaacsim/extscache/omni.anim.navigation.ui-107.3.6+107.3.3)
2026-09-17T07:34:59Z [3ms] [Info] [omni.ext.plugin] [ext: omni.anim.retarget.bundle-107.3.3] registered (path: /home/xiexuhui/miniconda3/envs/instinctlab/lib/python3.11/site-packages/isaacsim/extscache/omni.anim.retarget.bundle-107.3.3+107.3.3)
2026-09-17T07:34:59Z [3ms] [Info] [omni.ext.plugin] [ext: omni.anim.curve.core-1.3.1] registered (path: /home/xiexuhui/miniconda3/envs/instinctlab/lib/python3.11/site-packages/isaacsim/extscache/omni.anim.curve.core-1.3.1+107.2.0.lx64.r.cp311.u353)
2026-09-17T07:34:59Z [3ms] [Info] [omni.ext.plugin] [ext: omni.activity.ui-1.1.3] registered (path: /home/xiexuhui/miniconda3/envs/instinctlab/lib/python3.11/site-packages/isaacsim/extscache/omni.activity.ui-1.1.3+69cbf6ad.lx64.r.cp311)
2026-09-17T07:34:59Z [3ms] [Info] [omni.ext.plugin] [ext: omni.activity.usd_resolver-1.0.4] registered (path: /home/xiexuhui/miniconda3/envs/instinctlab/lib/python3.11/site-packages/isaacsim/extscache/omni.activity.usd_resolver-1.0.4+69cbf6ad.lx64.r.cp311)
2026-09-17T07:34:59Z [3ms] [Info] [omni.ext.plugin] [ext: omni.anim.navigation.schema-107.3.3] registered (path: /home/xiexuhui/miniconda3/envs/instinctlab/lib/python3.11/site-packages/isaacsim/extscache/omni.anim.navigation.schema-107.3.3+107.3.3.lx64.r.cp311.u353)
2026-09-17T07:34:59Z [3ms] [Info] [omni.ext.plugin] [ext: omni.anim.graph.ui-107.3.3] registered (path: /home/xiexuhui/miniconda3/envs/instinctlab/lib/python3.11/site-packages/isaacsim/extscache/omni.anim.graph.ui-107.3.3+107.3.3)
2026-09-17T07:34:59Z [3ms] [Info] [omni.ext.plugin] [ext: omni.anim.people-0.7.9] registered (path: /home/xiexuhui/miniconda3/envs/instinctlab/lib/python3.11/site-packages/isaacsim/extscache/omni.anim.people-0.7.9+107.3.3)
2026-09-17T07:34:59Z [3ms] [Info] [omni.ext.plugin] [ext: omni.anim.retarget.core-107.3.3] registered (path: /home/xiexuhui/miniconda3/envs/instinctlab/lib/python3.11/site-packages/isaacsim/extscache/omni.anim.retarget.core-107.3.3+107.3.3.lx64.r.cp311.u353)
2026-09-17T07:34:59Z [4ms] [Info] [omni.ext.plugin] [ext: omni.anim.retarget.preview-107.3.3] registered (path: /home/xiexuhui/miniconda3/envs/instinctlab/lib/python3.11/site-packages/isaacsim/extscache/omni.anim.retarget.preview-107.3.3+107.3.3)
2026-09-17T07:34:59Z [4ms] [Info] [omni.ext.plugin] [ext: omni.app.hydra-1.0.0] registered (path: /home/xiexuhui/miniconda3/envs/instinctlab/lib/python3.11/site-packages/isaacsim/kit/apps/omni.app.hydra.kit)
2026-09-17T07:34:59Z [4ms] [Info] [omni.ext.plugin] [ext: omni.anim.retarget.ui-107.3.3] registered (path: /home/xiexuhui/miniconda3/envs/instinctlab/lib/python3.11/site-packages/isaacsim/extscache/omni.anim.retarget.ui-107.3.3+107.3.3)
2026-09-17T07:34:59Z [4ms] [Info] [omni.ext.plugin] [ext: omni.anim.timeline-107.0.0] registered (path: /home/xiexuhui/miniconda3/envs/instinctlab/lib/python3.11/site-packages/isaacsim/extscache/omni.anim.timeline-107.0.0+107.3.2.lx64.r.cp311.u353)
2026-09-17T07:34:59Z [4ms] [Info] [omni.ext.plugin] [ext: omni.anim.skelJoint-107.3.3] registered (path: /home/xiexuhui/miniconda3/envs/instinctlab/lib/python3.11/site-packages/isaacsim/extscache/omni.anim.skelJoint-107.3.3+107.3.3.lx64.r.cp311.u353)
2026-09-17T07:34:59Z [4ms] [Info] [omni.ext.plugin] [ext: omni.anim.window.timeline-106.5.0] registered (path: /home/xiexuhui/miniconda3/envs/instinctlab/lib/python3.11/site-packages/isaacsim/extscache/omni.anim.window.timeline-106.5.0+107.3.1.u353)
2026-09-17T07:34:59Z [4ms] [Info] [omni.ext.plugin] [ext: omni.anim.shared.core-107.0.1] registered (path: /home/xiexuhui/miniconda3/envs/instinctlab/lib/python3.11/site-packages/isaacsim/extscache/omni.anim.shared.core-107.0.1+107.2.0.lx64.r.cp311.u353)
2026-09-17T07:34:59Z [4ms] [Info] [omni.ext.plugin] [ext: omni.anim.navigation.core-107.3.8] registered (path: /home/xiexuhui/miniconda3/envs/instinctlab/lib/python3.11/site-packages/isaacsim/extscache/omni.anim.navigation.core-107.3.8+107.3.3.lx64.r.cp311.u353)
2026-09-17T07:34:59Z [4ms] [Info] [omni.ext.plugin] [ext: omni.anim.widget.timeline-0.1.14] registered (path: /home/xiexuhui/miniconda3/envs/instinctlab/lib/python3.11/site-packages/isaacsim/extscache/omni.anim.widget.timeline-0.1.14+107.3.2.u353)
2026-09-17T07:34:59Z [4ms] [Info] [omni.ext.plugin] [ext: omni.asset_validator.core-1.1.6] registered (path: /home/xiexuhui/miniconda3/envs/instinctlab/lib/python3.11/site-packages/isaacsim/extscache/omni.asset_validator.core-1.1.6)
2026-09-17T07:34:59Z [4ms] [Info] [omni.ext.plugin] [ext: omni.blobkey-1.1.2] registered (path: /home/xiexuhui/miniconda3/envs/instinctlab/lib/python3.11/site-packages/isaacsim/extscache/omni.blobkey-1.1.2+69cbf6ad.lx64.r)
2026-09-17T07:34:59Z [4ms] [Info] [omni.ext.plugin] [ext: omni.assets.plugins-0.0.0] registered (path: /home/xiexuhui/miniconda3/envs/instinctlab/lib/python3.11/site-packages/isaacsim/extscache/omni.assets.plugins-0.0.0+69cbf6ad.lx64.r)
2026-09-17T07:34:59Z [4ms] [Info] [omni.ext.plugin] [ext: omni.appwindow-1.1.10] registered (path: /home/xiexuhui/miniconda3/envs/instinctlab/lib/python3.11/site-packages/isaacsim/extscache/omni.appwindow-1.1.10+69cbf6ad.lx64.r.cp311)
2026-09-17T07:34:59Z [4ms] [Info] [omni.ext.plugin] [ext: omni.curve.creator-107.0.1] registered (path: /home/xiexuhui/miniconda3/envs/instinctlab/lib/python3.11/site-packages/isaacsim/extscache/omni.curve.creator-107.0.1+107.0.3.lx64.r.cp311.u353)
2026-09-17T07:34:59Z [4ms] [Info] [omni.ext.plugin] [ext: omni.app.full-1.0.1] registered (path: /home/xiexuhui/miniconda3/envs/instinctlab/lib/python3.11/site-packages/isaacsim/kit/apps/omni.app.full.kit)
2026-09-17T07:34:59Z [4ms] [Info] [omni.ext.plugin] [ext: omni.convexdecomposition-107.3.26] registered (path: /home/xiexuhui/miniconda3/envs/instinctlab/lib/python3.11/site-packages/isaacsim/extscache/omni.convexdecomposition-107.3.26+107.3.3.lx64.r.cp311.u353)
2026-09-17T07:34:59Z [4ms] [Info] [omni.ext.plugin] [ext: omni.asset_validator.ui-1.1.6] registered (path: /home/xiexuhui/miniconda3/envs/instinctlab/lib/python3.11/site-packages/isaacsim/extscache/omni.asset_validator.ui-1.1.6)
2026-09-17T07:34:59Z [4ms] [Info] [omni.ext.plugin] [ext: omni.cuopt.service-1.3.0] registered (path: /home/xiexuhui/miniconda3/envs/instinctlab/lib/python3.11/site-packages/isaacsim/extscache/omni.cuopt.service-1.3.0+107.3.2)
2026-09-17T07:34:59Z [4ms] [Info] [omni.ext.plugin] [ext: omni.cuopt.examples-1.3.0] registered (path: /home/xiexuhui/miniconda3/envs/instinctlab/lib/python3.11/site-packages/isaacsim/extscache/omni.cuopt.examples-1.3.0+107.3.2)
2026-09-17T07:34:59Z [4ms] [Info] [omni.ext.plugin] [ext: omni.client-1.3.0] registered (path: /home/xiexuhui/miniconda3/envs/instinctlab/lib/python3.11/site-packages/isaacsim/extscache/omni.client-1.3.0+69cbf6ad.lx64.r)
2026-09-17T07:34:59Z [4ms] [Info] [omni.ext.plugin] [ext: omni.cuopt.visualization-1.3.0] registered (path: /home/xiexuhui/miniconda3/envs/instinctlab/lib/python3.11/site-packages/isaacsim/extscache/omni.cuopt.visualization-1.3.0+107.3.2)
2026-09-17T07:34:59Z [4ms] [Info] [omni.ext.plugin] [ext: omni.debugdraw-0.1.4] registered (path: /home/xiexuhui/miniconda3/envs/instinctlab/lib/python3.11/site-packages/isaacsim/extscache/omni.debugdraw-0.1.4+69cbf6ad.lx64.r.cp311)
2026-09-17T07:34:59Z [4ms] [Info] [omni.ext.plugin] [ext: omni.fabric.commands-1.1.6] registered (path: /home/xiexuhui/miniconda3/envs/instinctlab/lib/python3.11/site-packages/isaacsim/extscache/omni.fabric.commands-1.1.6+69cbf6ad.lx64.r.cp311)
2026-09-17T07:34:59Z [4ms] [Info] [omni.ext.plugin] [ext: omni.datastore-0.0.0] registered (path: /home/xiexuhui/miniconda3/envs/instinctlab/lib/python3.11/site-packages/isaacsim/extscache/omni.datastore-0.0.0+69cbf6ad.lx64.r)
2026-09-17T07:34:59Z [4ms] [Info] [omni.ext.plugin] [ext: omni.app.empty-0.1.0] registered (path: /home/xiexuhui/miniconda3/envs/instinctlab/lib/python3.11/site-packages/isaacsim/kit/apps/omni.app.empty.kit)
2026-09-17T07:34:59Z [4ms] [Info] [omni.ext.plugin] [ext: omni.genproc.core-107.0.3] registered (path: /home/xiexuhui/miniconda3/envs/instinctlab/lib/python3.11/site-packages/isaacsim/extscache/omni.genproc.core-107.0.3+107.0.3.lx64.r.cp311.u353)
2026-09-17T07:34:59Z [4ms] [Info] [omni.ext.plugin] [ext: omni.gpucompute.plugins-0.0.0] registered (path: /home/xiexuhui/miniconda3/envs/instinctlab/lib/python3.11/site-packages/isaacsim/extscache/omni.gpucompute.plugins-0.0.0+69cbf6ad.lx64.r)
2026-09-17T07:34:59Z [4ms] [Info] [omni.ext.plugin] [ext: omni.gpu_foundation.shadercache.vulkan-1.0.0] registered (path: /home/xiexuhui/miniconda3/envs/instinctlab/lib/python3.11/site-packages/isaacsim/extscache/omni.gpu_foundation.shadercache.vulkan-1.0.0+69cbf6ad.lx64.r)
2026-09-17T07:34:59Z [4ms] [Info] [omni.ext.plugin] [ext: omni.curve.manipulator-107.0.4] registered (path: /home/xiexuhui/miniconda3/envs/instinctlab/lib/python3.11/site-packages/isaacsim/extscache/omni.curve.manipulator-107.0.4+107.0.3.lx64.r.cp311.u353)
2026-09-17T07:34:59Z [4ms] [Info] [omni.ext.plugin] [ext: omni.graph-1.141.2] registered (path: /home/xiexuhui/miniconda3/envs/instinctlab/lib/python3.11/site-packages/isaacsim/extscache/omni.graph-1.141.2+69cbf6ad.lx64.r.cp311)
2026-09-17T07:34:59Z [4ms] [Info] [omni.ext.plugin] [ext: omni.graph.action-1.130.0] registered (path: /home/xiexuhui/miniconda3/envs/instinctlab/lib/python3.11/site-packages/isaacsim/extscache/omni.graph.action-1.130.0+107.3.0)
2026-09-17T07:34:59Z [4ms] [Info] [omni.ext.plugin] [ext: omni.flowusd-107.1.8] registered (path: /home/xiexuhui/miniconda3/envs/instinctlab/lib/python3.11/site-packages/isaacsim/extscache/omni.flowusd-107.1.8+107.1.0.lx64.r.cp311.u353)
2026-09-17T07:34:59Z [4ms] [Info] [omni.ext.plugin] [ext: omni.gpu_foundation-0.0.0] registered (path: /home/xiexuhui/miniconda3/envs/instinctlab/lib/python3.11/site-packages/isaacsim/extscache/omni.gpu_foundation-0.0.0+69cbf6ad.lx64.r.cp311)
2026-09-17T07:34:59Z [4ms] [Info] [omni.ext.plugin] [ext: omni.graph.action_core-1.1.7] registered (path: /home/xiexuhui/miniconda3/envs/instinctlab/lib/python3.11/site-packages/isaacsim/extscache/omni.graph.action_core-1.1.7+69cbf6ad.lx64.r.cp311)
2026-09-17T07:34:59Z [4ms] [Info] [omni.ext.plugin] [ext: omni.graph.exec-0.9.6] registered (path: /home/xiexuhui/miniconda3/envs/instinctlab/lib/python3.11/site-packages/isaacsim/extscache/omni.graph.exec-0.9.6+69cbf6ad.lx64.r)
2026-09-17T07:34:59Z [4ms] [Info] [omni.ext.plugin] [ext: omni.graph.action_nodes-1.50.4] registered (path: /home/xiexuhui/miniconda3/envs/instinctlab/lib/python3.11/site-packages/isaacsim/extscache/omni.graph.action_nodes-1.50.4+107.3.0.lx64.r.cp311.u353)
2026-09-17T07:34:59Z [4ms] [Info] [omni.ext.plugin] [ext: omni.graph.bundle.action-2.30.0] registered (path: /home/xiexuhui/miniconda3/envs/instinctlab/lib/python3.11/site-packages/isaacsim/extscache/omni.graph.bundle.action-2.30.0+107.3.0)
2026-09-17T07:34:59Z [4ms] [Info] [omni.ext.plugin] [ext: omni.graph.image.nodes-1.3.1] registered (path: /home/xiexuhui/miniconda3/envs/instinctlab/lib/python3.11/site-packages/isaacsim/extscache/omni.graph.image.nodes-1.3.1+69cbf6ad.lx64.r)
2026-09-17T07:34:59Z [4ms] [Info] [omni.ext.plugin] [ext: omni.graph.core-2.184.5] registered (path: /home/xiexuhui/miniconda3/envs/instinctlab/lib/python3.11/site-packages/isaacsim/extscache/omni.graph.core-2.184.5+69cbf6ad.lx64.r)
2026-09-17T07:34:59Z [4ms] [Info] [omni.ext.plugin] [ext: omni.graph.image.core-0.6.1] registered (path: /home/xiexuhui/miniconda3/envs/instinctlab/lib/python3.11/site-packages/isaacsim/extscache/omni.graph.image.core-0.6.1+69cbf6ad.lx64.r)
2026-09-17T07:34:59Z [4ms] [Info] [omni.ext.plugin] [ext: omni.graph.action_nodes_core-1.2.0] registered (path: /home/xiexuhui/miniconda3/envs/instinctlab/lib/python3.11/site-packages/isaacsim/extscache/omni.graph.action_nodes_core-1.2.0+107.3.0.lx64.r.cp311.u353)
2026-09-17T07:34:59Z [4ms] [Info] [omni.ext.plugin] [ext: omni.graph.examples.cpp-1.50.2] registered (path: /home/xiexuhui/miniconda3/envs/instinctlab/lib/python3.11/site-packages/isaacsim/extscache/omni.graph.examples.cpp-1.50.2+107.3.0.lx64.r.cp311.u353)
2026-09-17T07:34:59Z [4ms] [Info] [omni.ext.plugin] [ext: omni.graph.io-1.30.1] registered (path: /home/xiexuhui/miniconda3/envs/instinctlab/lib/python3.11/site-packages/isaacsim/extscache/omni.graph.io-1.30.1+107.3.0)
2026-09-17T07:34:59Z [4ms] [Info] [omni.ext.plugin] [ext: omni.graph.nodes_core-1.1.0] registered (path: /home/xiexuhui/miniconda3/envs/instinctlab/lib/python3.11/site-packages/isaacsim/extscache/omni.graph.nodes_core-1.1.0+107.3.0.lx64.r.cp311.u353)
2026-09-17T07:34:59Z [4ms] [Info] [omni.ext.plugin] [ext: omni.graph.nodes-1.170.10] registered (path: /home/xiexuhui/miniconda3/envs/instinctlab/lib/python3.11/site-packages/isaacsim/extscache/omni.graph.nodes-1.170.10+107.3.0.lx64.r.cp311.u353)
2026-09-17T07:34:59Z [4ms] [Info] [omni.ext.plugin] [ext: omni.graph.tools-1.79.2] registered (path: /home/xiexuhui/miniconda3/envs/instinctlab/lib/python3.11/site-packages/isaacsim/extscache/omni.graph.tools-1.79.2+69cbf6ad)
2026-09-17T07:34:59Z [4ms] [Info] [omni.ext.plugin] [ext: omni.graph.telemetry-2.40.2] registered (path: /home/xiexuhui/miniconda3/envs/instinctlab/lib/python3.11/site-packages/isaacsim/extscache/omni.graph.telemetry-2.40.2+107.3.0.lx64.r.cp311.u353)
2026-09-17T07:34:59Z [4ms] [Info] [omni.ext.plugin] [ext: omni.graph.scriptnode-1.50.0] registered (path: /home/xiexuhui/miniconda3/envs/instinctlab/lib/python3.11/site-packages/isaacsim/extscache/omni.graph.scriptnode-1.50.0+107.3.0)
2026-09-17T07:34:59Z [4ms] [Info] [omni.ext.plugin] [ext: omni.graph.visualization.nodes-2.1.3] registered (path: /home/xiexuhui/miniconda3/envs/instinctlab/lib/python3.11/site-packages/isaacsim/extscache/omni.graph.visualization.nodes-2.1.3)
2026-09-17T07:34:59Z [4ms] [Info] [omni.ext.plugin] [ext: omni.app.editor.base-1.0.0] registered (path: /home/xiexuhui/miniconda3/envs/instinctlab/lib/python3.11/site-packages/isaacsim/kit/apps/omni.app.editor.base.kit)
2026-09-17T07:34:59Z [4ms] [Info] [omni.ext.plugin] [ext: omni.graph.ui-1.101.6] registered (path: /home/xiexuhui/miniconda3/envs/instinctlab/lib/python3.11/site-packages/isaacsim/extscache/omni.graph.ui-1.101.6+107.3.0.lx64.r.cp311)
2026-09-17T07:34:59Z [4ms] [Info] [omni.ext.plugin] [ext: omni.hsscclient-1.1.2] registered (path: /home/xiexuhui/miniconda3/envs/instinctlab/lib/python3.11/site-packages/isaacsim/extscache/omni.hsscclient-1.1.2+69cbf6ad.lx64.r.cp311)
2026-09-17T07:34:59Z [4ms] [Info] [omni.ext.plugin] [ext: omni.graph.window.generic-1.50.2] registered (path: /home/xiexuhui/miniconda3/envs/instinctlab/lib/python3.11/site-packages/isaacsim/extscache/omni.graph.window.generic-1.50.2+107.3.0)
2026-09-17T07:34:59Z [4ms] [Info] [omni.ext.plugin] [ext: omni.hydra.engine.stats-1.0.3] registered (path: /home/xiexuhui/miniconda3/envs/instinctlab/lib/python3.11/site-packages/isaacsim/extscache/omni.hydra.engine.stats-1.0.3+69cbf6ad.lx64.r.cp311)
2026-09-17T07:34:59Z [4ms] [Info] [omni.ext.plugin] [ext: omni.graph.window.core-2.0.0] registered (path: /home/xiexuhui/miniconda3/envs/instinctlab/lib/python3.11/site-packages/isaacsim/extscache/omni.graph.window.core-2.0.0+107.3.0)
2026-09-17T07:34:59Z [4ms] [Info] [omni.ext.plugin] [ext: omni.graph.window.action-1.50.2] registered (path: /home/xiexuhui/miniconda3/envs/instinctlab/lib/python3.11/site-packages/isaacsim/extscache/omni.graph.window.action-1.50.2+107.3.0)
2026-09-17T07:34:59Z [4ms] [Info] [omni.ext.plugin] [ext: omni.hydra.scene_delegate-0.3.4] registered (path: /home/xiexuhui/miniconda3/envs/instinctlab/lib/python3.11/site-packages/isaacsim/extscache/omni.hydra.scene_delegate-0.3.4+69cbf6ad.lx64.r)
2026-09-17T07:34:59Z [4ms] [Info] [omni.ext.plugin] [ext: omni.hydra.rtx.shadercache.vulkan-1.0.0] registered (path: /home/xiexuhui/miniconda3/envs/instinctlab/lib/python3.11/site-packages/isaacsim/extscache/omni.hydra.rtx.shadercache.vulkan-1.0.0+69cbf6ad.lx64.r)
2026-09-17T07:34:59Z [4ms] [Info] [omni.ext.plugin] [ext: omni.hydra.iray.shadercache.vulkan-1.0.0] registered (path: /home/xiexuhui/miniconda3/envs/instinctlab/lib/python3.11/site-packages/isaacsim/extscache/omni.hydra.iray.shadercache.vulkan-1.0.0+69cbf6ad.lx64.r)
2026-09-17T07:34:59Z [4ms] [Info] [omni.ext.plugin] [ext: omni.hydra.scene_api-0.1.2] registered (path: /home/xiexuhui/miniconda3/envs/instinctlab/lib/python3.11/site-packages/isaacsim/extscache/omni.hydra.scene_api-0.1.2+69cbf6ad.lx64.r.cp311)
2026-09-17T07:34:59Z [4ms] [Info] [omni.ext.plugin] [ext: omni.importer.onshape-1.0.1] registered (path: /home/xiexuhui/miniconda3/envs/instinctlab/lib/python3.11/site-packages/isaacsim/extscache/omni.importer.onshape-1.0.1+107.3.0)
2026-09-17T07:34:59Z [4ms] [Info] [omni.ext.plugin] [ext: omni.inspect-1.0.2] registered (path: /home/xiexuhui/miniconda3/envs/instinctlab/lib/python3.11/site-packages/isaacsim/extscache/omni.inspect-1.0.2+69cbf6ad.lx64.r.cp311)
2026-09-17T07:34:59Z [4ms] [Info] [omni.ext.plugin] [ext: omni.index-1.0.1] registered (path: /home/xiexuhui/miniconda3/envs/instinctlab/lib/python3.11/site-packages/isaacsim/extscache/omni.index-1.0.1+69cbf6ad.lx64.r)
2026-09-17T07:34:59Z [4ms] [Info] [omni.ext.plugin] [ext: omni.hydra.usdrt_delegate-7.5.1] registered (path: /home/xiexuhui/miniconda3/envs/instinctlab/lib/python3.11/site-packages/isaacsim/extscache/omni.hydra.usdrt_delegate-7.5.1+69cbf6ad.lx64.r.cp311)
2026-09-17T07:34:59Z [4ms] [Info] [omni.ext.plugin] [ext: omni.hydra.rtx-1.0.0] registered (path: /home/xiexuhui/miniconda3/envs/instinctlab/lib/python3.11/site-packages/isaacsim/extscache/omni.hydra.rtx-1.0.0+69cbf6ad.lx64.r)
2026-09-17T07:34:59Z [4ms] [Info] [omni.ext.plugin] [ext: omni.index.libs-380600.8087.0] registered (path: /home/xiexuhui/miniconda3/envs/instinctlab/lib/python3.11/site-packages/isaacsim/extscache/omni.index.libs-380600.8087.0+69cbf6ad.lx64.r)
2026-09-17T07:34:59Z [4ms] [Info] [omni.ext.plugin] [ext: omni.graph.ui_nodes-1.50.5] registered (path: /home/xiexuhui/miniconda3/envs/instinctlab/lib/python3.11/site-packages/isaacsim/extscache/omni.graph.ui_nodes-1.50.5+107.3.0.lx64.r.cp311.u353)
2026-09-17T07:34:59Z [4ms] [Info] [omni.ext.plugin] [ext: omni.iray.libs-0.0.0] registered (path: /home/xiexuhui/miniconda3/envs/instinctlab/lib/python3.11/site-packages/isaacsim/extscache/omni.iray.libs-0.0.0+69cbf6ad.lx64.r)
2026-09-17T07:34:59Z [5ms] [Info] [omni.ext.plugin] [ext: omni.kit.actions.window-1.1.3] registered (path: /home/xiexuhui/miniconda3/envs/instinctlab/lib/python3.11/site-packages/isaacsim/extscache/omni.kit.actions.window-1.1.3+69cbf6ad)
2026-09-17T07:34:59Z [5ms] [Info] [omni.ext.plugin] [ext: omni.app.dev-1.0.0] registered (path: /home/xiexuhui/miniconda3/envs/instinctlab/lib/python3.11/site-packages/isaacsim/kit/apps/omni.app.dev.kit)
2026-09-17T07:34:59Z [5ms] [Info] [omni.ext.plugin] [ext: omni.kit.actions.core-1.0.0] registered (path: /home/xiexuhui/miniconda3/envs/instinctlab/lib/python3.11/site-packages/isaacsim/extscache/omni.kit.actions.core-1.0.0+69cbf6ad.lx64.r.cp311)
2026-09-17T07:34:59Z [5ms] [Info] [omni.ext.plugin] [ext: omni.kit.browser.asset-1.3.12] registered (path: /home/xiexuhui/miniconda3/envs/instinctlab/lib/python3.11/site-packages/isaacsim/extscache/omni.kit.browser.asset-1.3.12)
2026-09-17T07:34:59Z [5ms] [Info] [omni.ext.plugin] [ext: omni.kit.asset_converter-5.0.17] registered (path: /home/xiexuhui/miniconda3/envs/instinctlab/lib/python3.11/site-packages/isaacsim/extscache/omni.kit.asset_converter-5.0.17+107.3.1.lx64.r.cp311.u353)
2026-09-17T07:34:59Z [5ms] [Info] [omni.ext.plugin] [ext: omni.kit.audiodeviceenum-1.0.2] registered (path: /home/xiexuhui/miniconda3/envs/instinctlab/lib/python3.11/site-packages/isaacsim/extscache/omni.kit.audiodeviceenum-1.0.2+69cbf6ad.lx64.r.cp311)
2026-09-17T07:34:59Z [5ms] [Info] [omni.ext.plugin] [ext: omni.kit.browser.folder.core-1.10.9] registered (path: /home/xiexuhui/miniconda3/envs/instinctlab/lib/python3.11/site-packages/isaacsim/extscache/omni.kit.browser.folder.core-1.10.9)
2026-09-17T07:34:59Z [5ms] [Info] [omni.ext.plugin] [ext: omni.kit.clipboard-1.0.5] registered (path: /home/xiexuhui/miniconda3/envs/instinctlab/lib/python3.11/site-packages/isaacsim/extscache/omni.kit.clipboard-1.0.5+69cbf6ad.lx64.r.cp311)
2026-09-17T07:34:59Z [5ms] [Info] [omni.ext.plugin] [ext: omni.kit.collaboration.telemetry-1.1.0] registered (path: /home/xiexuhui/miniconda3/envs/instinctlab/lib/python3.11/site-packages/isaacsim/extscache/omni.kit.collaboration.telemetry-1.1.0+69cbf6ad.lx64.r.cp311)
2026-09-17T07:34:59Z [5ms] [Info] [omni.ext.plugin] [ext: omni.kit.capture.viewport-1.7.5] registered (path: /home/xiexuhui/miniconda3/envs/instinctlab/lib/python3.11/site-packages/isaacsim/extscache/omni.kit.capture.viewport-1.7.5+69cbf6ad)
2026-09-17T07:34:59Z [5ms] [Info] [omni.ext.plugin] [ext: omni.kit.browser.core-2.3.13] registered (path: /home/xiexuhui/miniconda3/envs/instinctlab/lib/python3.11/site-packages/isaacsim/extscache/omni.kit.browser.core-2.3.13)
2026-09-17T07:34:59Z [5ms] [Info] [omni.ext.plugin] [ext: omni.kit.collaboration.channel_manager-1.0.14] registered (path: /home/xiexuhui/miniconda3/envs/instinctlab/lib/python3.11/site-packages/isaacsim/extscache/omni.kit.collaboration.channel_manager-1.0.14+69cbf6ad)
2026-09-17T07:34:59Z [5ms] [Info] [omni.ext.plugin] [ext: omni.kit.browser.material-1.6.2] registered (path: /home/xiexuhui/miniconda3/envs/instinctlab/lib/python3.11/site-packages/isaacsim/extscache/omni.kit.browser.material-1.6.2)
2026-09-17T07:34:59Z [5ms] [Info] [omni.ext.plugin] [ext: omni.kit.browser.sample-1.4.9] registered (path: /home/xiexuhui/miniconda3/envs/instinctlab/lib/python3.11/site-packages/isaacsim/extscache/omni.kit.browser.sample-1.4.9)
2026-09-17T07:34:59Z [5ms] [Info] [omni.ext.plugin] [ext: omni.kit.collaboration.presence_layer-1.1.2] registered (path: /home/xiexuhui/miniconda3/envs/instinctlab/lib/python3.11/site-packages/isaacsim/extscache/omni.kit.collaboration.presence_layer-1.1.2+69cbf6ad)
2026-09-17T07:34:59Z [5ms] [Info] [omni.ext.plugin] [ext: omni.kit.commands-1.4.10] registered (path: /home/xiexuhui/miniconda3/envs/instinctlab/lib/python3.11/site-packages/isaacsim/extscache/omni.kit.commands-1.4.10+69cbf6ad.lx64.r.cp311)
2026-09-17T07:34:59Z [5ms] [Info] [omni.ext.plugin] [ext: omni.kit.context_menu-1.8.6] registered (path: /home/xiexuhui/miniconda3/envs/instinctlab/lib/python3.11/site-packages/isaacsim/extscache/omni.kit.context_menu-1.8.6+69cbf6ad)
2026-09-17T07:34:59Z [5ms] [Info] [omni.ext.plugin] [ext: omni.kit.converter.dgn-509.1.0] registered (path: /home/xiexuhui/miniconda3/envs/instinctlab/lib/python3.11/site-packages/isaacsim/extscache/omni.kit.converter.dgn-509.1.0+107.3.1.u353)
2026-09-17T07:34:59Z [5ms] [Info] [omni.ext.plugin] [ext: omni.kit.converter.common-507.1.2] registered (path: /home/xiexuhui/miniconda3/envs/instinctlab/lib/python3.11/site-packages/isaacsim/extscache/omni.kit.converter.common-507.1.2+107.3.1.u353)
2026-09-17T07:34:59Z [5ms] [Info] [omni.ext.plugin] [ext: omni.kit.converter.cad-205.0.0] registered (path: /home/xiexuhui/miniconda3/envs/instinctlab/lib/python3.11/site-packages/isaacsim/extscache/omni.kit.converter.cad-205.0.0+107.3.1.u353)
2026-09-17T07:34:59Z [5ms] [Info] [omni.ext.plugin] [ext: omni.kit.converter.hoops-509.1.0] registered (path: /home/xiexuhui/miniconda3/envs/instinctlab/lib/python3.11/site-packages/isaacsim/extscache/omni.kit.converter.hoops-509.1.0+107.3.1.u353)
2026-09-17T07:34:59Z [5ms] [Info] [omni.ext.plugin] [ext: omni.kit.converter.hoops_core-509.1.0] registered (path: /home/xiexuhui/miniconda3/envs/instinctlab/lib/python3.11/site-packages/isaacsim/extscache/omni.kit.converter.hoops_core-509.1.0+107.3.1.lx64.r.cp311.u353)
2026-09-17T07:34:59Z [5ms] [Info] [omni.ext.plugin] [ext: omni.kit.registry.nucleus-0.0.0] registered (path: /home/xiexuhui/miniconda3/envs/instinctlab/lib/python3.11/site-packages/isaacsim/kit/extscore/omni.kit.registry.nucleus)
2026-09-17T07:34:59Z [5ms] [Info] [omni.ext.plugin] [ext: omni.kit.converter.jt-508.1.0] registered (path: /home/xiexuhui/miniconda3/envs/instinctlab/lib/python3.11/site-packages/isaacsim/extscache/omni.kit.converter.jt-508.1.0+107.3.1.u353)
2026-09-17T07:34:59Z [5ms] [Info] [omni.ext.plugin] [ext: omni.kit.converter.dgn_core-510.1.0] registered (path: /home/xiexuhui/miniconda3/envs/instinctlab/lib/python3.11/site-packages/isaacsim/extscache/omni.kit.converter.dgn_core-510.1.0+107.3.1.lx64.r.cp311.u353)
2026-09-17T07:34:59Z [5ms] [Info] [omni.ext.plugin] [ext: omni.kit.debug.python-1.0.1] registered (path: /home/xiexuhui/miniconda3/envs/instinctlab/lib/python3.11/site-packages/isaacsim/extscache/omni.kit.debug.python-1.0.1+69cbf6ad.lx64.r.cp311)
2026-09-17T07:34:59Z [5ms] [Info] [omni.ext.plugin] [ext: omni.kit.data2ui.core-1.1.2] registered (path: /home/xiexuhui/miniconda3/envs/instinctlab/lib/python3.11/site-packages/isaacsim/extscache/omni.kit.data2ui.core-1.1.2+107.0)
2026-09-17T07:34:59Z [5ms] [Info] [omni.ext.plugin] [ext: omni.kit.core.collection-0.2.3] registered (path: /home/xiexuhui/miniconda3/envs/instinctlab/lib/python3.11/site-packages/isaacsim/extscache/omni.kit.core.collection-0.2.3)
2026-09-17T07:34:59Z [5ms] [Info] [omni.ext.plugin] [ext: omni.kit.converter.jt_core-508.1.0] registered (path: /home/xiexuhui/miniconda3/envs/instinctlab/lib/python3.11/site-packages/isaacsim/extscache/omni.kit.converter.jt_core-508.1.0+107.3.1.lx64.r.cp311.u353)
2026-09-17T07:34:59Z [5ms] [Info] [omni.ext.plugin] [ext: omni.kit.debug.vscode-0.1.6] registered (path: /home/xiexuhui/miniconda3/envs/instinctlab/lib/python3.11/site-packages/isaacsim/extscache/omni.kit.debug.vscode-0.1.6+69cbf6ad)
2026-09-17T07:34:59Z [5ms] [Info] [omni.ext.plugin] [ext: omni.kit.exec.core-0.13.4] registered (path: /home/xiexuhui/miniconda3/envs/instinctlab/lib/python3.11/site-packages/isaacsim/extscache/omni.kit.exec.core-0.13.4+69cbf6ad.lx64.r.cp311)
2026-09-17T07:34:59Z [5ms] [Info] [omni.ext.plugin] [ext: omni.kit.gfn-107.0.4] registered (path: /home/xiexuhui/miniconda3/envs/instinctlab/lib/python3.11/site-packages/isaacsim/extscache/omni.kit.gfn-107.0.4+107.0.3.lx64.r.cp311)
2026-09-17T07:34:59Z [5ms] [Info] [omni.ext.plugin] [ext: omni.kit.graph.delegate.default-1.2.3] registered (path: /home/xiexuhui/miniconda3/envs/instinctlab/lib/python3.11/site-packages/isaacsim/extscache/omni.kit.graph.delegate.default-1.2.3)
2026-09-17T07:34:59Z [5ms] [Info] [omni.ext.plugin] [ext: omni.kit.graph.delegate.modern-1.10.9] registered (path: /home/xiexuhui/miniconda3/envs/instinctlab/lib/python3.11/site-packages/isaacsim/extscache/omni.kit.graph.delegate.modern-1.10.9)
2026-09-17T07:34:59Z [5ms] [Info] [omni.ext.plugin] [ext: omni.kit.data2ui.usd-1.1.2] registered (path: /home/xiexuhui/miniconda3/envs/instinctlab/lib/python3.11/site-packages/isaacsim/extscache/omni.kit.data2ui.usd-1.1.2+107.0)
2026-09-17T07:34:59Z [5ms] [Info] [omni.ext.plugin] [ext: omni.kit.async_engine-0.0.3] registered (path: /home/xiexuhui/miniconda3/envs/instinctlab/lib/python3.11/site-packages/isaacsim/kit/extscore/omni.kit.async_engine)
2026-09-17T07:34:59Z [5ms] [Info] [omni.ext.plugin] [ext: omni.kit.graph.editor.core-1.5.3] registered (path: /home/xiexuhui/miniconda3/envs/instinctlab/lib/python3.11/site-packages/isaacsim/extscache/omni.kit.graph.editor.core-1.5.3)
2026-09-17T07:34:59Z [5ms] [Info] [omni.ext.plugin] [ext: omni.kit.graph.usd.commands-1.3.1] registered (path: /home/xiexuhui/miniconda3/envs/instinctlab/lib/python3.11/site-packages/isaacsim/extscache/omni.kit.graph.usd.commands-1.3.1)
2026-09-17T07:34:59Z [5ms] [Info] [omni.ext.plugin] [ext: omni.kit.graph.widget.variables-2.1.0] registered (path: /home/xiexuhui/miniconda3/envs/instinctlab/lib/python3.11/site-packages/isaacsim/extscache/omni.kit.graph.widget.variables-2.1.0)
2026-09-17T07:34:59Z [5ms] [Info] [omni.ext.plugin] [ext: omni.kit.helper.file_utils-0.1.9] registered (path: /home/xiexuhui/miniconda3/envs/instinctlab/lib/python3.11/site-packages/isaacsim/extscache/omni.kit.helper.file_utils-0.1.9+69cbf6ad)
2026-09-17T07:34:59Z [5ms] [Info] [omni.ext.plugin] [ext: omni.kit.livestream.messaging-1.1.1] registered (path: /home/xiexuhui/miniconda3/envs/instinctlab/lib/python3.11/site-packages/isaacsim/extscache/omni.kit.livestream.messaging-1.1.1)
2026-09-17T07:34:59Z [5ms] [Info] [omni.ext.plugin] [ext: omni.kit.livestream.core-7.5.0] registered (path: /home/xiexuhui/miniconda3/envs/instinctlab/lib/python3.11/site-packages/isaacsim/extscache/omni.kit.livestream.core-7.5.0+107.0.3.lx64.r.cp311.u353)
2026-09-17T07:34:59Z [5ms] [Info] [omni.ext.plugin] [ext: omni.kit.hotkeys.core-1.3.10] registered (path: /home/xiexuhui/miniconda3/envs/instinctlab/lib/python3.11/site-packages/isaacsim/extscache/omni.kit.hotkeys.core-1.3.10+69cbf6ad)
2026-09-17T07:34:59Z [5ms] [Info] [omni.ext.plugin] [ext: omni.kit.environment.core-1.3.24] registered (path: /home/xiexuhui/miniconda3/envs/instinctlab/lib/python3.11/site-packages/isaacsim/extscache/omni.kit.environment.core-1.3.24)
2026-09-17T07:34:59Z [5ms] [Info] [omni.ext.plugin] [ext: omni.kit.mainwindow-1.0.3] registered (path: /home/xiexuhui/miniconda3/envs/instinctlab/lib/python3.11/site-packages/isaacsim/extscache/omni.kit.mainwindow-1.0.3+69cbf6ad)
2026-09-17T07:34:59Z [5ms] [Info] [omni.ext.plugin] [ext: omni.kit.manipulator.prim-107.0.0] registered (path: /home/xiexuhui/miniconda3/envs/instinctlab/lib/python3.11/site-packages/isaacsim/extscache/omni.kit.manipulator.prim-107.0.0+69cbf6ad)
2026-09-17T07:34:59Z [5ms] [Info] [omni.ext.plugin] [ext: omni.kit.hotkeys.window-1.4.9] registered (path: /home/xiexuhui/miniconda3/envs/instinctlab/lib/python3.11/site-packages/isaacsim/extscache/omni.kit.hotkeys.window-1.4.9+69cbf6ad)
2026-09-17T07:34:59Z [5ms] [Info] [omni.ext.plugin] [ext: omni.client.lib-1.1.0] registered (path: /home/xiexuhui/miniconda3/envs/instinctlab/lib/python3.11/site-packages/isaacsim/kit/extscore/omni.client.lib)
2026-09-17T07:34:59Z [5ms] [Info] [omni.ext.plugin] [ext: omni.kit.livestream.webrtc-7.0.0] registered (path: /home/xiexuhui/miniconda3/envs/instinctlab/lib/python3.11/site-packages/isaacsim/extscache/omni.kit.livestream.webrtc-7.0.0+107.1.0.lx64.r.cp311)
2026-09-17T07:34:59Z [5ms] [Info] [omni.ext.plugin] [ext: omni.kit.manipulator.prim.fabric-107.0.4] registered (path: /home/xiexuhui/miniconda3/envs/instinctlab/lib/python3.11/site-packages/isaacsim/extscache/omni.kit.manipulator.prim.fabric-107.0.4+69cbf6ad)
2026-09-17T07:34:59Z [5ms] [Info] [omni.ext.plugin] [ext: omni.kit.hydra_texture-1.4.6] registered (path: /home/xiexuhui/miniconda3/envs/instinctlab/lib/python3.11/site-packages/isaacsim/extscache/omni.kit.hydra_texture-1.4.6+69cbf6ad.lx64.r.cp311)
2026-09-17T07:34:59Z [5ms] [Info] [omni.ext.plugin] [ext: omni.kit.manipulator.selector-1.1.3] registered (path: /home/xiexuhui/miniconda3/envs/instinctlab/lib/python3.11/site-packages/isaacsim/extscache/omni.kit.manipulator.selector-1.1.3+69cbf6ad)
2026-09-17T07:34:59Z [5ms] [Info] [omni.ext.plugin] [ext: omni.kit.manipulator.prim.usd-107.0.3] registered (path: /home/xiexuhui/miniconda3/envs/instinctlab/lib/python3.11/site-packages/isaacsim/extscache/omni.kit.manipulator.prim.usd-107.0.3+69cbf6ad)
2026-09-17T07:34:59Z [5ms] [Info] [omni.ext.plugin] [ext: omni.kit.manipulator.selection-106.0.1] registered (path: /home/xiexuhui/miniconda3/envs/instinctlab/lib/python3.11/site-packages/isaacsim/extscache/omni.kit.manipulator.selection-106.0.1+69cbf6ad)
2026-09-17T07:34:59Z [5ms] [Info] [omni.ext.plugin] [ext: omni.kit.manipulator.transform-107.0.0] registered (path: /home/xiexuhui/miniconda3/envs/instinctlab/lib/python3.11/site-packages/isaacsim/extscache/omni.kit.manipulator.transform-107.0.0+69cbf6ad)
2026-09-17T07:34:59Z [5ms] [Info] [omni.ext.plugin] [ext: omni.kit.manipulator.tool.snap-1.5.13] registered (path: /home/xiexuhui/miniconda3/envs/instinctlab/lib/python3.11/site-packages/isaacsim/extscache/omni.kit.manipulator.tool.snap-1.5.13+69cbf6ad)
2026-09-17T07:34:59Z [5ms] [Info] [omni.ext.plugin] [ext: omni.kit.manipulator.viewport-107.0.1] registered (path: /home/xiexuhui/miniconda3/envs/instinctlab/lib/python3.11/site-packages/isaacsim/extscache/omni.kit.manipulator.viewport-107.0.1+69cbf6ad)
2026-09-17T07:34:59Z [5ms] [Info] [omni.ext.plugin] [ext: omni.usd.schema.isaac-3.0.5] registered (path: /home/xiexuhui/miniconda3/envs/instinctlab/lib/python3.11/site-packages/isaacsim/extsDeprecated/omni.usd.schema.isaac)
2026-09-17T07:34:59Z [5ms] [Info] [omni.ext.plugin] [ext: omni.kit.menu.create-2.0.1] registered (path: /home/xiexuhui/miniconda3/envs/instinctlab/lib/python3.11/site-packages/isaacsim/extscache/omni.kit.menu.create-2.0.1+69cbf6ad)
2026-09-17T07:34:59Z [6ms] [Info] [omni.ext.plugin] [ext: omni.kit.menu.core-1.1.2] registered (path: /home/xiexuhui/miniconda3/envs/instinctlab/lib/python3.11/site-packages/isaacsim/extscache/omni.kit.menu.core-1.1.2+69cbf6ad)
2026-09-17T07:34:59Z [6ms] [Info] [omni.ext.plugin] [ext: omni.kit.material.library-2.0.7] registered (path: /home/xiexuhui/miniconda3/envs/instinctlab/lib/python3.11/site-packages/isaacsim/extscache/omni.kit.material.library-2.0.7+69cbf6ad)
2026-09-17T07:34:59Z [6ms] [Info] [omni.ext.plugin] [ext: omni.kit.menu.common-2.0.1] registered (path: /home/xiexuhui/miniconda3/envs/instinctlab/lib/python3.11/site-packages/isaacsim/extscache/omni.kit.menu.common-2.0.1+69cbf6ad)
2026-09-17T07:34:59Z [6ms] [Info] [omni.ext.plugin] [ext: omni.kit.mesh.raycast-107.0.1] registered (path: /home/xiexuhui/miniconda3/envs/instinctlab/lib/python3.11/site-packages/isaacsim/extscache/omni.kit.mesh.raycast-107.0.1+107.3.0.lx64.r.cp311.u353)
2026-09-17T07:34:59Z [6ms] [Info] [omni.ext.plugin] [ext: omni.kit.menu.stage-1.2.7] registered (path: /home/xiexuhui/miniconda3/envs/instinctlab/lib/python3.11/site-packages/isaacsim/extscache/omni.kit.menu.stage-1.2.7)
2026-09-17T07:34:59Z [6ms] [Info] [omni.ext.plugin] [ext: omni.kit.manipulator.camera-106.0.4] registered (path: /home/xiexuhui/miniconda3/envs/instinctlab/lib/python3.11/site-packages/isaacsim/extscache/omni.kit.manipulator.camera-106.0.4+69cbf6ad)
2026-09-17T07:34:59Z [6ms] [Info] [omni.ext.plugin] [ext: omni.kit.numpy.common-0.1.3] registered (path: /home/xiexuhui/miniconda3/envs/instinctlab/lib/python3.11/site-packages/isaacsim/extscache/omni.kit.numpy.common-0.1.3+69cbf6ad.lx64.r.cp311)
2026-09-17T07:34:59Z [6ms] [Info] [omni.ext.plugin] [ext: omni.kit.ngsearch-0.3.3] registered (path: /home/xiexuhui/miniconda3/envs/instinctlab/lib/python3.11/site-packages/isaacsim/extscache/omni.kit.ngsearch-0.3.3)
2026-09-17T07:34:59Z [6ms] [Info] [omni.ext.plugin] [ext: omni.kit.notification_manager-1.0.10] registered (path: /home/xiexuhui/miniconda3/envs/instinctlab/lib/python3.11/site-packages/isaacsim/extscache/omni.kit.notification_manager-1.0.10+69cbf6ad)
2026-09-17T07:34:59Z [6ms] [Info] [omni.ext.plugin] [ext: omni.kit.manipulator.prim.core-107.0.8] registered (path: /home/xiexuhui/miniconda3/envs/instinctlab/lib/python3.11/site-packages/isaacsim/extscache/omni.kit.manipulator.prim.core-107.0.8+69cbf6ad)
2026-09-17T07:34:59Z [6ms] [Info] [omni.ext.plugin] [ext: omni.kit.pipapi-0.0.0] registered (path: /home/xiexuhui/miniconda3/envs/instinctlab/lib/python3.11/site-packages/isaacsim/extscache/omni.kit.pipapi-0.0.0+69cbf6ad)
2026-09-17T07:34:59Z [6ms] [Info] [omni.ext.plugin] [ext: omni.replicator.isaac-2.0.8] registered (path: /home/xiexuhui/miniconda3/envs/instinctlab/lib/python3.11/site-packages/isaacsim/extsDeprecated/omni.replicator.isaac)
2026-09-17T07:34:59Z [6ms] [Info] [omni.ext.plugin] [ext: omni.kit.prim.icon-1.0.15] registered (path: /home/xiexuhui/miniconda3/envs/instinctlab/lib/python3.11/site-packages/isaacsim/extscache/omni.kit.prim.icon-1.0.15)
2026-09-17T07:34:59Z [6ms] [Info] [omni.ext.plugin] [ext: omni.kit.property.adapter.core-1.0.2] registered (path: /home/xiexuhui/miniconda3/envs/instinctlab/lib/python3.11/site-packages/isaacsim/extscache/omni.kit.property.adapter.core-1.0.2+69cbf6ad)
2026-09-17T07:34:59Z [6ms] [Info] [omni.ext.plugin] [ext: omni.kit.preferences.animation-1.2.0] registered (path: /home/xiexuhui/miniconda3/envs/instinctlab/lib/python3.11/site-packages/isaacsim/extscache/omni.kit.preferences.animation-1.2.0+107.3.2.u353)
2026-09-17T07:34:59Z [6ms] [Info] [omni.ext.plugin] [ext: omni.kit.profiler.tracy-1.2.0] registered (path: /home/xiexuhui/miniconda3/envs/instinctlab/lib/python3.11/site-packages/isaacsim/extscache/omni.kit.profiler.tracy-1.2.0+lx64)
2026-09-17T07:34:59Z [6ms] [Info] [omni.ext.plugin] [ext: omni.kit.profiler.window-2.3.5] registered (path: /home/xiexuhui/miniconda3/envs/instinctlab/lib/python3.11/site-packages/isaacsim/extscache/omni.kit.profiler.window-2.3.5)
2026-09-17T07:34:59Z [6ms] [Info] [omni.ext.plugin] [ext: omni.kit.primitive.mesh-1.0.17] registered (path: /home/xiexuhui/miniconda3/envs/instinctlab/lib/python3.11/site-packages/isaacsim/extscache/omni.kit.primitive.mesh-1.0.17+69cbf6ad)
2026-09-17T07:34:59Z [6ms] [Info] [omni.ext.plugin] [ext: omni.kit.pointclouds-1.5.14] registered (path: /home/xiexuhui/miniconda3/envs/instinctlab/lib/python3.11/site-packages/isaacsim/extscache/omni.kit.pointclouds-1.5.14+cp311)
2026-09-17T07:34:59Z [6ms] [Info] [omni.ext.plugin] [ext: omni.kit.property.adapter.fabric-1.0.3] registered (path: /home/xiexuhui/miniconda3/envs/instinctlab/lib/python3.11/site-packages/isaacsim/extscache/omni.kit.property.adapter.fabric-1.0.3+69cbf6ad)
2026-09-17T07:34:59Z [6ms] [Info] [omni.ext.plugin] [ext: omni.kit.property.audio-1.0.16] registered (path: /home/xiexuhui/miniconda3/envs/instinctlab/lib/python3.11/site-packages/isaacsim/extscache/omni.kit.property.audio-1.0.16+69cbf6ad)
2026-09-17T07:34:59Z [6ms] [Info] [omni.ext.plugin] [ext: omni.kit.property.adapter.usd-1.0.2] registered (path: /home/xiexuhui/miniconda3/envs/instinctlab/lib/python3.11/site-packages/isaacsim/extscache/omni.kit.property.adapter.usd-1.0.2+69cbf6ad)
2026-09-17T07:34:59Z [6ms] [Info] [omni.ext.plugin] [ext: omni.kit.property.isaac-1.0.6] registered (path: /home/xiexuhui/miniconda3/envs/instinctlab/lib/python3.11/site-packages/isaacsim/extsDeprecated/omni.kit.property.isaac)
2026-09-17T07:34:59Z [6ms] [Info] [omni.ext.plugin] [ext: omni.kit.playlist.core-1.3.5] registered (path: /home/xiexuhui/miniconda3/envs/instinctlab/lib/python3.11/site-packages/isaacsim/extscache/omni.kit.playlist.core-1.3.5)
2026-09-17T07:34:59Z [6ms] [Info] [omni.ext.plugin] [ext: omni.kit.property.collection-0.2.3] registered (path: /home/xiexuhui/miniconda3/envs/instinctlab/lib/python3.11/site-packages/isaacsim/extscache/omni.kit.property.collection-0.2.3)
2026-09-17T07:34:59Z [6ms] [Info] [omni.ext.plugin] [ext: omni.kit.property.layer-1.1.9] registered (path: /home/xiexuhui/miniconda3/envs/instinctlab/lib/python3.11/site-packages/isaacsim/extscache/omni.kit.property.layer-1.1.9+69cbf6ad)
2026-09-17T07:34:59Z [6ms] [Info] [omni.ext.plugin] [ext: omni.kit.property.bundle-1.4.1] registered (path: /home/xiexuhui/miniconda3/envs/instinctlab/lib/python3.11/site-packages/isaacsim/extscache/omni.kit.property.bundle-1.4.1+69cbf6ad)
2026-09-17T07:34:59Z [6ms] [Info] [omni.ext.plugin] [ext: omni.kit.property.environment-1.2.2] registered (path: /home/xiexuhui/miniconda3/envs/instinctlab/lib/python3.11/site-packages/isaacsim/extscache/omni.kit.property.environment-1.2.2)
2026-09-17T07:34:59Z [6ms] [Info] [omni.ext.plugin] [ext: omni.kit.menu.utils-2.0.5] registered (path: /home/xiexuhui/miniconda3/envs/instinctlab/lib/python3.11/site-packages/isaacsim/extscache/omni.kit.menu.utils-2.0.5+69cbf6ad)
2026-09-17T07:34:59Z [6ms] [Info] [omni.ext.plugin] [ext: omni.kit.property.camera-1.0.10] registered (path: /home/xiexuhui/miniconda3/envs/instinctlab/lib/python3.11/site-packages/isaacsim/extscache/omni.kit.property.camera-1.0.10+69cbf6ad)
2026-09-17T07:34:59Z [6ms] [Info] [omni.ext.plugin] [ext: omni.kit.property.geometry-2.0.4] registered (path: /home/xiexuhui/miniconda3/envs/instinctlab/lib/python3.11/site-packages/isaacsim/extscache/omni.kit.property.geometry-2.0.4+69cbf6ad)
2026-09-17T07:34:59Z [6ms] [Info] [omni.ext.plugin] [ext: omni.kit.property.physx-107.3.26] registered (path: /home/xiexuhui/miniconda3/envs/instinctlab/lib/python3.11/site-packages/isaacsim/extscache/omni.kit.property.physx-107.3.26+107.3.3.cp311.u353)
2026-09-17T07:34:59Z [6ms] [Info] [omni.ext.plugin] [ext: omni.kit.property.light-1.0.12] registered (path: /home/xiexuhui/miniconda3/envs/instinctlab/lib/python3.11/site-packages/isaacsim/extscache/omni.kit.property.light-1.0.12+69cbf6ad)
2026-09-17T07:34:59Z [6ms] [Info] [omni.ext.plugin] [ext: omni.kit.property.material-1.11.9] registered (path: /home/xiexuhui/miniconda3/envs/instinctlab/lib/python3.11/site-packages/isaacsim/extscache/omni.kit.property.material-1.11.9+69cbf6ad)
2026-09-17T07:34:59Z [6ms] [Info] [omni.ext.plugin] [ext: omni.kit.property.transform-1.5.13] registered (path: /home/xiexuhui/miniconda3/envs/instinctlab/lib/python3.11/site-packages/isaacsim/extscache/omni.kit.property.transform-1.5.13+69cbf6ad)
2026-09-17T07:34:59Z [6ms] [Info] [omni.ext.plugin] [ext: omni.kit.property.render-1.2.1] registered (path: /home/xiexuhui/miniconda3/envs/instinctlab/lib/python3.11/site-packages/isaacsim/extscache/omni.kit.property.render-1.2.1+69cbf6ad)
2026-09-17T07:34:59Z [6ms] [Info] [omni.ext.plugin] [ext: omni.isaac.window.about-2.0.7] registered (path: /home/xiexuhui/miniconda3/envs/instinctlab/lib/python3.11/site-packages/isaacsim/extsDeprecated/omni.isaac.window.about)
2026-09-17T07:34:59Z [6ms] [Info] [omni.ext.plugin] [ext: omni.kit.quicklayout-1.0.8] registered (path: /home/xiexuhui/miniconda3/envs/instinctlab/lib/python3.11/site-packages/isaacsim/extscache/omni.kit.quicklayout-1.0.8+69cbf6ad)
2026-09-17T07:34:59Z [6ms] [Info] [omni.ext.plugin] [ext: omni.kit.search.files-1.0.4] registered (path: /home/xiexuhui/miniconda3/envs/instinctlab/lib/python3.11/site-packages/isaacsim/extscache/omni.kit.search.files-1.0.4)
2026-09-17T07:34:59Z [6ms] [Info] [omni.ext.plugin] [ext: omni.kit.raycast.query-1.1.0] registered (path: /home/xiexuhui/miniconda3/envs/instinctlab/lib/python3.11/site-packages/isaacsim/extscache/omni.kit.raycast.query-1.1.0+69cbf6ad.lx64.r.cp311)
2026-09-17T07:34:59Z [6ms] [Info] [omni.ext.plugin] [ext: omni.kit.renderer.init-0.0.0] registered (path: /home/xiexuhui/miniconda3/envs/instinctlab/lib/python3.11/site-packages/isaacsim/extscache/omni.kit.renderer.init-0.0.0+69cbf6ad.lx64.r)
2026-09-17T07:34:59Z [6ms] [Info] [omni.ext.plugin] [ext: omni.kit.renderer.capture-0.0.0] registered (path: /home/xiexuhui/miniconda3/envs/instinctlab/lib/python3.11/site-packages/isaacsim/extscache/omni.kit.renderer.capture-0.0.0+69cbf6ad.lx64.r.cp311)
2026-09-17T07:34:59Z [6ms] [Info] [omni.ext.plugin] [ext: omni.kit.search.service-0.1.12] registered (path: /home/xiexuhui/miniconda3/envs/instinctlab/lib/python3.11/site-packages/isaacsim/extscache/omni.kit.search.service-0.1.12)
2026-09-17T07:34:59Z [6ms] [Info] [omni.ext.plugin] [ext: omni.kit.renderer.core-1.1.0] registered (path: /home/xiexuhui/miniconda3/envs/instinctlab/lib/python3.11/site-packages/isaacsim/extscache/omni.kit.renderer.core-1.1.0+69cbf6ad.lx64.r.cp311)
2026-09-17T07:34:59Z [6ms] [Info] [omni.ext.plugin] [ext: omni.kit.selection-0.1.6] registered (path: /home/xiexuhui/miniconda3/envs/instinctlab/lib/python3.11/site-packages/isaacsim/extscache/omni.kit.selection-0.1.6+69cbf6ad)
2026-09-17T07:34:59Z [6ms] [Info] [omni.ext.plugin] [ext: omni.isaac.wheeled_robots.ui-2.0.5] registered (path: /home/xiexuhui/miniconda3/envs/instinctlab/lib/python3.11/site-packages/isaacsim/extsDeprecated/omni.isaac.wheeled_robots.ui)
2026-09-17T07:34:59Z [6ms] [Info] [omni.ext.plugin] [ext: omni.kit.scripting-107.3.2] registered (path: /home/xiexuhui/miniconda3/envs/instinctlab/lib/python3.11/site-packages/isaacsim/extscache/omni.kit.scripting-107.3.2+107.3.2)
2026-09-17T07:34:59Z [6ms] [Info] [omni.ext.plugin] [ext: omni.kit.sequencer.core-108.0.2] registered (path: /home/xiexuhui/miniconda3/envs/instinctlab/lib/python3.11/site-packages/isaacsim/extscache/omni.kit.sequencer.core-108.0.2+107.2.0.u353)
2026-09-17T07:34:59Z [6ms] [Info] [omni.ext.plugin] [ext: omni.kit.search_core-1.0.8] registered (path: /home/xiexuhui/miniconda3/envs/instinctlab/lib/python3.11/site-packages/isaacsim/extscache/omni.kit.search_core-1.0.8+69cbf6ad)
2026-09-17T07:34:59Z [6ms] [Info] [omni.ext.plugin] [ext: omni.kit.stage.copypaste-1.2.4] registered (path: /home/xiexuhui/miniconda3/envs/instinctlab/lib/python3.11/site-packages/isaacsim/extscache/omni.kit.stage.copypaste-1.2.4+69cbf6ad)
2026-09-17T07:34:59Z [6ms] [Info] [omni.ext.plugin] [ext: omni.kit.property.usd-4.5.12] registered (path: /home/xiexuhui/miniconda3/envs/instinctlab/lib/python3.11/site-packages/isaacsim/extscache/omni.kit.property.usd-4.5.12+69cbf6ad)
2026-09-17T07:34:59Z [6ms] [Info] [omni.ext.plugin] [ext: omni.kit.stage.mdl_converter-1.0.8] registered (path: /home/xiexuhui/miniconda3/envs/instinctlab/lib/python3.11/site-packages/isaacsim/extscache/omni.kit.stage.mdl_converter-1.0.8+69cbf6ad)
2026-09-17T07:34:59Z [6ms] [Info] [omni.ext.plugin] [ext: omni.kit.stage_column.payload-2.0.3] registered (path: /home/xiexuhui/miniconda3/envs/instinctlab/lib/python3.11/site-packages/isaacsim/extscache/omni.kit.stage_column.payload-2.0.3+107.3.0)
2026-09-17T07:34:59Z [6ms] [Info] [omni.ext.plugin] [ext: omni.kit.stage_template.core-1.1.22] registered (path: /home/xiexuhui/miniconda3/envs/instinctlab/lib/python3.11/site-packages/isaacsim/extscache/omni.kit.stage_template.core-1.1.22+69cbf6ad)
2026-09-17T07:34:59Z [6ms] [Info] [omni.ext.plugin] [ext: omni.kit.sequencer.usd-108.0.2] registered (path: /home/xiexuhui/miniconda3/envs/instinctlab/lib/python3.11/site-packages/isaacsim/extscache/omni.kit.sequencer.usd-108.0.2+107.2.0.u353)
2026-09-17T07:34:59Z [6ms] [Info] [omni.ext.plugin] [ext: omni.kit.stagerecorder.bundle-105.0.2] registered (path: /home/xiexuhui/miniconda3/envs/instinctlab/lib/python3.11/site-packages/isaacsim/extscache/omni.kit.stagerecorder.bundle-105.0.2+107.0.3)
2026-09-17T07:34:59Z [6ms] [Info] [omni.ext.plugin] [ext: omni.kit.stage_column.variant-1.0.17] registered (path: /home/xiexuhui/miniconda3/envs/instinctlab/lib/python3.11/site-packages/isaacsim/extscache/omni.kit.stage_column.variant-1.0.17+107.3.0)
2026-09-17T07:34:59Z [6ms] [Info] [omni.ext.plugin] [ext: omni.kit.stagerecorder.ui-107.0.1] registered (path: /home/xiexuhui/miniconda3/envs/instinctlab/lib/python3.11/site-packages/isaacsim/extscache/omni.kit.stagerecorder.ui-107.0.1+107.0.3)
2026-09-17T07:34:59Z [6ms] [Info] [omni.ext.plugin] [ext: omni.kit.stagerecorder.core-107.0.3] registered (path: /home/xiexuhui/miniconda3/envs/instinctlab/lib/python3.11/site-packages/isaacsim/extscache/omni.kit.stagerecorder.core-107.0.3+107.0.3.lx64.r.cp311.u353)
2026-09-17T07:34:59Z [6ms] [Info] [omni.ext.plugin] [ext: omni.kit.stage_templates-2.0.0] registered (path: /home/xiexuhui/miniconda3/envs/instinctlab/lib/python3.11/site-packages/isaacsim/extscache/omni.kit.stage_templates-2.0.0+69cbf6ad)
2026-09-17T07:34:59Z [6ms] [Info] [omni.ext.plugin] [ext: omni.kit.renderer.imgui-2.0.5] registered (path: /home/xiexuhui/miniconda3/envs/instinctlab/lib/python3.11/site-packages/isaacsim/extscache/omni.kit.renderer.imgui-2.0.5+69cbf6ad.lx64.r.cp311)
2026-09-17T07:34:59Z [6ms] [Info] [omni.ext.plugin] [ext: omni.kit.streamsdk.plugins-7.6.3] registered (path: /home/xiexuhui/miniconda3/envs/instinctlab/lib/python3.11/site-packages/isaacsim/extscache/omni.kit.streamsdk.plugins-7.6.3+107.0.3.lx64.r)
2026-09-17T07:34:59Z [7ms] [Info] [omni.ext.plugin] [ext: omni.kit.telemetry-0.5.2] registered (path: /home/xiexuhui/miniconda3/envs/instinctlab/lib/python3.11/site-packages/isaacsim/extscache/omni.kit.telemetry-0.5.2+69cbf6ad.lx64.r.cp311)
2026-09-17T07:34:59Z [7ms] [Info] [omni.ext.plugin] [ext: omni.isaac.wheeled_robots-3.0.7] registered (path: /home/xiexuhui/miniconda3/envs/instinctlab/lib/python3.11/site-packages/isaacsim/extsDeprecated/omni.isaac.wheeled_robots)
2026-09-17T07:34:59Z [7ms] [Info] [omni.ext.plugin] [ext: omni.kit.timeline.minibar-1.2.11] registered (path: /home/xiexuhui/miniconda3/envs/instinctlab/lib/python3.11/site-packages/isaacsim/extscache/omni.kit.timeline.minibar-1.2.11)
2026-09-17T07:34:59Z [7ms] [Info] [omni.ext.plugin] [ext: omni.kit.test_suite.helpers-1.1.1] registered (path: /home/xiexuhui/miniconda3/envs/instinctlab/lib/python3.11/site-packages/isaacsim/extscache/omni.kit.test_suite.helpers-1.1.1+69cbf6ad)
2026-09-17T07:34:59Z [7ms] [Info] [omni.ext.plugin] [ext: omni.kit.thumbnails.mdl-1.0.27] registered (path: /home/xiexuhui/miniconda3/envs/instinctlab/lib/python3.11/site-packages/isaacsim/extscache/omni.kit.thumbnails.mdl-1.0.27+107.3.0)
2026-09-17T07:34:59Z [7ms] [Info] [omni.ext.plugin] [ext: omni.kit.tool.remove_unused.controller-0.1.4] registered (path: /home/xiexuhui/miniconda3/envs/instinctlab/lib/python3.11/site-packages/isaacsim/extscache/omni.kit.tool.remove_unused.controller-0.1.4)
2026-09-17T07:34:59Z [7ms] [Info] [omni.ext.plugin] [ext: omni.kit.usd.collect-2.4.5] registered (path: /home/xiexuhui/miniconda3/envs/instinctlab/lib/python3.11/site-packages/isaacsim/extscache/omni.kit.usd.collect-2.4.5+69cbf6ad)
2026-09-17T07:34:59Z [7ms] [Info] [omni.ext.plugin] [ext: omni.kit.tool.asset_exporter-4.0.5] registered (path: /home/xiexuhui/miniconda3/envs/instinctlab/lib/python3.11/site-packages/isaacsim/extscache/omni.kit.tool.asset_exporter-4.0.5+107.3.1)
2026-09-17T07:34:59Z [7ms] [Info] [omni.ext.plugin] [ext: omni.kit.tool.remove_unused.core-0.1.3] registered (path: /home/xiexuhui/miniconda3/envs/instinctlab/lib/python3.11/site-packages/isaacsim/extscache/omni.kit.tool.remove_unused.core-0.1.3)
2026-09-17T07:34:59Z [7ms] [Info] [omni.ext.plugin] [ext: omni.kit.tool.collect-2.2.18] registered (path: /home/xiexuhui/miniconda3/envs/instinctlab/lib/python3.11/site-packages/isaacsim/extscache/omni.kit.tool.collect-2.2.18+69cbf6ad)
2026-09-17T07:34:59Z [7ms] [Info] [omni.ext.plugin] [ext: omni.kit.ui.actions-1.0.5] registered (path: /home/xiexuhui/miniconda3/envs/instinctlab/lib/python3.11/site-packages/isaacsim/extscache/omni.kit.ui.actions-1.0.5+69cbf6ad)
2026-09-17T07:34:59Z [7ms] [Info] [omni.ext.plugin] [ext: omni.kit.tool.asset_importer-4.3.2] registered (path: /home/xiexuhui/miniconda3/envs/instinctlab/lib/python3.11/site-packages/isaacsim/extscache/omni.kit.tool.asset_importer-4.3.2+107.0.3)
2026-09-17T07:34:59Z [7ms] [Info] [omni.ext.plugin] [ext: omni.kit.uiapp-0.0.0] registered (path: /home/xiexuhui/miniconda3/envs/instinctlab/lib/python3.11/site-packages/isaacsim/extscache/omni.kit.uiapp-0.0.0+69cbf6ad)
2026-09-17T07:34:59Z [7ms] [Info] [omni.ext.plugin] [ext: omni.kit.ui_test-1.3.7] registered (path: /home/xiexuhui/miniconda3/envs/instinctlab/lib/python3.11/site-packages/isaacsim/extscache/omni.kit.ui_test-1.3.7+69cbf6ad)
2026-09-17T07:34:59Z [7ms] [Info] [omni.ext.plugin] [ext: omni.kit.usd.layers-2.2.11] registered (path: /home/xiexuhui/miniconda3/envs/instinctlab/lib/python3.11/site-packages/isaacsim/extscache/omni.kit.usd.layers-2.2.11+69cbf6ad.lx64.r.cp311)
2026-09-17T07:34:59Z [7ms] [Info] [omni.ext.plugin] [ext: omni.isaac.vscode-1.0.5] registered (path: /home/xiexuhui/miniconda3/envs/instinctlab/lib/python3.11/site-packages/isaacsim/extsDeprecated/omni.isaac.vscode)
2026-09-17T07:34:59Z [7ms] [Info] [omni.ext.plugin] [ext: omni.kit.usda_edit-1.1.18] registered (path: /home/xiexuhui/miniconda3/envs/instinctlab/lib/python3.11/site-packages/isaacsim/extscache/omni.kit.usda_edit-1.1.18+69cbf6ad)
2026-09-17T07:34:59Z [7ms] [Info] [omni.ext.plugin] [ext: omni.kit.usd_undo-0.1.8] registered (path: /home/xiexuhui/miniconda3/envs/instinctlab/lib/python3.11/site-packages/isaacsim/extscache/omni.kit.usd_undo-0.1.8+69cbf6ad)
2026-09-17T07:34:59Z [7ms] [Info] [omni.ext.plugin] [ext: omni.kit.tool.measure-107.0.2] registered (path: /home/xiexuhui/miniconda3/envs/instinctlab/lib/python3.11/site-packages/isaacsim/extscache/omni.kit.tool.measure-107.0.2+107.0.3)
2026-09-17T07:34:59Z [7ms] [Info] [omni.ext.plugin] [ext: omni.kit.usdz_export-1.0.9] registered (path: /home/xiexuhui/miniconda3/envs/instinctlab/lib/python3.11/site-packages/isaacsim/extscache/omni.kit.usdz_export-1.0.9+69cbf6ad)
2026-09-17T07:34:59Z [7ms] [Info] [omni.ext.plugin] [ext: omni.kit.test-2.0.1] registered (path: /home/xiexuhui/miniconda3/envs/instinctlab/lib/python3.11/site-packages/isaacsim/extscache/omni.kit.test-2.0.1+69cbf6ad.lx64.r.cp311)
2026-09-17T07:34:59Z [7ms] [Info] [omni.ext.plugin] [ext: omni.kit.usd.mdl-1.1.5] registered (path: /home/xiexuhui/miniconda3/envs/instinctlab/lib/python3.11/site-packages/isaacsim/extscache/omni.kit.usd.mdl-1.1.5+69cbf6ad.lx64.r.cp311)
2026-09-17T07:34:59Z [7ms] [Info] [omni.ext.plugin] [ext: omni.kit.variant.editor-107.5.3] registered (path: /home/xiexuhui/miniconda3/envs/instinctlab/lib/python3.11/site-packages/isaacsim/extscache/omni.kit.variant.editor-107.5.3+107.3)
2026-09-17T07:34:59Z [7ms] [Info] [omni.ext.plugin] [ext: omni.kit.variant.presenter-107.0.0] registered (path: /home/xiexuhui/miniconda3/envs/instinctlab/lib/python3.11/site-packages/isaacsim/extscache/omni.kit.variant.presenter-107.0.0)
2026-09-17T07:34:59Z [7ms] [Info] [omni.ext.plugin] [ext: omni.kit.viewport.actions-107.0.2] registered (path: /home/xiexuhui/miniconda3/envs/instinctlab/lib/python3.11/site-packages/isaacsim/extscache/omni.kit.viewport.actions-107.0.2+69cbf6ad)
2026-09-17T07:34:59Z [7ms] [Info] [omni.ext.plugin] [ext: omni.kit.viewport.bundle-104.0.1] registered (path: /home/xiexuhui/miniconda3/envs/instinctlab/lib/python3.11/site-packages/isaacsim/extscache/omni.kit.viewport.bundle-104.0.1+69cbf6ad)
2026-09-17T07:34:59Z [7ms] [Info] [omni.ext.plugin] [ext: omni.kit.viewport.registry-104.0.6] registered (path: /home/xiexuhui/miniconda3/envs/instinctlab/lib/python3.11/site-packages/isaacsim/extscache/omni.kit.viewport.registry-104.0.6+69cbf6ad)
2026-09-17T07:34:59Z [7ms] [Info] [omni.ext.plugin] [ext: omni.isaac.version-2.0.7] registered (path: /home/xiexuhui/miniconda3/envs/instinctlab/lib/python3.11/site-packages/isaacsim/extsDeprecated/omni.isaac.version)
2026-09-17T07:34:59Z [7ms] [Info] [omni.ext.plugin] [ext: omni.kit.viewport.legacy_gizmos-1.0.19] registered (path: /home/xiexuhui/miniconda3/envs/instinctlab/lib/python3.11/site-packages/isaacsim/extscache/omni.kit.viewport.legacy_gizmos-1.0.19+69cbf6ad.lx64.r.cp311)
2026-09-17T07:34:59Z [7ms] [Info] [omni.ext.plugin] [ext: omni.kit.viewport.menubar.camera-107.0.6] registered (path: /home/xiexuhui/miniconda3/envs/instinctlab/lib/python3.11/site-packages/isaacsim/extscache/omni.kit.viewport.menubar.camera-107.0.6+69cbf6ad)
2026-09-17T07:34:59Z [7ms] [Info] [omni.ext.plugin] [ext: omni.kit.viewport.menubar.core-107.2.1] registered (path: /home/xiexuhui/miniconda3/envs/instinctlab/lib/python3.11/site-packages/isaacsim/extscache/omni.kit.viewport.menubar.core-107.2.1+69cbf6ad)
2026-09-17T07:34:59Z [7ms] [Info] [omni.ext.plugin] [ext: omni.kit.viewport.manipulator.transform-107.0.4] registered (path: /home/xiexuhui/miniconda3/envs/instinctlab/lib/python3.11/site-packages/isaacsim/extscache/omni.kit.viewport.manipulator.transform-107.0.4+69cbf6ad)
2026-09-17T07:34:59Z [7ms] [Info] [omni.ext.plugin] [ext: omni.kit.viewport.menubar.waypoint-104.2.16] registered (path: /home/xiexuhui/miniconda3/envs/instinctlab/lib/python3.11/site-packages/isaacsim/extscache/omni.kit.viewport.menubar.waypoint-104.2.16)
2026-09-17T07:34:59Z [7ms] [Info] [omni.ext.plugin] [ext: omni.kit.viewport.menubar.display-107.0.3] registered (path: /home/xiexuhui/miniconda3/envs/instinctlab/lib/python3.11/site-packages/isaacsim/extscache/omni.kit.viewport.menubar.display-107.0.3+69cbf6ad)
2026-09-17T07:34:59Z [7ms] [Info] [omni.ext.plugin] [ext: omni.kit.viewport.rtx-104.0.1] registered (path: /home/xiexuhui/miniconda3/envs/instinctlab/lib/python3.11/site-packages/isaacsim/extscache/omni.kit.viewport.rtx-104.0.1+69cbf6ad)
2026-09-17T07:34:59Z [7ms] [Info] [omni.ext.plugin] [ext: omni.kit.viewport_widgets_manager-1.0.9] registered (path: /home/xiexuhui/miniconda3/envs/instinctlab/lib/python3.11/site-packages/isaacsim/extscache/omni.kit.viewport_widgets_manager-1.0.9+69cbf6ad)
2026-09-17T07:34:59Z [7ms] [Info] [omni.ext.plugin] [ext: omni.kit.widget.browser_bar-2.0.10] registered (path: /home/xiexuhui/miniconda3/envs/instinctlab/lib/python3.11/site-packages/isaacsim/extscache/omni.kit.widget.browser_bar-2.0.10+69cbf6ad)
2026-09-17T07:34:59Z [7ms] [Info] [omni.ext.plugin] [ext: omni.kit.viewport.menubar.settings-107.0.3] registered (path: /home/xiexuhui/miniconda3/envs/instinctlab/lib/python3.11/site-packages/isaacsim/extscache/omni.kit.viewport.menubar.settings-107.0.3+69cbf6ad)
2026-09-17T07:34:59Z [7ms] [Info] [omni.ext.plugin] [ext: omni.kit.viewport.menubar.render-107.0.10] registered (path: /home/xiexuhui/miniconda3/envs/instinctlab/lib/python3.11/site-packages/isaacsim/extscache/omni.kit.viewport.menubar.render-107.0.10+69cbf6ad)
2026-09-17T07:34:59Z [7ms] [Info] [omni.ext.plugin] [ext: omni.kit.viewport.scene_camera_model-1.0.6] registered (path: /home/xiexuhui/miniconda3/envs/instinctlab/lib/python3.11/site-packages/isaacsim/extscache/omni.kit.viewport.scene_camera_model-1.0.6+69cbf6ad.lx64.r.cp311)
2026-09-17T07:34:59Z [7ms] [Info] [omni.ext.plugin] [ext: omni.kit.viewport.utility-1.1.2] registered (path: /home/xiexuhui/miniconda3/envs/instinctlab/lib/python3.11/site-packages/isaacsim/extscache/omni.kit.viewport.utility-1.1.2+69cbf6ad)
2026-09-17T07:34:59Z [7ms] [Info] [omni.ext.plugin] [ext: omni.kit.waypoint.playlist-1.0.9] registered (path: /home/xiexuhui/miniconda3/envs/instinctlab/lib/python3.11/site-packages/isaacsim/extscache/omni.kit.waypoint.playlist-1.0.9)
2026-09-17T07:34:59Z [7ms] [Info] [omni.ext.plugin] [ext: omni.isaac.utils-2.0.6] registered (path: /home/xiexuhui/miniconda3/envs/instinctlab/lib/python3.11/site-packages/isaacsim/extsDeprecated/omni.isaac.utils)
2026-09-17T07:34:59Z [7ms] [Info] [omni.ext.plugin] [ext: omni.kit.widget.calendar-1.0.9] registered (path: /home/xiexuhui/miniconda3/envs/instinctlab/lib/python3.11/site-packages/isaacsim/extscache/omni.kit.widget.calendar-1.0.9)
2026-09-17T07:34:59Z [7ms] [Info] [omni.ext.plugin] [ext: omni.kit.waypoint.core-1.4.62] registered (path: /home/xiexuhui/miniconda3/envs/instinctlab/lib/python3.11/site-packages/isaacsim/extscache/omni.kit.waypoint.core-1.4.62+107.0)
2026-09-17T07:34:59Z [7ms] [Info] [omni.ext.plugin] [ext: omni.kit.widget.cache_indicator-3.0.7] registered (path: /home/xiexuhui/miniconda3/envs/instinctlab/lib/python3.11/site-packages/isaacsim/extscache/omni.kit.widget.cache_indicator-3.0.7+69cbf6ad)
2026-09-17T07:34:59Z [7ms] [Info] [omni.ext.plugin] [ext: omni.kit.viewport.menubar.lighting-107.3.1] registered (path: /home/xiexuhui/miniconda3/envs/instinctlab/lib/python3.11/site-packages/isaacsim/extscache/omni.kit.viewport.menubar.lighting-107.3.1+107.3.0)
2026-09-17T07:34:59Z [7ms] [Info] [omni.ext.plugin] [ext: omni.kit.widget.collection-0.3.1] registered (path: /home/xiexuhui/miniconda3/envs/instinctlab/lib/python3.11/site-packages/isaacsim/extscache/omni.kit.widget.collection-0.3.1+106.5.0)
2026-09-17T07:34:59Z [7ms] [Info] [omni.ext.plugin] [ext: omni.kit.widget.context_menu-1.2.5] registered (path: /home/xiexuhui/miniconda3/envs/instinctlab/lib/python3.11/site-packages/isaacsim/extscache/omni.kit.widget.context_menu-1.2.5+69cbf6ad)
2026-09-17T07:34:59Z [7ms] [Info] [omni.ext.plugin] [ext: omni.kit.widget.filter-1.1.4] registered (path: /home/xiexuhui/miniconda3/envs/instinctlab/lib/python3.11/site-packages/isaacsim/extscache/omni.kit.widget.filter-1.1.4+69cbf6ad)
2026-09-17T07:34:59Z [7ms] [Info] [omni.ext.plugin] [ext: omni.kit.widget.filebrowser-2.12.3] registered (path: /home/xiexuhui/miniconda3/envs/instinctlab/lib/python3.11/site-packages/isaacsim/extscache/omni.kit.widget.filebrowser-2.12.3+69cbf6ad)
2026-09-17T07:34:59Z [7ms] [Info] [omni.ext.plugin] [ext: omni.kit.widget.live_session_management-1.2.23] registered (path: /home/xiexuhui/miniconda3/envs/instinctlab/lib/python3.11/site-packages/isaacsim/extscache/omni.kit.widget.live_session_management-1.2.23+69cbf6ad)
2026-09-17T07:34:59Z [7ms] [Info] [omni.ext.plugin] [ext: omni.kit.widget.extended_searchfield-1.0.31] registered (path: /home/xiexuhui/miniconda3/envs/instinctlab/lib/python3.11/site-packages/isaacsim/extscache/omni.kit.widget.extended_searchfield-1.0.31)
2026-09-17T07:34:59Z [7ms] [Info] [omni.ext.plugin] [ext: omni.kit.widget.graph-2.0.0] registered (path: /home/xiexuhui/miniconda3/envs/instinctlab/lib/python3.11/site-packages/isaacsim/extscache/omni.kit.widget.graph-2.0.0+69cbf6ad)
2026-09-17T07:34:59Z [7ms] [Info] [omni.ext.plugin] [ext: omni.kit.widget.highlight_label-1.0.3] registered (path: /home/xiexuhui/miniconda3/envs/instinctlab/lib/python3.11/site-packages/isaacsim/extscache/omni.kit.widget.highlight_label-1.0.3+69cbf6ad)
2026-09-17T07:34:59Z [7ms] [Info] [omni.ext.plugin] [ext: omni.kit.widget.imageview-1.0.4] registered (path: /home/xiexuhui/miniconda3/envs/instinctlab/lib/python3.11/site-packages/isaacsim/extscache/omni.kit.widget.imageview-1.0.4+69cbf6ad)
2026-09-17T07:34:59Z [7ms] [Info] [omni.ext.plugin] [ext: omni.kit.viewport.window-107.2.0] registered (path: /home/xiexuhui/miniconda3/envs/instinctlab/lib/python3.11/site-packages/isaacsim/extscache/omni.kit.viewport.window-107.2.0+69cbf6ad)
2026-09-17T07:34:59Z [7ms] [Info] [omni.ext.plugin] [ext: omni.kit.widget.nucleus_info-2.0.2] registered (path: /home/xiexuhui/miniconda3/envs/instinctlab/lib/python3.11/site-packages/isaacsim/extscache/omni.kit.widget.nucleus_info-2.0.2+69cbf6ad)
2026-09-17T07:34:59Z [7ms] [Info] [omni.ext.plugin] [ext: omni.isaac.universal_robots-1.0.6] registered (path: /home/xiexuhui/miniconda3/envs/instinctlab/lib/python3.11/site-packages/isaacsim/extsDeprecated/omni.isaac.universal_robots)
2026-09-17T07:34:59Z [7ms] [Info] [omni.ext.plugin] [ext: omni.kit.widget.options_button-1.0.3] registered (path: /home/xiexuhui/miniconda3/envs/instinctlab/lib/python3.11/site-packages/isaacsim/extscache/omni.kit.widget.options_button-1.0.3+69cbf6ad)
2026-09-17T07:34:59Z [7ms] [Info] [omni.ext.plugin] [ext: omni.kit.widget.live-2.1.11] registered (path: /home/xiexuhui/miniconda3/envs/instinctlab/lib/python3.11/site-packages/isaacsim/extscache/omni.kit.widget.live-2.1.11+69cbf6ad)
2026-09-17T07:34:59Z [7ms] [Info] [omni.ext.plugin] [ext: omni.kit.widget.live_session_management.ui-1.0.3] registered (path: /home/xiexuhui/miniconda3/envs/instinctlab/lib/python3.11/site-packages/isaacsim/extscache/omni.kit.widget.live_session_management.ui-1.0.3+69cbf6ad)
2026-09-17T07:34:59Z [8ms] [Info] [omni.ext.plugin] [ext: omni.kit.widget.layers-1.8.6] registered (path: /home/xiexuhui/miniconda3/envs/instinctlab/lib/python3.11/site-packages/isaacsim/extscache/omni.kit.widget.layers-1.8.6+69cbf6ad)
2026-09-17T07:34:59Z [8ms] [Info] [omni.ext.plugin] [ext: omni.kit.widget.prompt-1.0.7] registered (path: /home/xiexuhui/miniconda3/envs/instinctlab/lib/python3.11/site-packages/isaacsim/extscache/omni.kit.widget.prompt-1.0.7+69cbf6ad)
2026-09-17T07:34:59Z [8ms] [Info] [omni.ext.plugin] [ext: omni.kit.widget.options_menu-1.1.6] registered (path: /home/xiexuhui/miniconda3/envs/instinctlab/lib/python3.11/site-packages/isaacsim/extscache/omni.kit.widget.options_menu-1.1.6+69cbf6ad)
2026-09-17T07:34:59Z [8ms] [Info] [omni.ext.plugin] [ext: omni.kit.widget.nucleus_connector-2.0.1] registered (path: /home/xiexuhui/miniconda3/envs/instinctlab/lib/python3.11/site-packages/isaacsim/extscache/omni.kit.widget.nucleus_connector-2.0.1+69cbf6ad)
2026-09-17T07:34:59Z [8ms] [Info] [omni.ext.plugin] [ext: omni.kit.widget.search_delegate-1.0.7] registered (path: /home/xiexuhui/miniconda3/envs/instinctlab/lib/python3.11/site-packages/isaacsim/extscache/omni.kit.widget.search_delegate-1.0.7+69cbf6ad)
2026-09-17T07:34:59Z [8ms] [Info] [omni.ext.plugin] [ext: omni.kit.widget.searchable_combobox-1.0.6] registered (path: /home/xiexuhui/miniconda3/envs/instinctlab/lib/python3.11/site-packages/isaacsim/extscache/omni.kit.widget.searchable_combobox-1.0.6+69cbf6ad)
2026-09-17T07:34:59Z [8ms] [Info] [omni.ext.plugin] [ext: omni.kit.widget.searchfield-1.1.8] registered (path: /home/xiexuhui/miniconda3/envs/instinctlab/lib/python3.11/site-packages/isaacsim/extscache/omni.kit.widget.searchfield-1.1.8+69cbf6ad)
2026-09-17T07:34:59Z [8ms] [Info] [omni.ext.plugin] [ext: omni.kit.widget.settings-1.2.6] registered (path: /home/xiexuhui/miniconda3/envs/instinctlab/lib/python3.11/site-packages/isaacsim/extscache/omni.kit.widget.settings-1.2.6+69cbf6ad)
2026-09-17T07:34:59Z [8ms] [Info] [omni.ext.plugin] [ext: omni.kit.widget.sliderbar-1.0.13] registered (path: /home/xiexuhui/miniconda3/envs/instinctlab/lib/python3.11/site-packages/isaacsim/extscache/omni.kit.widget.sliderbar-1.0.13)
2026-09-17T07:34:59Z [8ms] [Info] [omni.ext.plugin] [ext: omni.kit.widget.stage_icons-1.0.8] registered (path: /home/xiexuhui/miniconda3/envs/instinctlab/lib/python3.11/site-packages/isaacsim/extscache/omni.kit.widget.stage_icons-1.0.8+69cbf6ad)
2026-09-17T07:34:59Z [8ms] [Info] [omni.ext.plugin] [ext: omni.kit.widget.material_preview-1.0.16] registered (path: /home/xiexuhui/miniconda3/envs/instinctlab/lib/python3.11/site-packages/isaacsim/extscache/omni.kit.widget.material_preview-1.0.16)
2026-09-17T07:34:59Z [8ms] [Info] [omni.ext.plugin] [ext: omni.kit.widget.path_field-2.0.11] registered (path: /home/xiexuhui/miniconda3/envs/instinctlab/lib/python3.11/site-packages/isaacsim/extscache/omni.kit.widget.path_field-2.0.11+69cbf6ad)
2026-09-17T07:34:59Z [8ms] [Info] [omni.ext.plugin] [ext: omni.kit.widget.zoombar-1.0.6] registered (path: /home/xiexuhui/miniconda3/envs/instinctlab/lib/python3.11/site-packages/isaacsim/extscache/omni.kit.widget.zoombar-1.0.6)
2026-09-17T07:34:59Z [8ms] [Info] [omni.ext.plugin] [ext: omni.kit.widget.toolbar-2.0.1] registered (path: /home/xiexuhui/miniconda3/envs/instinctlab/lib/python3.11/site-packages/isaacsim/extscache/omni.kit.widget.toolbar-2.0.1+69cbf6ad)
2026-09-17T07:34:59Z [8ms] [Info] [omni.ext.plugin] [ext: omni.isaac.ui_template-1.0.6] registered (path: /home/xiexuhui/miniconda3/envs/instinctlab/lib/python3.11/site-packages/isaacsim/extsDeprecated/omni.isaac.ui_template)
2026-09-17T07:34:59Z [8ms] [Info] [omni.ext.plugin] [ext: omni.kit.widget.schema_api-1.0.3] registered (path: /home/xiexuhui/miniconda3/envs/instinctlab/lib/python3.11/site-packages/isaacsim/extscache/omni.kit.widget.schema_api-1.0.3)
2026-09-17T07:34:59Z [8ms] [Info] [omni.ext.plugin] [ext: omni.kit.widget.timeline-107.0.1] registered (path: /home/xiexuhui/miniconda3/envs/instinctlab/lib/python3.11/site-packages/isaacsim/extscache/omni.kit.widget.timeline-107.0.1+107.0.3)
2026-09-17T07:34:59Z [8ms] [Info] [omni.ext.plugin] [ext: omni.kit.widget.text_editor-1.1.1] registered (path: /home/xiexuhui/miniconda3/envs/instinctlab/lib/python3.11/site-packages/isaacsim/extscache/omni.kit.widget.text_editor-1.1.1+69cbf6ad.lx64.r.cp311)
2026-09-17T07:34:59Z [8ms] [Info] [omni.ext.plugin] [ext: omni.kit.widget.versioning-1.4.10] registered (path: /home/xiexuhui/miniconda3/envs/instinctlab/lib/python3.11/site-packages/isaacsim/extscache/omni.kit.widget.versioning-1.4.10+69cbf6ad)
2026-09-17T07:34:59Z [8ms] [Info] [omni.ext.plugin] [ext: omni.kit.widgets.custom-1.0.13] registered (path: /home/xiexuhui/miniconda3/envs/instinctlab/lib/python3.11/site-packages/isaacsim/extscache/omni.kit.widgets.custom-1.0.13)
2026-09-17T07:34:59Z [8ms] [Info] [omni.ext.plugin] [ext: omni.kit.window.collection-0.3.1] registered (path: /home/xiexuhui/miniconda3/envs/instinctlab/lib/python3.11/site-packages/isaacsim/extscache/omni.kit.window.collection-0.3.1+106.5.0)
2026-09-17T07:34:59Z [8ms] [Info] [omni.ext.plugin] [ext: omni.kit.widget.stage-3.1.4] registered (path: /home/xiexuhui/miniconda3/envs/instinctlab/lib/python3.11/site-packages/isaacsim/extscache/omni.kit.widget.stage-3.1.4+69cbf6ad)
2026-09-17T07:34:59Z [8ms] [Info] [omni.ext.plugin] [ext: omni.kit.window.commands-0.2.9] registered (path: /home/xiexuhui/miniconda3/envs/instinctlab/lib/python3.11/site-packages/isaacsim/extscache/omni.kit.window.commands-0.2.9+69cbf6ad)
2026-09-17T07:34:59Z [8ms] [Info] [omni.ext.plugin] [ext: omni.kit.window.drop_support-1.0.5] registered (path: /home/xiexuhui/miniconda3/envs/instinctlab/lib/python3.11/site-packages/isaacsim/extscache/omni.kit.window.drop_support-1.0.5+69cbf6ad)
2026-09-17T07:34:59Z [8ms] [Info] [omni.ext.plugin] [ext: omni.kit.window.content_browser_registry-0.0.6] registered (path: /home/xiexuhui/miniconda3/envs/instinctlab/lib/python3.11/site-packages/isaacsim/extscache/omni.kit.window.content_browser_registry-0.0.6+69cbf6ad)
2026-09-17T07:34:59Z [8ms] [Info] [omni.ext.plugin] [ext: omni.kit.window.console-1.1.4] registered (path: /home/xiexuhui/miniconda3/envs/instinctlab/lib/python3.11/site-packages/isaacsim/extscache/omni.kit.window.console-1.1.4+69cbf6ad.lx64.r.cp311)
2026-09-17T07:34:59Z [8ms] [Info] [omni.ext.plugin] [ext: omni.kit.window.cursor-1.1.4] registered (path: /home/xiexuhui/miniconda3/envs/instinctlab/lib/python3.11/site-packages/isaacsim/extscache/omni.kit.window.cursor-1.1.4+69cbf6ad)
2026-09-17T07:34:59Z [8ms] [Info] [omni.ext.plugin] [ext: omni.isaac.ui-1.0.7] registered (path: /home/xiexuhui/miniconda3/envs/instinctlab/lib/python3.11/site-packages/isaacsim/extsDeprecated/omni.isaac.ui)
2026-09-17T07:34:59Z [8ms] [Info] [omni.ext.plugin] [ext: omni.kit.window.content_browser-3.1.3] registered (path: /home/xiexuhui/miniconda3/envs/instinctlab/lib/python3.11/site-packages/isaacsim/extscache/omni.kit.window.content_browser-3.1.3+69cbf6ad)
2026-09-17T07:34:59Z [8ms] [Info] [omni.ext.plugin] [ext: omni.kit.window.file-2.0.5] registered (path: /home/xiexuhui/miniconda3/envs/instinctlab/lib/python3.11/site-packages/isaacsim/extscache/omni.kit.window.file-2.0.5+69cbf6ad)
2026-09-17T07:34:59Z [8ms] [Info] [omni.ext.plugin] [ext: omni.kit.widget.viewport-107.1.3] registered (path: /home/xiexuhui/miniconda3/envs/instinctlab/lib/python3.11/site-packages/isaacsim/extscache/omni.kit.widget.viewport-107.1.3+69cbf6ad)
2026-09-17T07:34:59Z [8ms] [Info] [omni.ext.plugin] [ext: omni.kit.window.file_importer-1.1.18] registered (path: /home/xiexuhui/miniconda3/envs/instinctlab/lib/python3.11/site-packages/isaacsim/extscache/omni.kit.window.file_importer-1.1.18+69cbf6ad)
2026-09-17T07:34:59Z [8ms] [Info] [omni.ext.plugin] [ext: omni.kit.window.file_exporter-1.0.33] registered (path: /home/xiexuhui/miniconda3/envs/instinctlab/lib/python3.11/site-packages/isaacsim/extscache/omni.kit.window.file_exporter-1.0.33+69cbf6ad)
2026-09-17T07:34:59Z [8ms] [Info] [omni.ext.plugin] [ext: omni.kit.window.filepicker-2.13.4] registered (path: /home/xiexuhui/miniconda3/envs/instinctlab/lib/python3.11/site-packages/isaacsim/extscache/omni.kit.window.filepicker-2.13.4+69cbf6ad)
2026-09-17T07:34:59Z [8ms] [Info] [omni.ext.plugin] [ext: omni.kit.window.popup_dialog-2.0.24] registered (path: /home/xiexuhui/miniconda3/envs/instinctlab/lib/python3.11/site-packages/isaacsim/extscache/omni.kit.window.popup_dialog-2.0.24+69cbf6ad)
2026-09-17T07:34:59Z [8ms] [Info] [omni.ext.plugin] [ext: omni.kit.window.material_graph-1.9.1] registered (path: /home/xiexuhui/miniconda3/envs/instinctlab/lib/python3.11/site-packages/isaacsim/extscache/omni.kit.window.material_graph-1.9.1)
2026-09-17T07:34:59Z [8ms] [Info] [omni.ext.plugin] [ext: omni.kit.window.quicksearch-2.4.4] registered (path: /home/xiexuhui/miniconda3/envs/instinctlab/lib/python3.11/site-packages/isaacsim/extscache/omni.kit.window.quicksearch-2.4.4)
2026-09-17T07:34:59Z [8ms] [Info] [omni.ext.plugin] [ext: omni.kit.window.property-1.12.1] registered (path: /home/xiexuhui/miniconda3/envs/instinctlab/lib/python3.11/site-packages/isaacsim/extscache/omni.kit.window.property-1.12.1+69cbf6ad)
2026-09-17T07:34:59Z [8ms] [Info] [omni.ext.plugin] [ext: omni.isaac.throttling-2.0.7] registered (path: /home/xiexuhui/miniconda3/envs/instinctlab/lib/python3.11/site-packages/isaacsim/extsDeprecated/omni.isaac.throttling)
2026-09-17T07:34:59Z [8ms] [Info] [omni.ext.plugin] [ext: omni.kit.window.preferences-1.8.0] registered (path: /home/xiexuhui/miniconda3/envs/instinctlab/lib/python3.11/site-packages/isaacsim/extscache/omni.kit.window.preferences-1.8.0+69cbf6ad)
2026-09-17T07:34:59Z [8ms] [Info] [omni.ext.plugin] [ext: omni.kit.window.section-107.0.3] registered (path: /home/xiexuhui/miniconda3/envs/instinctlab/lib/python3.11/site-packages/isaacsim/extscache/omni.kit.window.section-107.0.3)
2026-09-17T07:34:59Z [8ms] [Info] [omni.ext.plugin] [ext: omni.kit.window.stats-0.1.7] registered (path: /home/xiexuhui/miniconda3/envs/instinctlab/lib/python3.11/site-packages/isaacsim/extscache/omni.kit.window.stats-0.1.7+69cbf6ad)
2026-09-17T07:34:59Z [8ms] [Info] [omni.ext.plugin] [ext: omni.kit.window.stage-2.6.1] registered (path: /home/xiexuhui/miniconda3/envs/instinctlab/lib/python3.11/site-packages/isaacsim/extscache/omni.kit.window.stage-2.6.1+69cbf6ad)
2026-09-17T07:34:59Z [8ms] [Info] [omni.ext.plugin] [ext: omni.kit.window.usd_paths-1.0.8] registered (path: /home/xiexuhui/miniconda3/envs/instinctlab/lib/python3.11/site-packages/isaacsim/extscache/omni.kit.window.usd_paths-1.0.8+69cbf6ad)
2026-09-17T07:34:59Z [8ms] [Info] [omni.ext.plugin] [ext: omni.kit.window.extensions-1.4.27] registered (path: /home/xiexuhui/miniconda3/envs/instinctlab/lib/python3.11/site-packages/isaacsim/extscache/omni.kit.window.extensions-1.4.27+69cbf6ad)
2026-09-17T07:34:59Z [8ms] [Info] [omni.ext.plugin] [ext: omni.kit.window.movie_capture-2.5.6] registered (path: /home/xiexuhui/miniconda3/envs/instinctlab/lib/python3.11/site-packages/isaacsim/extscache/omni.kit.window.movie_capture-2.5.6+107.3)
2026-09-17T07:34:59Z [8ms] [Info] [omni.ext.plugin] [ext: omni.kit.window.script_editor-2.0.1] registered (path: /home/xiexuhui/miniconda3/envs/instinctlab/lib/python3.11/site-packages/isaacsim/extscache/omni.kit.window.script_editor-2.0.1+69cbf6ad)
2026-09-17T07:34:59Z [8ms] [Info] [omni.ext.plugin] [ext: omni.kit.window.status_bar-0.1.9] registered (path: /home/xiexuhui/miniconda3/envs/instinctlab/lib/python3.11/site-packages/isaacsim/extscache/omni.kit.window.status_bar-0.1.9+69cbf6ad.lx64.r.cp311)
2026-09-17T07:34:59Z [8ms] [Info] [omni.ext.plugin] [ext: omni.kit.window.title-1.1.7] registered (path: /home/xiexuhui/miniconda3/envs/instinctlab/lib/python3.11/site-packages/isaacsim/extscache/omni.kit.window.title-1.1.7+69cbf6ad)
2026-09-17T07:34:59Z [8ms] [Info] [omni.ext.plugin] [ext: omni.kit.window.material-1.7.2] registered (path: /home/xiexuhui/miniconda3/envs/instinctlab/lib/python3.11/site-packages/isaacsim/extscache/omni.kit.window.material-1.7.2+107.3)
2026-09-17T07:34:59Z [8ms] [Info] [omni.ext.plugin] [ext: omni.kit.window.toolbar-2.0.0] registered (path: /home/xiexuhui/miniconda3/envs/instinctlab/lib/python3.11/site-packages/isaacsim/extscache/omni.kit.window.toolbar-2.0.0+69cbf6ad)
2026-09-17T07:34:59Z [8ms] [Info] [omni.ext.plugin] [ext: omni.kit.window.usddebug-1.1.2] registered (path: /home/xiexuhui/miniconda3/envs/instinctlab/lib/python3.11/site-packages/isaacsim/extscache/omni.kit.window.usddebug-1.1.2)
2026-09-17T07:34:59Z [8ms] [Info] [omni.ext.plugin] [ext: omni.kit.xr.advertise-107.3.109] registered (path: /home/xiexuhui/miniconda3/envs/instinctlab/lib/python3.11/site-packages/isaacsim/extscache/omni.kit.xr.advertise-107.3.109+107.3.3.cp311.u353)
2026-09-17T07:34:59Z [8ms] [Info] [omni.ext.plugin] [ext: omni.isaac.tf_viewer-1.0.7] registered (path: /home/xiexuhui/miniconda3/envs/instinctlab/lib/python3.11/site-packages/isaacsim/extsDeprecated/omni.isaac.tf_viewer)
2026-09-17T07:34:59Z [8ms] [Info] [omni.ext.plugin] [ext: omni.kit.xr.profile.ar-107.3.109] registered (path: /home/xiexuhui/miniconda3/envs/instinctlab/lib/python3.11/site-packages/isaacsim/extscache/omni.kit.xr.profile.ar-107.3.109+107.3.3.cp311.u353)
2026-09-17T07:34:59Z [9ms] [Info] [omni.ext.plugin] [ext: omni.kit.xr.profile.tabletar-107.3.109] registered (path: /home/xiexuhui/miniconda3/envs/instinctlab/lib/python3.11/site-packages/isaacsim/extscache/omni.kit.xr.profile.tabletar-107.3.109+107.3.3.cp311.u353)
2026-09-17T07:34:59Z [9ms] [Info] [omni.ext.plugin] [ext: omni.kit.xr.core-107.3.109] registered (path: /home/xiexuhui/miniconda3/envs/instinctlab/lib/python3.11/site-packages/isaacsim/extscache/omni.kit.xr.core-107.3.109+107.3.3.lx64.r.cp311.u353)
2026-09-17T07:34:59Z [9ms] [Info] [omni.ext.plugin] [ext: omni.kit.xr.profile.vr-107.3.109] registered (path: /home/xiexuhui/miniconda3/envs/instinctlab/lib/python3.11/site-packages/isaacsim/extscache/omni.kit.xr.profile.vr-107.3.109+107.3.3.cp311.u353)
2026-09-17T07:34:59Z [9ms] [Info] [omni.ext.plugin] [ext: omni.kit.xr.scene_view.utils-107.3.109] registered (path: /home/xiexuhui/miniconda3/envs/instinctlab/lib/python3.11/site-packages/isaacsim/extscache/omni.kit.xr.scene_view.utils-107.3.109+107.3.3.cp311.u353)
2026-09-17T07:34:59Z [9ms] [Info] [omni.ext.plugin] [ext: omni.kvdb-107.3.26] registered (path: /home/xiexuhui/miniconda3/envs/instinctlab/lib/python3.11/site-packages/isaacsim/extscache/omni.kvdb-107.3.26+107.3.3.lx64.r.cp311.u353)
2026-09-17T07:34:59Z [9ms] [Info] [omni.ext.plugin] [ext: omni.kit.xr.system.openxr-107.3.109] registered (path: /home/xiexuhui/miniconda3/envs/instinctlab/lib/python3.11/site-packages/isaacsim/extscache/omni.kit.xr.system.openxr-107.3.109+107.3.3.lx64.r.cp311.u353)
2026-09-17T07:34:59Z [9ms] [Info] [omni.ext.plugin] [ext: omni.kit.xr.system.simulatedxr-107.3.109] registered (path: /home/xiexuhui/miniconda3/envs/instinctlab/lib/python3.11/site-packages/isaacsim/extscache/omni.kit.xr.system.simulatedxr-107.3.109+107.3.3.lx64.r.cp311.u353)
2026-09-17T07:34:59Z [9ms] [Info] [omni.ext.plugin] [ext: omni.mdl-56.0.3] registered (path: /home/xiexuhui/miniconda3/envs/instinctlab/lib/python3.11/site-packages/isaacsim/extscache/omni.mdl-56.0.3+69cbf6ad.lx64.r.cp311)
2026-09-17T07:34:59Z [9ms] [Info] [omni.ext.plugin] [ext: omni.kit.xr.ui.window.profile-107.3.109] registered (path: /home/xiexuhui/miniconda3/envs/instinctlab/lib/python3.11/site-packages/isaacsim/extscache/omni.kit.xr.ui.window.profile-107.3.109+107.3.3.cp311.u353)
2026-09-17T07:34:59Z [9ms] [Info] [omni.ext.plugin] [ext: omni.kit.xr.ui.stage-107.3.109] registered (path: /home/xiexuhui/miniconda3/envs/instinctlab/lib/python3.11/site-packages/isaacsim/extscache/omni.kit.xr.ui.stage-107.3.109+107.3.3.cp311.u353)
2026-09-17T07:34:59Z [9ms] [Info] [omni.ext.plugin] [ext: omni.kit.xr.scene_view.core-107.3.109] registered (path: /home/xiexuhui/miniconda3/envs/instinctlab/lib/python3.11/site-packages/isaacsim/extscache/omni.kit.xr.scene_view.core-107.3.109+107.3.3.lx64.r.cp311.u353)
2026-09-17T07:34:59Z [9ms] [Info] [omni.ext.plugin] [ext: omni.materialx.libs-1.0.7] registered (path: /home/xiexuhui/miniconda3/envs/instinctlab/lib/python3.11/site-packages/isaacsim/extscache/omni.materialx.libs-1.0.7+69cbf6ad.lx64.r.cp311)
2026-09-17T07:34:59Z [9ms] [Info] [omni.ext.plugin] [ext: omni.localcache-107.3.26] registered (path: /home/xiexuhui/miniconda3/envs/instinctlab/lib/python3.11/site-packages/isaacsim/extscache/omni.localcache-107.3.26+107.3.3.lx64.r.cp311.u353)
2026-09-17T07:34:59Z [9ms] [Info] [omni.ext.plugin] [ext: omni.isaac.tests-2.0.7] registered (path: /home/xiexuhui/miniconda3/envs/instinctlab/lib/python3.11/site-packages/isaacsim/extsDeprecated/omni.isaac.tests)
2026-09-17T07:34:59Z [9ms] [Info] [omni.ext.plugin] [ext: omni.kit.xr.ui.window.viewport-107.3.109] registered (path: /home/xiexuhui/miniconda3/envs/instinctlab/lib/python3.11/site-packages/isaacsim/extscache/omni.kit.xr.ui.window.viewport-107.3.109+107.3.3.cp311.u353)
2026-09-17T07:34:59Z [9ms] [Info] [omni.ext.plugin] [ext: omni.metrics.core-0.0.3] registered (path: /home/xiexuhui/miniconda3/envs/instinctlab/lib/python3.11/site-packages/isaacsim/extscache/omni.metrics.core-0.0.3+69cbf6ad.lx64.r)
2026-09-17T07:34:59Z [9ms] [Info] [omni.ext.plugin] [ext: omni.no_code_ui.bundle-1.1.2] registered (path: /home/xiexuhui/miniconda3/envs/instinctlab/lib/python3.11/site-packages/isaacsim/extscache/omni.no_code_ui.bundle-1.1.2+107.0)
2026-09-17T07:34:59Z [9ms] [Info] [omni.ext.plugin] [ext: omni.metropolis.utils-0.1.20] registered (path: /home/xiexuhui/miniconda3/envs/instinctlab/lib/python3.11/site-packages/isaacsim/extscache/omni.metropolis.utils-0.1.20+107.3.3.lx64.cp311)
2026-09-17T07:34:59Z [9ms] [Info] [omni.ext.plugin] [ext: omni.physics-107.3.26] registered (path: /home/xiexuhui/miniconda3/envs/instinctlab/lib/python3.11/site-packages/isaacsim/extscache/omni.physics-107.3.26+107.3.3.lx64.r.cp311.u353)
2026-09-17T07:34:59Z [9ms] [Info] [omni.ext.plugin] [ext: omni.ocio-0.1.1] registered (path: /home/xiexuhui/miniconda3/envs/instinctlab/lib/python3.11/site-packages/isaacsim/extscache/omni.ocio-0.1.1+69cbf6ad.lx64.r.cp311)
2026-09-17T07:34:59Z [9ms] [Info] [omni.ext.plugin] [ext: omni.kit.xr.profile.common-107.3.109] registered (path: /home/xiexuhui/miniconda3/envs/instinctlab/lib/python3.11/site-packages/isaacsim/extscache/omni.kit.xr.profile.common-107.3.109+107.3.3.cp311.u353)
2026-09-17T07:34:59Z [9ms] [Info] [omni.ext.plugin] [ext: omni.physics.stageupdate-107.3.26] registered (path: /home/xiexuhui/miniconda3/envs/instinctlab/lib/python3.11/site-packages/isaacsim/extscache/omni.physics.stageupdate-107.3.26+107.3.3.lx64.r.cp311.u353)
2026-09-17T07:34:59Z [9ms] [Info] [omni.ext.plugin] [ext: omni.physics.physx-107.3.26] registered (path: /home/xiexuhui/miniconda3/envs/instinctlab/lib/python3.11/site-packages/isaacsim/extscache/omni.physics.physx-107.3.26+107.3.3.lx64.r.cp311.u353)
2026-09-17T07:34:59Z [9ms] [Info] [omni.ext.plugin] [ext: omni.physx-107.3.26] registered (path: /home/xiexuhui/miniconda3/envs/instinctlab/lib/python3.11/site-packages/isaacsim/extscache/omni.physx-107.3.26+107.3.3.lx64.r.cp311.u353)
2026-09-17T07:34:59Z [9ms] [Info] [omni.ext.plugin] [ext: omni.isaac.synthetic_recorder-2.0.6] registered (path: /home/xiexuhui/miniconda3/envs/instinctlab/lib/python3.11/site-packages/isaacsim/extsDeprecated/omni.isaac.synthetic_recorder)
2026-09-17T07:34:59Z [9ms] [Info] [omni.ext.plugin] [ext: omni.physics.tensors-107.3.26] registered (path: /home/xiexuhui/miniconda3/envs/instinctlab/lib/python3.11/site-packages/isaacsim/extscache/omni.physics.tensors-107.3.26+107.3.3.lx64.r.cp311.u353)
2026-09-17T07:34:59Z [9ms] [Info] [omni.ext.plugin] [ext: omni.mdl.neuraylib-0.2.12] registered (path: /home/xiexuhui/miniconda3/envs/instinctlab/lib/python3.11/site-packages/isaacsim/extscache/omni.mdl.neuraylib-0.2.12+69cbf6ad.lx64.r.cp311)
2026-09-17T07:34:59Z [9ms] [Info] [omni.ext.plugin] [ext: omni.physx.asset_validator-107.3.26] registered (path: /home/xiexuhui/miniconda3/envs/instinctlab/lib/python3.11/site-packages/isaacsim/extscache/omni.physx.asset_validator-107.3.26+107.3.3.lx64.r.cp311.u353)
2026-09-17T07:34:59Z [9ms] [Info] [omni.ext.plugin] [ext: omni.physx.commands-107.3.26] registered (path: /home/xiexuhui/miniconda3/envs/instinctlab/lib/python3.11/site-packages/isaacsim/extscache/omni.physx.commands-107.3.26+107.3.3.cp311.u353)
2026-09-17T07:34:59Z [9ms] [Info] [omni.ext.plugin] [ext: omni.physx.camera-107.3.26] registered (path: /home/xiexuhui/miniconda3/envs/instinctlab/lib/python3.11/site-packages/isaacsim/extscache/omni.physx.camera-107.3.26+107.3.3.lx64.r.cp311.u353)
2026-09-17T07:34:59Z [9ms] [Info] [omni.ext.plugin] [ext: omni.physx.bundle-107.3.26] registered (path: /home/xiexuhui/miniconda3/envs/instinctlab/lib/python3.11/site-packages/isaacsim/extscache/omni.physx.bundle-107.3.26+107.3.3.cp311.u353)
2026-09-17T07:34:59Z [9ms] [Info] [omni.ext.plugin] [ext: omni.physx.cooking-107.3.26] registered (path: /home/xiexuhui/miniconda3/envs/instinctlab/lib/python3.11/site-packages/isaacsim/extscache/omni.physx.cooking-107.3.26+107.3.3.lx64.r.cp311.u353)
2026-09-17T07:34:59Z [9ms] [Info] [omni.ext.plugin] [ext: omni.physx.cct-107.3.26] registered (path: /home/xiexuhui/miniconda3/envs/instinctlab/lib/python3.11/site-packages/isaacsim/extscache/omni.physx.cct-107.3.26+107.3.3.lx64.r.cp311.u353)
2026-09-17T07:34:59Z [9ms] [Info] [omni.ext.plugin] [ext: omni.physx.demos-107.3.26] registered (path: /home/xiexuhui/miniconda3/envs/instinctlab/lib/python3.11/site-packages/isaacsim/extscache/omni.physx.demos-107.3.26+107.3.3.cp311.u353)
2026-09-17T07:34:59Z [9ms] [Info] [omni.ext.plugin] [ext: omni.physx.fabric-107.3.26] registered (path: /home/xiexuhui/miniconda3/envs/instinctlab/lib/python3.11/site-packages/isaacsim/extscache/omni.physx.fabric-107.3.26+107.3.3.lx64.r.cp311.u353)
2026-09-17T07:34:59Z [9ms] [Info] [omni.ext.plugin] [ext: omni.physx.graph-107.3.26] registered (path: /home/xiexuhui/miniconda3/envs/instinctlab/lib/python3.11/site-packages/isaacsim/extscache/omni.physx.graph-107.3.26+107.3.3.lx64.r.cp311.u353)
2026-09-17T07:34:59Z [9ms] [Info] [omni.ext.plugin] [ext: omni.mdl.usd_converter-1.0.30] registered (path: /home/xiexuhui/miniconda3/envs/instinctlab/lib/python3.11/site-packages/isaacsim/extscache/omni.mdl.usd_converter-1.0.30+69cbf6ad)
2026-09-17T07:34:59Z [9ms] [Info] [omni.ext.plugin] [ext: omni.physx.foundation-107.3.26] registered (path: /home/xiexuhui/miniconda3/envs/instinctlab/lib/python3.11/site-packages/isaacsim/extscache/omni.physx.foundation-107.3.26+107.3.3.lx64.r.cp311.u353)
2026-09-17T07:34:59Z [9ms] [Info] [omni.ext.plugin] [ext: omni.isaac.surface_gripper.ui-2.0.5] registered (path: /home/xiexuhui/miniconda3/envs/instinctlab/lib/python3.11/site-packages/isaacsim/extsDeprecated/omni.isaac.surface_gripper.ui)
2026-09-17T07:34:59Z [9ms] [Info] [omni.ext.plugin] [ext: omni.physx.pvd-107.3.26] registered (path: /home/xiexuhui/miniconda3/envs/instinctlab/lib/python3.11/site-packages/isaacsim/extscache/omni.physx.pvd-107.3.26+107.3.3.lx64.r.cp311.u353)
2026-09-17T07:34:59Z [9ms] [Info] [omni.ext.plugin] [ext: omni.physx.vehicle-107.3.26] registered (path: /home/xiexuhui/miniconda3/envs/instinctlab/lib/python3.11/site-packages/isaacsim/extscache/omni.physx.vehicle-107.3.26+107.3.3.lx64.r.cp311.u353)
2026-09-17T07:34:59Z [9ms] [Info] [omni.ext.plugin] [ext: omni.ramp-107.0.1] registered (path: /home/xiexuhui/miniconda3/envs/instinctlab/lib/python3.11/site-packages/isaacsim/extscache/omni.ramp-107.0.1+107.0.3.lx64.r.cp311.u353)
2026-09-17T07:34:59Z [9ms] [Info] [omni.ext.plugin] [ext: omni.physx.tensors-107.3.26] registered (path: /home/xiexuhui/miniconda3/envs/instinctlab/lib/python3.11/site-packages/isaacsim/extscache/omni.physx.tensors-107.3.26+107.3.3.lx64.r.cp311.u353)
2026-09-17T07:34:59Z [9ms] [Info] [omni.ext.plugin] [ext: omni.physx.telemetry-107.3.26] registered (path: /home/xiexuhui/miniconda3/envs/instinctlab/lib/python3.11/site-packages/isaacsim/extscache/omni.physx.telemetry-107.3.26+107.3.3.cp311.u353)
2026-09-17T07:34:59Z [9ms] [Info] [omni.ext.plugin] [ext: omni.physx.supportui-107.3.26] registered (path: /home/xiexuhui/miniconda3/envs/instinctlab/lib/python3.11/site-packages/isaacsim/extscache/omni.physx.supportui-107.3.26+107.3.3.lx64.r.cp311.u353)
2026-09-17T07:34:59Z [9ms] [Info] [omni.ext.plugin] [ext: omni.rtx.settings.core-0.6.5] registered (path: /home/xiexuhui/miniconda3/envs/instinctlab/lib/python3.11/site-packages/isaacsim/extscache/omni.rtx.settings.core-0.6.5+69cbf6ad)
2026-09-17T07:34:59Z [9ms] [Info] [omni.ext.plugin] [ext: omni.replicator.replicator_yaml-2.0.11] registered (path: /home/xiexuhui/miniconda3/envs/instinctlab/lib/python3.11/site-packages/isaacsim/extscache/omni.replicator.replicator_yaml-2.0.11+107.3.3.lx64)
2026-09-17T07:34:59Z [9ms] [Info] [omni.ext.plugin] [ext: omni.rtx.shadercache.vulkan-1.0.0] registered (path: /home/xiexuhui/miniconda3/envs/instinctlab/lib/python3.11/site-packages/isaacsim/extscache/omni.rtx.shadercache.vulkan-1.0.0+69cbf6ad.lx64.r)
2026-09-17T07:34:59Z [9ms] [Info] [omni.ext.plugin] [ext: omni.resourcemonitor-107.0.1] registered (path: /home/xiexuhui/miniconda3/envs/instinctlab/lib/python3.11/site-packages/isaacsim/extscache/omni.resourcemonitor-107.0.1+69cbf6ad.lx64.r.cp311)
2026-09-17T07:34:59Z [9ms] [Info] [omni.ext.plugin] [ext: omni.physx.tests.visual-107.3.26] registered (path: /home/xiexuhui/miniconda3/envs/instinctlab/lib/python3.11/site-packages/isaacsim/extscache/omni.physx.tests.visual-107.3.26+107.3.3.cp311.u353)
2026-09-17T07:34:59Z [9ms] [Info] [omni.ext.plugin] [ext: omni.scene.optimizer.bundle-107.3.12] registered (path: /home/xiexuhui/miniconda3/envs/instinctlab/lib/python3.11/site-packages/isaacsim/extscache/omni.scene.optimizer.bundle-107.3.12+107.3.0)
2026-09-17T07:34:59Z [9ms] [Info] [omni.ext.plugin] [ext: omni.physx.ui-107.3.26] registered (path: /home/xiexuhui/miniconda3/envs/instinctlab/lib/python3.11/site-packages/isaacsim/extscache/omni.physx.ui-107.3.26+107.3.3.lx64.r.cp311.u353)
2026-09-17T07:34:59Z [9ms] [Info] [omni.ext.plugin] [ext: omni.isaac.surface_gripper-2.0.6] registered (path: /home/xiexuhui/miniconda3/envs/instinctlab/lib/python3.11/site-packages/isaacsim/extsDeprecated/omni.isaac.surface_gripper)
2026-09-17T07:34:59Z [9ms] [Info] [omni.ext.plugin] [ext: omni.rtx.window.settings-0.6.19] registered (path: /home/xiexuhui/miniconda3/envs/instinctlab/lib/python3.11/site-packages/isaacsim/extscache/omni.rtx.window.settings-0.6.19+69cbf6ad.lx64.r.cp311)
2026-09-17T07:34:59Z [9ms] [Info] [omni.ext.plugin] [ext: omni.scene.optimizer.core-107.3.12] registered (path: /home/xiexuhui/miniconda3/envs/instinctlab/lib/python3.11/site-packages/isaacsim/extscache/omni.scene.optimizer.core-107.3.12+107.3.0.lx64.r.cp311.u353)
2026-09-17T07:34:59Z [9ms] [Info] [omni.ext.plugin] [ext: omni.scene.visualization.bundle-105.1.0] registered (path: /home/xiexuhui/miniconda3/envs/instinctlab/lib/python3.11/site-packages/isaacsim/extscache/omni.scene.visualization.bundle-105.1.0+107.0.3)
2026-09-17T07:34:59Z [10ms] [Info] [omni.ext.plugin] [ext: omni.scene.optimizer.ui-107.3.12] registered (path: /home/xiexuhui/miniconda3/envs/instinctlab/lib/python3.11/site-packages/isaacsim/extscache/omni.scene.optimizer.ui-107.3.12+107.3.0)
2026-09-17T07:34:59Z [10ms] [Info] [omni.ext.plugin] [ext: omni.sensors.net-1.0.0] registered (path: /home/xiexuhui/miniconda3/envs/instinctlab/lib/python3.11/site-packages/isaacsim/extscache/omni.sensors.net-1.0.0+69cbf6ad.lx64.r.cp311)
2026-09-17T07:34:59Z [10ms] [Info] [omni.ext.plugin] [ext: omni.scene.visualization.ui-107.0.1] registered (path: /home/xiexuhui/miniconda3/envs/instinctlab/lib/python3.11/site-packages/isaacsim/extscache/omni.scene.visualization.ui-107.0.1+107.0.3)
2026-09-17T07:34:59Z [10ms] [Info] [omni.ext.plugin] [ext: omni.physx.tests-107.3.26] registered (path: /home/xiexuhui/miniconda3/envs/instinctlab/lib/python3.11/site-packages/isaacsim/extscache/omni.physx.tests-107.3.26+107.3.3.cp311.u353)
2026-09-17T07:34:59Z [10ms] [Info] [omni.ext.plugin] [ext: omni.scene.visualization.core-107.0.2] registered (path: /home/xiexuhui/miniconda3/envs/instinctlab/lib/python3.11/site-packages/isaacsim/extscache/omni.scene.visualization.core-107.0.2+107.0.3.lx64.r.cp311.u353)
2026-09-17T07:34:59Z [10ms] [Info] [omni.ext.plugin] [ext: omni.sensors.nv.ids-2.0.0] registered (path: /home/xiexuhui/miniconda3/envs/instinctlab/lib/python3.11/site-packages/isaacsim/extscache/omni.sensors.nv.ids-2.0.0+69cbf6ad.lx64.r.cp311)
2026-09-17T07:34:59Z [10ms] [Info] [omni.ext.plugin] [ext: omni.sensors.nv.wpm-3.0.0] registered (path: /home/xiexuhui/miniconda3/envs/instinctlab/lib/python3.11/site-packages/isaacsim/extscache/omni.sensors.nv.wpm-3.0.0+69cbf6ad.lx64.r)
2026-09-17T07:34:59Z [10ms] [Info] [omni.ext.plugin] [ext: omni.sensors.nv.camera-1.0.0] registered (path: /home/xiexuhui/miniconda3/envs/instinctlab/lib/python3.11/site-packages/isaacsim/extscache/omni.sensors.nv.camera-1.0.0+69cbf6ad.lx64.r)
2026-09-17T07:34:59Z [10ms] [Info] [omni.ext.plugin] [ext: omni.sensors.nv.common-3.0.0] registered (path: /home/xiexuhui/miniconda3/envs/instinctlab/lib/python3.11/site-packages/isaacsim/extscache/omni.sensors.nv.common-3.0.0+69cbf6ad.lx64.r.cp311)
2026-09-17T07:34:59Z [10ms] [Info] [omni.ext.plugin] [ext: omni.sensors.nv.lidar-3.0.0] registered (path: /home/xiexuhui/miniconda3/envs/instinctlab/lib/python3.11/site-packages/isaacsim/extscache/omni.sensors.nv.lidar-3.0.0+69cbf6ad.lx64.r.cp311)
2026-09-17T07:34:59Z [10ms] [Info] [omni.ext.plugin] [ext: omni.replicator.core-1.12.27] registered (path: /home/xiexuhui/miniconda3/envs/instinctlab/lib/python3.11/site-packages/isaacsim/extscache/omni.replicator.core-1.12.27+107.3.3.lx64.r.cp311)
2026-09-17T07:34:59Z [10ms] [Info] [omni.ext.plugin] [ext: omni.isaac.sensor-13.0.7] registered (path: /home/xiexuhui/miniconda3/envs/instinctlab/lib/python3.11/site-packages/isaacsim/extsDeprecated/omni.isaac.sensor)
2026-09-17T07:34:59Z [10ms] [Info] [omni.ext.plugin] [ext: omni.services.client-0.5.3] registered (path: /home/xiexuhui/miniconda3/envs/instinctlab/lib/python3.11/site-packages/isaacsim/extscache/omni.services.client-0.5.3)
2026-09-17T07:34:59Z [10ms] [Info] [omni.ext.plugin] [ext: omni.sensors.nv.radar-3.0.0] registered (path: /home/xiexuhui/miniconda3/envs/instinctlab/lib/python3.11/site-packages/isaacsim/extscache/omni.sensors.nv.radar-3.0.0+69cbf6ad.lx64.r.cp311)
2026-09-17T07:34:59Z [10ms] [Info] [omni.ext.plugin] [ext: omni.sensors.nv.materials-2.0.0] registered (path: /home/xiexuhui/miniconda3/envs/instinctlab/lib/python3.11/site-packages/isaacsim/extscache/omni.sensors.nv.materials-2.0.0+69cbf6ad.lx64.r.cp311)
2026-09-17T07:34:59Z [10ms] [Info] [omni.ext.plugin] [ext: omni.sensors.nv.ultrasonic-3.0.0] registered (path: /home/xiexuhui/miniconda3/envs/instinctlab/lib/python3.11/site-packages/isaacsim/extscache/omni.sensors.nv.ultrasonic-3.0.0+69cbf6ad.lx64.r.cp311)
2026-09-17T07:34:59Z [10ms] [Info] [omni.ext.plugin] [ext: omni.services.facilities.monitoring.progress-0.2.4] registered (path: /home/xiexuhui/miniconda3/envs/instinctlab/lib/python3.11/site-packages/isaacsim/extscache/omni.services.facilities.monitoring.progress-0.2.4)
2026-09-17T07:34:59Z [10ms] [Info] [omni.ext.plugin] [ext: omni.services.convert.asset-508.0.2] registered (path: /home/xiexuhui/miniconda3/envs/instinctlab/lib/python3.11/site-packages/isaacsim/extscache/omni.services.convert.asset-508.0.2+107.3.1.u353)
2026-09-17T07:34:59Z [10ms] [Info] [omni.ext.plugin] [ext: omni.services.facilities.base-1.0.4] registered (path: /home/xiexuhui/miniconda3/envs/instinctlab/lib/python3.11/site-packages/isaacsim/extscache/omni.services.facilities.base-1.0.4)
2026-09-17T07:34:59Z [10ms] [Info] [omni.ext.plugin] [ext: omni.services.convert.cad-507.0.2] registered (path: /home/xiexuhui/miniconda3/envs/instinctlab/lib/python3.11/site-packages/isaacsim/extscache/omni.services.convert.cad-507.0.2+107.3.1.u353)
2026-09-17T07:34:59Z [10ms] [Info] [omni.ext.plugin] [ext: omni.services.facilities.monitoring.metrics-0.3.0] registered (path: /home/xiexuhui/miniconda3/envs/instinctlab/lib/python3.11/site-packages/isaacsim/extscache/omni.services.facilities.monitoring.metrics-0.3.0)
2026-09-17T07:34:59Z [10ms] [Info] [omni.ext.plugin] [ext: omni.services.core-1.9.0] registered (path: /home/xiexuhui/miniconda3/envs/instinctlab/lib/python3.11/site-packages/isaacsim/extscache/omni.services.core-1.9.0)
2026-09-17T07:34:59Z [10ms] [Info] [omni.ext.plugin] [ext: omni.services.pip_archive-0.16.0] registered (path: /home/xiexuhui/miniconda3/envs/instinctlab/lib/python3.11/site-packages/isaacsim/extscache/omni.services.pip_archive-0.16.0+107.0.3.lx64.cp311)
2026-09-17T07:34:59Z [10ms] [Info] [omni.ext.plugin] [ext: omni.services.livestream.nvcf-7.2.0] registered (path: /home/xiexuhui/miniconda3/envs/instinctlab/lib/python3.11/site-packages/isaacsim/extscache/omni.services.livestream.nvcf-7.2.0+107.0.3)
2026-09-17T07:34:59Z [10ms] [Info] [omni.ext.plugin] [ext: omni.isaac.scene_blox-1.0.6] registered (path: /home/xiexuhui/miniconda3/envs/instinctlab/lib/python3.11/site-packages/isaacsim/extsDeprecated/omni.isaac.scene_blox)
2026-09-17T07:34:59Z [10ms] [Info] [omni.ext.plugin] [ext: omni.services.transport.client.base-1.2.4] registered (path: /home/xiexuhui/miniconda3/envs/instinctlab/lib/python3.11/site-packages/isaacsim/extscache/omni.services.transport.client.base-1.2.4)
2026-09-17T07:34:59Z [10ms] [Info] [omni.ext.plugin] [ext: omni.services.starfleet.auth-0.1.5] registered (path: /home/xiexuhui/miniconda3/envs/instinctlab/lib/python3.11/site-packages/isaacsim/extscache/omni.services.starfleet.auth-0.1.5)
2026-09-17T07:34:59Z [10ms] [Info] [omni.ext.plugin] [ext: omni.services.transport.server.zeroconf-1.0.9] registered (path: /home/xiexuhui/miniconda3/envs/instinctlab/lib/python3.11/site-packages/isaacsim/extscache/omni.services.transport.server.zeroconf-1.0.9)
2026-09-17T07:34:59Z [10ms] [Info] [omni.ext.plugin] [ext: omni.services.transport.server.base-1.1.1] registered (path: /home/xiexuhui/miniconda3/envs/instinctlab/lib/python3.11/site-packages/isaacsim/extscache/omni.services.transport.server.base-1.1.1)
2026-09-17T07:34:59Z [10ms] [Info] [omni.ext.plugin] [ext: omni.services.usd-1.1.0] registered (path: /home/xiexuhui/miniconda3/envs/instinctlab/lib/python3.11/site-packages/isaacsim/extscache/omni.services.usd-1.1.0)
2026-09-17T07:34:59Z [10ms] [Info] [omni.ext.plugin] [ext: omni.services.transport.client.http_async-1.4.0] registered (path: /home/xiexuhui/miniconda3/envs/instinctlab/lib/python3.11/site-packages/isaacsim/extscache/omni.services.transport.client.http_async-1.4.0)
2026-09-17T07:34:59Z [10ms] [Info] [omni.ext.plugin] [ext: omni.stats-1.0.1] registered (path: /home/xiexuhui/miniconda3/envs/instinctlab/lib/python3.11/site-packages/isaacsim/extscache/omni.stats-1.0.1+69cbf6ad.lx64.r.cp311)
2026-09-17T07:34:59Z [10ms] [Info] [omni.ext.plugin] [ext: omni.timeline-1.0.14] registered (path: /home/xiexuhui/miniconda3/envs/instinctlab/lib/python3.11/site-packages/isaacsim/extscache/omni.timeline-1.0.14+69cbf6ad.lx64.r.cp311)
2026-09-17T07:34:59Z [10ms] [Info] [omni.ext.plugin] [ext: omni.services.transport.server.http-1.3.1] registered (path: /home/xiexuhui/miniconda3/envs/instinctlab/lib/python3.11/site-packages/isaacsim/extscache/omni.services.transport.server.http-1.3.1)
2026-09-17T07:34:59Z [10ms] [Info] [omni.ext.plugin] [ext: omni.ujitso.client-0.0.0] registered (path: /home/xiexuhui/miniconda3/envs/instinctlab/lib/python3.11/site-packages/isaacsim/extscache/omni.ujitso.client-0.0.0+69cbf6ad.lx64.r)
2026-09-17T07:34:59Z [10ms] [Info] [omni.ext.plugin] [ext: omni.timeline.live_session-1.1.0] registered (path: /home/xiexuhui/miniconda3/envs/instinctlab/lib/python3.11/site-packages/isaacsim/extscache/omni.timeline.live_session-1.1.0+69cbf6ad)
2026-09-17T07:34:59Z [10ms] [Info] [omni.ext.plugin] [ext: omni.uiaudio-1.0.0] registered (path: /home/xiexuhui/miniconda3/envs/instinctlab/lib/python3.11/site-packages/isaacsim/extscache/omni.uiaudio-1.0.0+69cbf6ad.lx64.r.cp311)
2026-09-17T07:34:59Z [10ms] [Info] [omni.ext.plugin] [ext: omni.simready.explorer-1.1.3] registered (path: /home/xiexuhui/miniconda3/envs/instinctlab/lib/python3.11/site-packages/isaacsim/extscache/omni.simready.explorer-1.1.3)
2026-09-17T07:34:59Z [10ms] [Info] [omni.ext.plugin] [ext: omni.tools.array-107.0.0] registered (path: /home/xiexuhui/miniconda3/envs/instinctlab/lib/python3.11/site-packages/isaacsim/extscache/omni.tools.array-107.0.0)
2026-09-17T07:34:59Z [10ms] [Info] [omni.ext.plugin] [ext: omni.ui_query-1.1.8] registered (path: /home/xiexuhui/miniconda3/envs/instinctlab/lib/python3.11/site-packages/isaacsim/extscache/omni.ui_query-1.1.8+69cbf6ad)
2026-09-17T07:34:59Z [10ms] [Info] [omni.ext.plugin] [ext: omni.isaac.ros2_bridge.robot_description-1.1.5] registered (path: /home/xiexuhui/miniconda3/envs/instinctlab/lib/python3.11/site-packages/isaacsim/extsDeprecated/omni.isaac.ros2_bridge.robot_description)
2026-09-17T07:34:59Z [10ms] [Info] [omni.ext.plugin] [ext: omni.ui.scene-1.11.5] registered (path: /home/xiexuhui/miniconda3/envs/instinctlab/lib/python3.11/site-packages/isaacsim/extscache/omni.ui.scene-1.11.5+69cbf6ad.lx64.r.cp311)
2026-09-17T07:34:59Z [10ms] [Info] [omni.ext.plugin] [ext: omni.usd.config-1.0.6] registered (path: /home/xiexuhui/miniconda3/envs/instinctlab/lib/python3.11/site-packages/isaacsim/extscache/omni.usd.config-1.0.6+69cbf6ad)
2026-09-17T07:34:59Z [10ms] [Info] [omni.ext.plugin] [ext: omni.ujitso.default-1.0.0] registered (path: /home/xiexuhui/miniconda3/envs/instinctlab/lib/python3.11/site-packages/isaacsim/extscache/omni.ujitso.default-1.0.0+69cbf6ad.lx64.r.cp311)
2026-09-17T07:34:59Z [10ms] [Info] [omni.ext.plugin] [ext: omni.usd.metrics.assembler-107.3.1] registered (path: /home/xiexuhui/miniconda3/envs/instinctlab/lib/python3.11/site-packages/isaacsim/extscache/omni.usd.metrics.assembler-107.3.1+107.3.0.lx64.r.cp311.u353)
2026-09-17T07:34:59Z [10ms] [Info] [omni.ext.plugin] [ext: omni.usd.fileformat.e57-1.4.3] registered (path: /home/xiexuhui/miniconda3/envs/instinctlab/lib/python3.11/site-packages/isaacsim/extscache/omni.usd.fileformat.e57-1.4.3+107.3.0.lx64.r.cp311.u353)
2026-09-17T07:34:59Z [10ms] [Info] [omni.ext.plugin] [ext: omni.usd.core-1.5.3] registered (path: /home/xiexuhui/miniconda3/envs/instinctlab/lib/python3.11/site-packages/isaacsim/extscache/omni.usd.core-1.5.3+69cbf6ad.lx64.r)
2026-09-17T07:34:59Z [10ms] [Info] [omni.ext.plugin] [ext: omni.syntheticdata-0.6.13] registered (path: /home/xiexuhui/miniconda3/envs/instinctlab/lib/python3.11/site-packages/isaacsim/extscache/omni.syntheticdata-0.6.13+69cbf6ad.lx64.r.cp311)
2026-09-17T07:34:59Z [10ms] [Info] [omni.ext.plugin] [ext: omni.usd.fileformat.pts-107.1.1] registered (path: /home/xiexuhui/miniconda3/envs/instinctlab/lib/python3.11/site-packages/isaacsim/extscache/omni.usd.fileformat.pts-107.1.1+107.3.0.lx64.r.cp311.u353)
2026-09-17T07:34:59Z [10ms] [Info] [omni.ext.plugin] [ext: omni.usd.metrics.assembler.ui-107.3.1] registered (path: /home/xiexuhui/miniconda3/envs/instinctlab/lib/python3.11/site-packages/isaacsim/extscache/omni.usd.metrics.assembler.ui-107.3.1+107.3.0.cp311.u353)
2026-09-17T07:34:59Z [10ms] [Info] [omni.ext.plugin] [ext: omni.usd.metrics.assembler.physics-107.3.26] registered (path: /home/xiexuhui/miniconda3/envs/instinctlab/lib/python3.11/site-packages/isaacsim/extscache/omni.usd.metrics.assembler.physics-107.3.26+107.3.3.cp311.u353)
2026-09-17T07:34:59Z [10ms] [Info] [omni.ext.plugin] [ext: omni.usd.schema.audio-0.0.0] registered (path: /home/xiexuhui/miniconda3/envs/instinctlab/lib/python3.11/site-packages/isaacsim/extscache/omni.usd.schema.audio-0.0.0+69cbf6ad.lx64.r.cp311)
2026-09-17T07:34:59Z [10ms] [Info] [omni.ext.plugin] [ext: omni.usd.schema.flow-107.1.1] registered (path: /home/xiexuhui/miniconda3/envs/instinctlab/lib/python3.11/site-packages/isaacsim/extscache/omni.usd.schema.flow-107.1.1+107.1.0.u353)
2026-09-17T07:34:59Z [10ms] [Info] [omni.ext.plugin] [ext: omni.ui-2.27.1] registered (path: /home/xiexuhui/miniconda3/envs/instinctlab/lib/python3.11/site-packages/isaacsim/extscache/omni.ui-2.27.1+69cbf6ad.lx64.r.cp311)
2026-09-17T07:34:59Z [10ms] [Info] [omni.ext.plugin] [ext: omni.isaac.ros2_bridge-3.0.8] registered (path: /home/xiexuhui/miniconda3/envs/instinctlab/lib/python3.11/site-packages/isaacsim/extsDeprecated/omni.isaac.ros2_bridge)
2026-09-17T07:34:59Z [10ms] [Info] [omni.ext.plugin] [ext: omni.usd.schema.anim-0.0.0] registered (path: /home/xiexuhui/miniconda3/envs/instinctlab/lib/python3.11/site-packages/isaacsim/extscache/omni.usd.schema.anim-0.0.0+69cbf6ad.lx64.r.cp311)
2026-09-17T07:34:59Z [10ms] [Info] [omni.ext.plugin] [ext: omni.usd.schema.omni_sensors-0.0.0] registered (path: /home/xiexuhui/miniconda3/envs/instinctlab/lib/python3.11/site-packages/isaacsim/extscache/omni.usd.schema.omni_sensors-0.0.0+69cbf6ad)
2026-09-17T07:34:59Z [10ms] [Info] [omni.ext.plugin] [ext: omni.usd.schema.omni_lens_distortion-0.0.0] registered (path: /home/xiexuhui/miniconda3/envs/instinctlab/lib/python3.11/site-packages/isaacsim/extscache/omni.usd.schema.omni_lens_distortion-0.0.0+69cbf6ad)
2026-09-17T07:34:59Z [11ms] [Info] [omni.ext.plugin] [ext: omni.usd.schema.metrics.assembler-107.3.1] registered (path: /home/xiexuhui/miniconda3/envs/instinctlab/lib/python3.11/site-packages/isaacsim/extscache/omni.usd.schema.metrics.assembler-107.3.1+107.3.0.lx64.r.cp311.u353)
2026-09-17T07:34:59Z [11ms] [Info] [omni.ext.plugin] [ext: omni.usd.schema.omnigraph-1.0.0] registered (path: /home/xiexuhui/miniconda3/envs/instinctlab/lib/python3.11/site-packages/isaacsim/extscache/omni.usd.schema.omnigraph-1.0.0+69cbf6ad.lx64.r.cp311)
2026-09-17T07:34:59Z [11ms] [Info] [omni.ext.plugin] [ext: omni.usd.schema.geospatial-0.0.0] registered (path: /home/xiexuhui/miniconda3/envs/instinctlab/lib/python3.11/site-packages/isaacsim/extscache/omni.usd.schema.geospatial-0.0.0+69cbf6ad.lx64.r.cp311)
2026-09-17T07:34:59Z [11ms] [Info] [omni.ext.plugin] [ext: omni.usd.schema.physx-107.3.26] registered (path: /home/xiexuhui/miniconda3/envs/instinctlab/lib/python3.11/site-packages/isaacsim/extscache/omni.usd.schema.physx-107.3.26+107.3.3.lx64.r.cp311.u353)
2026-09-17T07:34:59Z [11ms] [Info] [omni.ext.plugin] [ext: omni.usd-1.13.10] registered (path: /home/xiexuhui/miniconda3/envs/instinctlab/lib/python3.11/site-packages/isaacsim/extscache/omni.usd-1.13.10+69cbf6ad.lx64.r.cp311)
2026-09-17T07:34:59Z [11ms] [Info] [omni.ext.plugin] [ext: omni.isaac.robot_description_editor-3.0.5] registered (path: /home/xiexuhui/miniconda3/envs/instinctlab/lib/python3.11/site-packages/isaacsim/extsDeprecated/omni.isaac.robot_description_editor)
2026-09-17T07:34:59Z [11ms] [Info] [omni.ext.plugin] [ext: omni.usd.schema.omniscripting-1.0.0] registered (path: /home/xiexuhui/miniconda3/envs/instinctlab/lib/python3.11/site-packages/isaacsim/extscache/omni.usd.schema.omniscripting-1.0.0+69cbf6ad.lx64.r.cp311)
2026-09-17T07:34:59Z [11ms] [Info] [omni.ext.plugin] [ext: omni.usd.schema.sequence-3.0.1] registered (path: /home/xiexuhui/miniconda3/envs/instinctlab/lib/python3.11/site-packages/isaacsim/extscache/omni.usd.schema.sequence-3.0.1+107.2.0.lx64.r.cp311.u353)
2026-09-17T07:34:59Z [11ms] [Info] [omni.ext.plugin] [ext: omni.usd.schema.semantics-0.0.0] registered (path: /home/xiexuhui/miniconda3/envs/instinctlab/lib/python3.11/site-packages/isaacsim/extscache/omni.usd.schema.semantics-0.0.0+69cbf6ad.lx64.r.cp311)
2026-09-17T07:34:59Z [11ms] [Info] [omni.ext.plugin] [ext: omni.usd_resolver-1.0.0] registered (path: /home/xiexuhui/miniconda3/envs/instinctlab/lib/python3.11/site-packages/isaacsim/extscache/omni.usd_resolver-1.0.0+69cbf6ad.lx64.r.cp311)
2026-09-17T07:34:59Z [11ms] [Info] [omni.ext.plugin] [ext: omni.vdb_timesample_editor-0.2.0] registered (path: /home/xiexuhui/miniconda3/envs/instinctlab/lib/python3.11/site-packages/isaacsim/extscache/omni.vdb_timesample_editor-0.2.0)
2026-09-17T07:34:59Z [11ms] [Info] [omni.ext.plugin] [ext: omni.usd.schema.scene.visualization-2.0.2] registered (path: /home/xiexuhui/miniconda3/envs/instinctlab/lib/python3.11/site-packages/isaacsim/extscache/omni.usd.schema.scene.visualization-2.0.2+107.0.3)
2026-09-17T07:34:59Z [11ms] [Info] [omni.ext.plugin] [ext: omni.usdphysics-107.3.26] registered (path: /home/xiexuhui/miniconda3/envs/instinctlab/lib/python3.11/site-packages/isaacsim/extscache/omni.usdphysics-107.3.26+107.3.3.lx64.r.cp311.u353)
2026-09-17T07:34:59Z [11ms] [Info] [omni.ext.plugin] [ext: omni.usd.schema.render_settings.rtx-0.0.0] registered (path: /home/xiexuhui/miniconda3/envs/instinctlab/lib/python3.11/site-packages/isaacsim/extscache/omni.usd.schema.render_settings.rtx-0.0.0+69cbf6ad)
2026-09-17T07:34:59Z [11ms] [Info] [omni.ext.plugin] [ext: omni.usdex.libs-1.2.2] registered (path: /home/xiexuhui/miniconda3/envs/instinctlab/lib/python3.11/site-packages/isaacsim/extscache/omni.usdex.libs-1.2.2+107.3.1.lx64.r.cp311.u353)
2026-09-17T07:34:59Z [11ms] [Info] [omni.ext.plugin] [ext: omni.volume-0.5.2] registered (path: /home/xiexuhui/miniconda3/envs/instinctlab/lib/python3.11/site-packages/isaacsim/extscache/omni.volume-0.5.2+69cbf6ad.lx64.r.cp311)
2026-09-17T07:34:59Z [11ms] [Info] [omni.ext.plugin] [ext: omni.warehouse_creator-0.4.4] registered (path: /home/xiexuhui/miniconda3/envs/instinctlab/lib/python3.11/site-packages/isaacsim/extscache/omni.warehouse_creator-0.4.4)
2026-09-17T07:34:59Z [11ms] [Info] [omni.ext.plugin] [ext: isaacsim.replicator.scene_blox-1.0.8] registered (path: /home/xiexuhui/miniconda3/envs/instinctlab/lib/python3.11/site-packages/isaacsim/extsDeprecated/isaacsim.replicator.scene_blox)
2026-09-17T07:34:59Z [11ms] [Info] [omni.ext.plugin] [ext: omni.exporter.urdf-1.0.9] registered (path: /home/xiexuhui/miniconda3/envs/instinctlab/lib/python3.11/site-packages/isaacsim/extsDeprecated/omni.exporter.urdf)
2026-09-17T07:34:59Z [11ms] [Info] [omni.ext.plugin] [ext: omni.usdphysics.ui-107.3.26] registered (path: /home/xiexuhui/miniconda3/envs/instinctlab/lib/python3.11/site-packages/isaacsim/extscache/omni.usdphysics.ui-107.3.26+107.3.3.lx64.r.cp311.u353)
2026-09-17T07:34:59Z [11ms] [Info] [omni.ext.plugin] [ext: omni.usd.libs-1.0.1] registered (path: /home/xiexuhui/miniconda3/envs/instinctlab/lib/python3.11/site-packages/isaacsim/extscache/omni.usd.libs-1.0.1+69cbf6ad.lx64.r.cp311)
2026-09-17T07:34:59Z [11ms] [Info] [omni.ext.plugin] [ext: omni.videoencoding-0.1.2] registered (path: /home/xiexuhui/miniconda3/envs/instinctlab/lib/python3.11/site-packages/isaacsim/extscache/omni.videoencoding-0.1.2+69cbf6ad.lx64.r.cp311)
2026-09-17T07:34:59Z [11ms] [Info] [omni.ext.plugin] [ext: omni.isaac.app.selector-3.0.7] registered (path: /home/xiexuhui/miniconda3/envs/instinctlab/lib/python3.11/site-packages/isaacsim/extsDeprecated/omni.isaac.app.selector)
2026-09-17T07:34:59Z [11ms] [Info] [omni.ext.plugin] [ext: semantics.schema.property-2.0.1] registered (path: /home/xiexuhui/miniconda3/envs/instinctlab/lib/python3.11/site-packages/isaacsim/extscache/semantics.schema.property-2.0.1)
2026-09-17T07:34:59Z [11ms] [Info] [omni.ext.plugin] [ext: omni.isaac.benchmark.services-2.0.7] registered (path: /home/xiexuhui/miniconda3/envs/instinctlab/lib/python3.11/site-packages/isaacsim/extsDeprecated/omni.isaac.benchmark.services)
2026-09-17T07:34:59Z [11ms] [Info] [omni.ext.plugin] [ext: omni.warp-1.8.2] registered (path: /home/xiexuhui/miniconda3/envs/instinctlab/lib/python3.11/site-packages/isaacsim/extscache/omni.warp-1.8.2)
2026-09-17T07:34:59Z [11ms] [Info] [omni.ext.plugin] [ext: omni.isaac.robot_assembler-2.0.8] registered (path: /home/xiexuhui/miniconda3/envs/instinctlab/lib/python3.11/site-packages/isaacsim/extsDeprecated/omni.isaac.robot_assembler)
2026-09-17T07:34:59Z [11ms] [Info] [omni.ext.plugin] [ext: omni.isaac.articulation_inspector-0.1.16] registered (path: /home/xiexuhui/miniconda3/envs/instinctlab/lib/python3.11/site-packages/isaacsim/extsDeprecated/omni.isaac.articulation_inspector)
2026-09-17T07:34:59Z [11ms] [Info] [omni.ext.plugin] [ext: semantics.schema.editor-2.0.2] registered (path: /home/xiexuhui/miniconda3/envs/instinctlab/lib/python3.11/site-packages/isaacsim/extscache/semantics.schema.editor-2.0.2)
2026-09-17T07:34:59Z [11ms] [Info] [omni.ext.plugin] [ext: omni.warp.core-1.8.2] registered (path: /home/xiexuhui/miniconda3/envs/instinctlab/lib/python3.11/site-packages/isaacsim/extscache/omni.warp.core-1.8.2+lx64)
2026-09-17T07:34:59Z [11ms] [Info] [omni.ext.plugin] [ext: omni.isaac.asset_browser-1.0.6] registered (path: /home/xiexuhui/miniconda3/envs/instinctlab/lib/python3.11/site-packages/isaacsim/extsDeprecated/omni.isaac.asset_browser)
2026-09-17T07:34:59Z [11ms] [Info] [omni.ext.plugin] [ext: omni.isaac.assets_check-0.3.13] registered (path: /home/xiexuhui/miniconda3/envs/instinctlab/lib/python3.11/site-packages/isaacsim/extsDeprecated/omni.isaac.assets_check)
2026-09-17T07:34:59Z [11ms] [Info] [omni.ext.plugin] [ext: omni.isaac.app.setup-1.0.6] registered (path: /home/xiexuhui/miniconda3/envs/instinctlab/lib/python3.11/site-packages/isaacsim/extsDeprecated/omni.isaac.app.setup)
2026-09-17T07:34:59Z [11ms] [Info] [omni.ext.plugin] [ext: omni.isaac.cloner-1.0.7] registered (path: /home/xiexuhui/miniconda3/envs/instinctlab/lib/python3.11/site-packages/isaacsim/extsDeprecated/omni.isaac.cloner)
2026-09-17T07:34:59Z [11ms] [Info] [omni.ext.plugin] [ext: omni.isaac.camera_inspector-1.0.6] registered (path: /home/xiexuhui/miniconda3/envs/instinctlab/lib/python3.11/site-packages/isaacsim/extsDeprecated/omni.isaac.camera_inspector)
2026-09-17T07:34:59Z [11ms] [Info] [omni.ext.plugin] [ext: omni.isaac.block_world-2.0.6] registered (path: /home/xiexuhui/miniconda3/envs/instinctlab/lib/python3.11/site-packages/isaacsim/extsDeprecated/omni.isaac.block_world)
2026-09-17T07:34:59Z [11ms] [Info] [omni.ext.plugin] [ext: omni.isaac.benchmarks-1.0.6] registered (path: /home/xiexuhui/miniconda3/envs/instinctlab/lib/python3.11/site-packages/isaacsim/extsDeprecated/omni.isaac.benchmarks)
2026-09-17T07:34:59Z [11ms] [Info] [omni.ext.plugin] [ext: omni.isaac.conveyor.ui-2.0.9] registered (path: /home/xiexuhui/miniconda3/envs/instinctlab/lib/python3.11/site-packages/isaacsim/extsDeprecated/omni.isaac.conveyor.ui)
2026-09-17T07:34:59Z [11ms] [Info] [omni.ext.plugin] [ext: usdrt.scenegraph-7.6.1] registered (path: /home/xiexuhui/miniconda3/envs/instinctlab/lib/python3.11/site-packages/isaacsim/extscache/usdrt.scenegraph-7.6.1+69cbf6ad.lx64.r.cp311)
2026-09-17T07:34:59Z [11ms] [Info] [omni.ext.plugin] [ext: omni.isaac.conveyor-1.0.11] registered (path: /home/xiexuhui/miniconda3/envs/instinctlab/lib/python3.11/site-packages/isaacsim/extsDeprecated/omni.isaac.conveyor)
2026-09-17T07:34:59Z [11ms] [Info] [omni.ext.plugin] [ext: omni.isaac.debug_draw-2.1.7] registered (path: /home/xiexuhui/miniconda3/envs/instinctlab/lib/python3.11/site-packages/isaacsim/extsDeprecated/omni.isaac.debug_draw)
2026-09-17T07:34:59Z [11ms] [Info] [omni.ext.plugin] [ext: omni.isaac.core_nodes-2.0.6] registered (path: /home/xiexuhui/miniconda3/envs/instinctlab/lib/python3.11/site-packages/isaacsim/extsDeprecated/omni.isaac.core_nodes)
2026-09-17T07:34:59Z [11ms] [Info] [omni.ext.plugin] [ext: omni.isaac.examples_nodes-1.0.5] registered (path: /home/xiexuhui/miniconda3/envs/instinctlab/lib/python3.11/site-packages/isaacsim/extsDeprecated/omni.isaac.examples_nodes)
2026-09-17T07:34:59Z [11ms] [Info] [omni.ext.plugin] [ext: omni.isaac.cortex.sample_behaviors-2.0.5] registered (path: /home/xiexuhui/miniconda3/envs/instinctlab/lib/python3.11/site-packages/isaacsim/extsDeprecated/omni.isaac.cortex.sample_behaviors)
2026-09-17T07:34:59Z [11ms] [Info] [omni.ext.plugin] [ext: omni.isaac.examples-4.0.7] registered (path: /home/xiexuhui/miniconda3/envs/instinctlab/lib/python3.11/site-packages/isaacsim/extsDeprecated/omni.isaac.examples)
2026-09-17T07:34:59Z [11ms] [Info] [omni.ext.plugin] [ext: omni.isaac.core-4.0.7] registered (path: /home/xiexuhui/miniconda3/envs/instinctlab/lib/python3.11/site-packages/isaacsim/extsDeprecated/omni.isaac.core)
2026-09-17T07:34:59Z [11ms] [Info] [omni.ext.plugin] [ext: omni.isaac.doctest-1.0.7] registered (path: /home/xiexuhui/miniconda3/envs/instinctlab/lib/python3.11/site-packages/isaacsim/extsDeprecated/omni.isaac.doctest)
2026-09-17T07:34:59Z [11ms] [Info] [omni.ext.plugin] [ext: omni.isaac.cortex-1.0.5] registered (path: /home/xiexuhui/miniconda3/envs/instinctlab/lib/python3.11/site-packages/isaacsim/extsDeprecated/omni.isaac.cortex)
2026-09-17T07:34:59Z [11ms] [Info] [omni.ext.plugin] [ext: omni.isaac.extension_templates-2.0.7] registered (path: /home/xiexuhui/miniconda3/envs/instinctlab/lib/python3.11/site-packages/isaacsim/extsDeprecated/omni.isaac.extension_templates)
2026-09-17T07:34:59Z [11ms] [Info] [omni.ext.plugin] [ext: omni.isaac.range_sensor.ui-2.0.5] registered (path: /home/xiexuhui/miniconda3/envs/instinctlab/lib/python3.11/site-packages/isaacsim/extsDeprecated/omni.isaac.range_sensor.ui)
2026-09-17T07:34:59Z [11ms] [Info] [omni.ext.plugin] [ext: omni.isaac.grasp_editor-2.0.7] registered (path: /home/xiexuhui/miniconda3/envs/instinctlab/lib/python3.11/site-packages/isaacsim/extsDeprecated/omni.isaac.grasp_editor)
2026-09-17T07:34:59Z [11ms] [Info] [omni.ext.plugin] [ext: omni.isaac.dynamic_control-2.0.7] registered (path: /home/xiexuhui/miniconda3/envs/instinctlab/lib/python3.11/site-packages/isaacsim/extsDeprecated/omni.isaac.dynamic_control)
2026-09-17T07:34:59Z [11ms] [Info] [omni.ext.plugin] [ext: omni.isaac.gain_tuner-2.0.5] registered (path: /home/xiexuhui/miniconda3/envs/instinctlab/lib/python3.11/site-packages/isaacsim/extsDeprecated/omni.isaac.gain_tuner)
2026-09-17T07:34:59Z [11ms] [Info] [omni.ext.plugin] [ext: omni.isaac.kit-2.0.6] registered (path: /home/xiexuhui/miniconda3/envs/instinctlab/lib/python3.11/site-packages/isaacsim/extsDeprecated/omni.isaac.kit)
2026-09-17T07:34:59Z [11ms] [Info] [omni.ext.plugin] [ext: omni.isaac.franka-1.0.7] registered (path: /home/xiexuhui/miniconda3/envs/instinctlab/lib/python3.11/site-packages/isaacsim/extsDeprecated/omni.isaac.franka)
2026-09-17T07:34:59Z [11ms] [Info] [omni.ext.plugin] [ext: omni.isaac.jupyter_notebook-1.0.8] registered (path: /home/xiexuhui/miniconda3/envs/instinctlab/lib/python3.11/site-packages/isaacsim/extsDeprecated/omni.isaac.jupyter_notebook)
2026-09-17T07:34:59Z [11ms] [Info] [omni.ext.plugin] [ext: omni.isaac.lula_test_widget-1.0.6] registered (path: /home/xiexuhui/miniconda3/envs/instinctlab/lib/python3.11/site-packages/isaacsim/extsDeprecated/omni.isaac.lula_test_widget)
2026-09-17T07:34:59Z [11ms] [Info] [omni.ext.plugin] [ext: omni.isaac.lula-4.0.6] registered (path: /home/xiexuhui/miniconda3/envs/instinctlab/lib/python3.11/site-packages/isaacsim/extsDeprecated/omni.isaac.lula)
2026-09-17T07:34:59Z [11ms] [Info] [omni.ext.plugin] [ext: omni.isaac.merge_mesh-2.0.8] registered (path: /home/xiexuhui/miniconda3/envs/instinctlab/lib/python3.11/site-packages/isaacsim/extsDeprecated/omni.isaac.merge_mesh)
2026-09-17T07:34:59Z [11ms] [Info] [omni.ext.plugin] [ext: omni.isaac.nucleus-1.0.6] registered (path: /home/xiexuhui/miniconda3/envs/instinctlab/lib/python3.11/site-packages/isaacsim/extsDeprecated/omni.isaac.nucleus)
2026-09-17T07:34:59Z [11ms] [Info] [omni.ext.plugin] [ext: omni.isaac.menu-1.0.6] registered (path: /home/xiexuhui/miniconda3/envs/instinctlab/lib/python3.11/site-packages/isaacsim/extsDeprecated/omni.isaac.menu)
2026-09-17T07:34:59Z [11ms] [Info] [omni.ext.plugin] [ext: omni.isaac.manipulators.ui-2.0.5] registered (path: /home/xiexuhui/miniconda3/envs/instinctlab/lib/python3.11/site-packages/isaacsim/extsDeprecated/omni.isaac.manipulators.ui)
2026-09-17T07:34:59Z [11ms] [Info] [omni.ext.plugin] [ext: omni.isaac.manipulators-3.0.7] registered (path: /home/xiexuhui/miniconda3/envs/instinctlab/lib/python3.11/site-packages/isaacsim/extsDeprecated/omni.isaac.manipulators)
2026-09-17T07:34:59Z [11ms] [Info] [omni.ext.plugin] [ext: omni.isaac.physics_inspector-0.1.11] registered (path: /home/xiexuhui/miniconda3/envs/instinctlab/lib/python3.11/site-packages/isaacsim/extsDeprecated/omni.isaac.physics_inspector)
2026-09-17T07:34:59Z [11ms] [Info] [omni.ext.plugin] [ext: omni.isaac.occupancy_map-2.0.8] registered (path: /home/xiexuhui/miniconda3/envs/instinctlab/lib/python3.11/site-packages/isaacsim/extsDeprecated/omni.isaac.occupancy_map)
2026-09-17T07:34:59Z [11ms] [Info] [omni.ext.plugin] [ext: omni.isaac.proximity_sensor-2.0.7] registered (path: /home/xiexuhui/miniconda3/envs/instinctlab/lib/python3.11/site-packages/isaacsim/extsDeprecated/omni.isaac.proximity_sensor)
2026-09-17T07:34:59Z [11ms] [Info] [omni.ext.plugin] [ext: omni.isaac.motion_generation-8.0.7] registered (path: /home/xiexuhui/miniconda3/envs/instinctlab/lib/python3.11/site-packages/isaacsim/extsDeprecated/omni.isaac.motion_generation)
2026-09-17T07:34:59Z [11ms] [Info] [omni.ext.plugin] [ext: omni.isaac.occupancy_map.ui-2.0.8] registered (path: /home/xiexuhui/miniconda3/envs/instinctlab/lib/python3.11/site-packages/isaacsim/extsDeprecated/omni.isaac.occupancy_map.ui)
2026-09-17T07:34:59Z [11ms] [Info] [omni.ext.plugin] [ext: omni.isaac.range_sensor.examples-2.0.6] registered (path: /home/xiexuhui/miniconda3/envs/instinctlab/lib/python3.11/site-packages/isaacsim/extsDeprecated/omni.isaac.range_sensor.examples)
2026-09-17T07:34:59Z [11ms] [Info] [omni.ext.plugin] [ext: omni.isaac.physics_utilities-1.0.5] registered (path: /home/xiexuhui/miniconda3/envs/instinctlab/lib/python3.11/site-packages/isaacsim/extsDeprecated/omni.isaac.physics_utilities)
2026-09-17T07:34:59Z [11ms] [Info] [omni.ext.plugin] [ext: omni.isaac.range_sensor-4.0.6] registered (path: /home/xiexuhui/miniconda3/envs/instinctlab/lib/python3.11/site-packages/isaacsim/extsDeprecated/omni.isaac.range_sensor)
2026-09-17T07:34:59Z [11ms] [Info] [omni.ext.plugin] [ext: omni.isaac.quadruped-3.0.7] registered (path: /home/xiexuhui/miniconda3/envs/instinctlab/lib/python3.11/site-packages/isaacsim/extsDeprecated/omni.isaac.quadruped)
2026-09-17T07:34:59Z [12ms] [Info] [carb] Initializing plugin: carb.scripting-python.plugin (interfaces: [carb::scripting::IScripting v1.0]) (impl: carb.scripting-python.plugin)
2026-09-17T07:34:59Z [12ms] [Info] [carb] Initializing plugin: carb.variant.plugin (interfaces: [carb::variant::IVariant v0.1]) (impl: carb.variant.plugin)
2026-09-17T07:34:59Z [12ms] [Info] [omni.kit.app._impl] python GC: gc.disable()
2026-09-17T07:34:59Z [13ms] [Info] [omni.ext.plugin] [ext manager] preferLocalVersions: 1
2026-09-17T07:34:59Z [13ms] [Info] [omni.ext.plugin] Processing exts enabling request: 'isaaclab.python.headless-2.3.2'
2026-09-17T07:34:59Z [15ms] [Info] [omni.ext.plugin] Extensions dependency solver solution:
[ext: isaaclab.python.headless-2.3.2] deps:
 -> 'isaaclab' = { version='^' } selected: [isaaclab-0.54.4]
 -> 'isaaclab_assets' = { version='^' } selected: [isaaclab_assets-0.2.4]
 -> 'isaaclab_mimic' = { version='^' } selected: [isaaclab_mimic-1.0.16]
 -> 'isaaclab_rl' = { version='^' } selected: [isaaclab_rl-0.5.1]
 -> 'isaaclab_tasks' = { version='^' } selected: [isaaclab_tasks-0.11.16]
 -> 'isaacsim.core.api' = { version='^' } selected: [isaacsim.core.api-4.8.0]
 -> 'isaacsim.core.cloner' = { version='^' } selected: [isaacsim.core.cloner-1.4.10]
 -> 'isaacsim.core.utils' = { version='^' } selected: [isaacsim.core.utils-3.5.1]
 -> 'isaacsim.core.version' = { version='^' } selected: [isaacsim.core.version-2.0.6]
 -> 'isaacsim.simulation_app' = { version='^' } selected: [isaacsim.simulation_app-2.12.2]
 -> 'omni.kit.loop' = { version='^' } selected: [omni.kit.loop-isaac-1.3.7]
 -> 'omni.kit.telemetry' = { version='^' } selected: [omni.kit.telemetry-0.5.2]
 -> 'omni.kit.usd.mdl' = { version='^' } selected: [omni.kit.usd.mdl-1.1.5]
 -> 'omni.physx' = { version='^' } selected: [omni.physx-107.3.26]
 -> 'omni.physx.fabric' = { version='^' } selected: [omni.physx.fabric-107.3.26]
 -> 'omni.physx.tensors' = { version='^' } selected: [omni.physx.tensors-107.3.26]
 -> 'omni.usd.metrics.assembler.ui' = { version='^' } selected: [omni.usd.metrics.assembler.ui-107.3.1]
 -> 'omni.warp.core' = { version='^' } selected: [omni.warp.core-1.8.2]
 -> 'usdrt.scenegraph' = { version='^' } selected: [usdrt.scenegraph-7.6.1]
[ext: isaaclab_mimic-1.0.16] deps:
 -> 'isaaclab' = { version='^' } selected: [isaaclab-0.54.4]
 -> 'isaaclab_assets' = { version='^' } selected: [isaaclab_assets-0.2.4]
 -> 'isaaclab_tasks' = { version='^' } selected: [isaaclab_tasks-0.11.16]
[ext: isaaclab_rl-0.5.1] deps:
 -> 'isaaclab' = { version='^' } selected: [isaaclab-0.54.4]
 -> 'isaaclab_assets' = { version='^' } selected: [isaaclab_assets-0.2.4]
 -> 'isaaclab_tasks' = { version='^' } selected: [isaaclab_tasks-0.11.16]
[ext: isaaclab_tasks-0.11.16] deps:
 -> 'isaaclab' = { version='^' } selected: [isaaclab-0.54.4]
 -> 'isaaclab_assets' = { version='^' } selected: [isaaclab_assets-0.2.4]
[ext: isaaclab_assets-0.2.4] deps:
 -> 'isaaclab' = { version='^' } selected: [isaaclab-0.54.4]
 -> 'isaaclab_contrib' = { version='^' } selected: [isaaclab_contrib-0.0.2]
[ext: omni.physx.fabric-107.3.26] deps:
 -> 'omni.physx' = { version='=107.3.26' } selected: [omni.physx-107.3.26]
 -> 'usdrt.scenegraph' = { version='^' } selected: [usdrt.scenegraph-7.6.1]
[ext: isaacsim.core.cloner-1.4.10] deps:
 -> 'isaacsim.core.deprecation_manager' = { version='^' } selected: [isaacsim.core.deprecation_manager-0.2.7]
 -> 'isaacsim.core.simulation_manager' = { version='^' } selected: [isaacsim.core.simulation_manager-1.4.4]
 -> 'omni.physx' = { version='^' } selected: [omni.physx-107.3.26]
 -> 'omni.usd' = { version='^' } selected: [omni.usd-1.13.10]
 -> 'omni.usd.libs' = { version='^' } selected: [omni.usd.libs-1.0.1]
[ext: isaacsim.simulation_app-2.12.2] deps:
 -> 'omni.usd' = { version='^' } selected: [omni.usd-1.13.10]
[ext: isaaclab_contrib-0.0.2] deps:
 -> 'isaaclab' = { version='^' } selected: [isaaclab-0.54.4]
[ext: isaaclab-0.54.4] no deps
[ext: omni.kit.loop-isaac-1.3.7] no deps
[ext: omni.usd.metrics.assembler.ui-107.3.1] deps:
 -> 'omni.kit.usd.layers' = { version='^' } selected: [omni.kit.usd.layers-2.2.11]
 -> 'omni.usd' = { version='^' } selected: [omni.usd-1.13.10]
 -> 'omni.usd.metrics.assembler' = { version='^' } selected: [omni.usd.metrics.assembler-107.3.1]
[ext: isaacsim.core.api-4.8.0] deps:
 -> 'isaacsim.core.deprecation_manager' = { version='^' } selected: [isaacsim.core.deprecation_manager-0.2.7]
 -> 'isaacsim.core.prims' = { version='^' } selected: [isaacsim.core.prims-0.6.1]
 -> 'isaacsim.core.simulation_manager' = { version='^' } selected: [isaacsim.core.simulation_manager-1.4.4]
 -> 'isaacsim.core.utils' = { version='^' } selected: [isaacsim.core.utils-3.5.1]
 -> 'isaacsim.core.version' = { version='^' } selected: [isaacsim.core.version-2.0.6]
 -> 'isaacsim.storage.native' = { version='^' } selected: [isaacsim.storage.native-1.5.1]
 -> 'omni.hydra.usdrt_delegate' = { version='^' } selected: [omni.hydra.usdrt_delegate-7.5.1]
 -> 'omni.kit.stage_templates' = { version='^' } selected: [omni.kit.stage_templates-2.0.0]
 -> 'omni.kit.usd.layers' = { version='^' } selected: [omni.kit.usd.layers-2.2.11]
 -> 'omni.physics.physx' = { version='^' } selected: [omni.physics.physx-107.3.26]
 -> 'omni.physics.stageupdate' = { version='^' } selected: [omni.physics.stageupdate-107.3.26]
 -> 'omni.physx.tensors' = { version='^' } selected: [omni.physx.tensors-107.3.26]
 -> 'omni.usd.schema.semantics' = { version='^' } selected: [omni.usd.schema.semantics-0.0.0]
 -> 'omni.warp.core' = { version='^' } selected: [omni.warp.core-1.8.2]
[ext: isaacsim.core.prims-0.6.1] deps:
 -> 'isaacsim.core.deprecation_manager' = { version='^' } selected: [isaacsim.core.deprecation_manager-0.2.7]
 -> 'isaacsim.core.simulation_manager' = { version='^' } selected: [isaacsim.core.simulation_manager-1.4.4]
 -> 'isaacsim.core.utils' = { version='^' } selected: [isaacsim.core.utils-3.5.1]
 -> 'omni.physx.tensors' = { version='^' } selected: [omni.physx.tensors-107.3.26]
 -> 'omni.usd.schema.semantics' = { version='^' } selected: [omni.usd.schema.semantics-0.0.0]
 -> 'omni.warp.core' = { version='^' } selected: [omni.warp.core-1.8.2]
[ext: omni.kit.stage_templates-2.0.0] deps:
 -> 'omni.kit.actions.core' = { version='^' } selected: [omni.kit.actions.core-1.0.0]
 -> 'omni.kit.commands' = { version='^' } selected: [omni.kit.commands-1.4.10]
 -> 'omni.kit.primitive.mesh' = { version='^' } selected: [omni.kit.primitive.mesh-1.0.17]
 -> 'omni.kit.stage_template.core' = { version='^' } selected: [omni.kit.stage_template.core-1.1.22]
 -> 'omni.usd' = { version='^' } selected: [omni.usd-1.13.10]
[ext: isaacsim.core.simulation_manager-1.4.4] deps:
 -> 'isaacsim.core.utils' = { version='^' } selected: [isaacsim.core.utils-3.5.1]
 -> 'omni.physics.physx' = { version='^' } selected: [omni.physics.physx-107.3.26]
 -> 'omni.physics.stageupdate' = { version='^' } selected: [omni.physics.stageupdate-107.3.26]
 -> 'omni.physx.tensors' = { version='^' } selected: [omni.physx.tensors-107.3.26]
[ext: omni.kit.primitive.mesh-1.0.17] deps:
 -> 'omni.kit.actions.core' = { version='^' } selected: [omni.kit.actions.core-1.0.0]
 -> 'omni.kit.commands' = { version='^' } selected: [omni.kit.commands-1.4.10]
 -> 'omni.kit.usd.layers' = { version='^' } selected: [omni.kit.usd.layers-2.2.11]
 -> 'omni.usd' = { version='^' } selected: [omni.usd-1.13.10]
[ext: omni.physx.tensors-107.3.26] deps:
 -> 'omni.physics.tensors' = { version='=107.3.26' } selected: [omni.physics.tensors-107.3.26]
 -> 'omni.physx' = { version='=107.3.26' } selected: [omni.physx-107.3.26]
 -> 'omni.usd' = { version='^' } selected: [omni.usd-1.13.10]
[ext: omni.kit.stage_template.core-1.1.22] deps:
 -> 'omni.usd' = { version='^' } selected: [omni.usd-1.13.10]
[ext: isaacsim.core.utils-3.5.1] deps:
 -> 'isaacsim.core.deprecation_manager' = { version='^' } selected: [isaacsim.core.deprecation_manager-0.2.7]
 -> 'isaacsim.storage.native' = { version='^' } selected: [isaacsim.storage.native-1.5.1]
 -> 'omni.isaac.dynamic_control' = { version='^' } selected: [omni.isaac.dynamic_control-2.0.7]
 -> 'omni.physics.tensors' = { version='^' } selected: [omni.physics.tensors-107.3.26]
 -> 'omni.physx' = { version='^' } selected: [omni.physx-107.3.26]
 -> 'omni.usd.metrics.assembler' = { version='^' } selected: [omni.usd.metrics.assembler-107.3.1]
 -> 'omni.usd.metrics.assembler.physics' = { version='^' } selected: [omni.usd.metrics.assembler.physics-107.3.26]
 -> 'omni.usd.schema.semantics' = { version='^' } selected: [omni.usd.schema.semantics-0.0.0]
 -> 'omni.usdphysics' = { version='^' } selected: [omni.usdphysics-107.3.26]
 -> 'omni.warp.core' = { version='^' } selected: [omni.warp.core-1.8.2]
[ext: isaacsim.storage.native-1.5.1] deps:
 -> 'isaacsim.core.version' = { version='^' } selected: [isaacsim.core.version-2.0.6]
 -> 'omni.client' = { version='^' } selected: [omni.client-1.3.0]
[ext: omni.usd.metrics.assembler.physics-107.3.26] deps:
 -> 'omni.usd.schema.physx' = { version='=107.3.26' } selected: [omni.usd.schema.physx-107.3.26]
 -> 'omni.usd.metrics.assembler' = { version='^' } selected: [omni.usd.metrics.assembler-107.3.1]
[ext: omni.warp.core-1.8.2] no deps
[ext: isaacsim.core.version-2.0.6] deps:
 -> 'isaacsim.core.deprecation_manager' = { version='^' } selected: [isaacsim.core.deprecation_manager-0.2.7]
[ext: omni.usd.metrics.assembler-107.3.1] deps:
 -> 'omni.usd.libs' = { version='^' } selected: [omni.usd.libs-1.0.1]
 -> 'omni.usd.schema.metrics.assembler' = { version='^' } selected: [omni.usd.schema.metrics.assembler-107.3.1]
[ext: isaacsim.core.deprecation_manager-0.2.7] deps:
 -> 'omni.usd' = { version='^' } selected: [omni.usd-1.13.10]
[ext: omni.isaac.dynamic_control-2.0.7] deps:
 -> 'omni.kit.commands' = { version='^' } selected: [omni.kit.commands-1.4.10]
 -> 'omni.kit.numpy.common' = { version='^' } selected: [omni.kit.numpy.common-0.1.3]
 -> 'omni.kit.usd.layers' = { version='^' } selected: [omni.kit.usd.layers-2.2.11]
 -> 'omni.physics.physx' = { version='^' } selected: [omni.physics.physx-107.3.26]
 -> 'omni.physics.stageupdate' = { version='^' } selected: [omni.physics.stageupdate-107.3.26]
 -> 'omni.timeline' = { version='^' } selected: [omni.timeline-1.0.14]
 -> 'omni.usd' = { version='^' } selected: [omni.usd-1.13.10]
 -> 'omni.usd.core' = { version='^' } selected: [omni.usd.core-1.5.3]
 -> 'omni.usd.libs' = { version='^' } selected: [omni.usd.libs-1.0.1]
[ext: omni.physics.tensors-107.3.26] deps:
 -> 'omni.usd.schema.physx' = { version='=107.3.26' } selected: [omni.usd.schema.physx-107.3.26]
 -> 'omni.usd.libs' = { version='^' } selected: [omni.usd.libs-1.0.1]
[ext: omni.physics.physx-107.3.26] deps:
 -> 'omni.physics' = { version='=107.3.26' } selected: [omni.physics-107.3.26]
 -> 'omni.physx' = { version='=107.3.26' } selected: [omni.physx-107.3.26]
[ext: omni.physics.stageupdate-107.3.26] deps:
 -> 'omni.physics' = { version='=107.3.26' } selected: [omni.physics-107.3.26]
 -> 'omni.kit.usd.layers' = { version='^' optional=true  } selected: [omni.kit.usd.layers-2.2.11]
 -> 'omni.usd' = { version='^' } selected: [omni.usd-1.13.10]
[ext: omni.physx-107.3.26] deps:
 -> 'omni.physx.cooking' = { version='=107.3.26' } selected: [omni.physx.cooking-107.3.26]
 -> 'omni.physx.foundation' = { version='=107.3.26' } selected: [omni.physx.foundation-107.3.26]
 -> 'omni.usd.schema.physx' = { version='=107.3.26' } selected: [omni.usd.schema.physx-107.3.26]
 -> 'omni.usdphysics' = { version='=107.3.26' } selected: [omni.usdphysics-107.3.26]
 -> 'omni.gpucompute.plugins' = { version='^' } selected: [omni.gpucompute.plugins-0.0.0]
 -> 'omni.usd.libs' = { version='^' } selected: [omni.usd.libs-1.0.1]
 -> 'usdrt.scenegraph' = { version='^' } selected: [usdrt.scenegraph-7.6.1]
[ext: omni.physics-107.3.26] no deps
[ext: omni.kit.usd.layers-2.2.11] deps:
 -> 'omni.client' = { version='^' } selected: [omni.client-1.3.0]
 -> 'omni.kit.commands' = { version='^' } selected: [omni.kit.commands-1.4.10]
 -> 'omni.usd' = { version='^' } selected: [omni.usd-1.13.10]
 -> 'omni.usd.libs' = { version='^' } selected: [omni.usd.libs-1.0.1]
[ext: omni.physx.cooking-107.3.26] deps:
 -> 'omni.convexdecomposition' = { version='=107.3.26' } selected: [omni.convexdecomposition-107.3.26]
 -> 'omni.localcache' = { version='=107.3.26' } selected: [omni.localcache-107.3.26]
 -> 'omni.physx.foundation' = { version='=107.3.26' } selected: [omni.physx.foundation-107.3.26]
 -> 'omni.usd.schema.physx' = { version='=107.3.26' } selected: [omni.usd.schema.physx-107.3.26]
 -> 'omni.usdphysics' = { version='=107.3.26' } selected: [omni.usdphysics-107.3.26]
 -> 'omni.ujitso.default' = { version='^' } selected: [omni.ujitso.default-1.0.0]
 -> 'omni.usd.libs' = { version='^' } selected: [omni.usd.libs-1.0.1]
[ext: omni.usd-1.13.10] deps:
 -> 'carb.audio' = { version='^' } selected: [carb.audio-0.1.0]
 -> 'omni.assets.plugins' = { version='^' } selected: [omni.assets.plugins-0.0.0]
 -> 'omni.client' = { version='^' } selected: [omni.client-1.3.0]
 -> 'omni.hydra.usdrt_delegate' = { version='^' optional=true  } selected: [omni.hydra.usdrt_delegate-7.5.1]
 -> 'omni.kit.async_engine' = { version='^' } selected: [omni.kit.async_engine-0.0.3]
 -> 'omni.kit.audiodeviceenum' = { version='^' } selected: [omni.kit.audiodeviceenum-1.0.2]
 -> 'omni.kit.commands' = { version='^' } selected: [omni.kit.commands-1.4.10]
 -> 'omni.kit.exec.core' = { version='^' } selected: [omni.kit.exec.core-0.13.4]
 -> 'omni.kit.usd_undo' = { version='^' } selected: [omni.kit.usd_undo-0.1.8]
 -> 'omni.timeline' = { version='^' } selected: [omni.timeline-1.0.14]
 -> 'omni.usd.core' = { version='^' } selected: [omni.usd.core-1.5.3]
[ext: omni.convexdecomposition-107.3.26] deps:
 -> 'omni.usd.schema.physx' = { version='=107.3.26' } selected: [omni.usd.schema.physx-107.3.26]
 -> 'omni.assets.plugins' = { version='^' } selected: [omni.assets.plugins-0.0.0]
 -> 'omni.kit.commands' = { version='^' optional=true  } selected: [omni.kit.commands-1.4.10]
 -> 'omni.usd.libs' = { version='^' } selected: [omni.usd.libs-1.0.1]
[ext: omni.localcache-107.3.26] deps:
 -> 'omni.kvdb' = { version='=107.3.26' } selected: [omni.kvdb-107.3.26]
[ext: omni.usdphysics-107.3.26] deps:
 -> 'omni.usd.schema.physx' = { version='=107.3.26' } selected: [omni.usd.schema.physx-107.3.26]
 -> 'omni.usd.libs' = { version='^' } selected: [omni.usd.libs-1.0.1]
[ext: omni.timeline-1.0.14] no deps
[ext: omni.kit.commands-1.4.10] deps:
 -> 'omni.kit.actions.core' = { version='^' } selected: [omni.kit.actions.core-1.0.0]
[ext: omni.kvdb-107.3.26] no deps
[ext: omni.kit.usd_undo-0.1.8] deps:
 -> 'omni.usd.libs' = { version='^' } selected: [omni.usd.libs-1.0.1]
[ext: omni.kit.actions.core-1.0.0] no deps
[ext: omni.kit.exec.core-0.13.4] deps:
 -> 'omni.graph.exec' = { version='^' } selected: [omni.graph.exec-0.9.6]
 -> 'omni.usd.libs' = { version='^' } selected: [omni.usd.libs-1.0.1]
[ext: omni.kit.numpy.common-0.1.3] no deps
[ext: omni.kit.audiodeviceenum-1.0.2] deps:
 -> 'carb.audio' = { version='^' } selected: [carb.audio-0.1.0]
[ext: omni.hydra.usdrt_delegate-7.5.1] deps:
 -> 'omni.activity.core' = { version='^' } selected: [omni.activity.core-1.0.3]
 -> 'omni.client' = { version='^' } selected: [omni.client-1.3.0]
 -> 'omni.gpu_foundation' = { version='^' } selected: [omni.gpu_foundation-0.0.0]
 -> 'omni.gpucompute.plugins' = { version='^' } selected: [omni.gpucompute.plugins-0.0.0]
 -> 'omni.resourcemonitor' = { version='^' } selected: [omni.resourcemonitor-107.0.1]
 -> 'omni.usd.core' = { version='^' } selected: [omni.usd.core-1.5.3]
 -> 'omni.usd.schema.anim' = { version='^' } selected: [omni.usd.schema.anim-0.0.0]
 -> 'omni.usd.schema.audio' = { version='^' optional=true  } selected: [omni.usd.schema.audio-0.0.0]
 -> 'omni.usd.schema.semantics' = { version='^' optional=true  } selected: [omni.usd.schema.semantics-0.0.0]
 -> 'usdrt.scenegraph' = { version='^' } selected: [usdrt.scenegraph-7.6.1]
[ext: omni.graph.exec-0.9.6] no deps
[ext: usdrt.scenegraph-7.6.1] deps:
 -> 'omni.gpucompute.plugins' = { version='^' } selected: [omni.gpucompute.plugins-0.0.0]
 -> 'omni.usd.libs' = { version='^' } selected: [omni.usd.libs-1.0.1]
[ext: omni.physx.foundation-107.3.26] deps:
 -> 'omni.gpu_foundation' = { version='^' } selected: [omni.gpu_foundation-0.0.0]
[ext: omni.usd.core-1.5.3] deps:
 -> 'omni.client' = { version='^' } selected: [omni.client-1.3.0]
 -> 'omni.usd.libs' = { version='^' } selected: [omni.usd.libs-1.0.1]
 -> 'omni.usd.schema.audio' = { version='^' } selected: [omni.usd.schema.audio-0.0.0]
 -> 'omni.usd_resolver' = { version='^' } selected: [omni.usd_resolver-1.0.0]
[ext: carb.audio-0.1.0] deps:
 -> 'omni.assets.plugins' = { version='^' } selected: [omni.assets.plugins-0.0.0]
[ext: omni.resourcemonitor-107.0.1] deps:
 -> 'omni.gpu_foundation' = { version='^' } selected: [omni.gpu_foundation-0.0.0]
[ext: omni.usd_resolver-1.0.0] deps:
 -> 'omni.client' = { version='^' } selected: [omni.client-1.3.0]
 -> 'omni.usd.libs' = { version='^' } selected: [omni.usd.libs-1.0.1]
[ext: omni.activity.core-1.0.3] no deps
[ext: omni.usd.schema.physx-107.3.26] deps:
 -> 'omni.usd.libs' = { version='^' } selected: [omni.usd.libs-1.0.1]
[ext: omni.usd.schema.semantics-0.0.0] deps:
 -> 'omni.usd.libs' = { version='^' } selected: [omni.usd.libs-1.0.1]
[ext: omni.usd.schema.audio-0.0.0] deps:
 -> 'omni.usd.libs' = { version='^' } selected: [omni.usd.libs-1.0.1]
[ext: omni.usd.schema.anim-0.0.0] deps:
 -> 'omni.usd.libs' = { version='^' } selected: [omni.usd.libs-1.0.1]
[ext: omni.usd.schema.metrics.assembler-107.3.1] deps:
 -> 'omni.usd.libs' = { version='^' } selected: [omni.usd.libs-1.0.1]
[ext: omni.kit.telemetry-0.5.2] no deps
[ext: omni.kit.usd.mdl-1.1.5] deps:
 -> 'omni.mdl.neuraylib' = { version='^' } selected: [omni.mdl.neuraylib-0.2.12]
 -> 'omni.usd.libs' = { version='^' } selected: [omni.usd.libs-1.0.1]
[ext: omni.mdl.neuraylib-0.2.12] deps:
 -> 'omni.iray.libs' = { version='^' } selected: [omni.iray.libs-0.0.0]
 -> 'omni.mdl' = { version='^' } selected: [omni.mdl-56.0.3]
[ext: omni.iray.libs-0.0.0] no deps
[ext: omni.mdl-56.0.3] deps:
 -> 'omni.client' = { version='^' } selected: [omni.client-1.3.0]
[ext: omni.usd.libs-1.0.1] deps:
 -> 'omni.gpucompute.plugins' = { version='^' optional=true  } selected: [omni.gpucompute.plugins-0.0.0]
 -> 'omni.usd.config' = { version='^' } selected: [omni.usd.config-1.0.6]
[ext: omni.gpucompute.plugins-0.0.0] deps:
 -> 'omni.gpu_foundation' = { version='^' } selected: [omni.gpu_foundation-0.0.0]
[ext: omni.usd.config-1.0.6] no deps
[ext: omni.gpu_foundation-0.0.0] deps:
 -> 'omni.assets.plugins' = { version='^' } selected: [omni.assets.plugins-0.0.0]
 -> 'omni.client' = { version='^' optional=true  } selected: [omni.client-1.3.0]
 -> 'omni.gpu_foundation.shadercache.vulkan' = { version='^' } selected: [omni.gpu_foundation.shadercache.vulkan-1.0.0]
 -> 'omni.stats' = { version='^' } selected: [omni.stats-1.0.1]
 -> 'omni.ujitso.default' = { version='^' optional=true  } selected: [omni.ujitso.default-1.0.0]
[ext: omni.assets.plugins-0.0.0] no deps
[ext: omni.gpu_foundation.shadercache.vulkan-1.0.0] no deps
[ext: omni.ujitso.default-1.0.0] deps:
 -> 'omni.blobkey' = { version='^' } selected: [omni.blobkey-1.1.2]
 -> 'omni.client' = { version='^' } selected: [omni.client-1.3.0]
 -> 'omni.datastore' = { version='^' } selected: [omni.datastore-0.0.0]
 -> 'omni.stats' = { version='^' } selected: [omni.stats-1.0.1]
[ext: omni.client-1.3.0] deps:
 -> 'omni.client.lib' = { version='^' } selected: [omni.client.lib-1.1.0]
[ext: omni.datastore-0.0.0] deps:
 -> 'omni.blobkey' = { version='^' } selected: [omni.blobkey-1.1.2]
 -> 'omni.metrics.core' = { version='^' } selected: [omni.metrics.core-0.0.3]
[ext: omni.stats-1.0.1] no deps
[ext: omni.blobkey-1.1.2] no deps
[ext: omni.client.lib-1.1.0] deps:
 -> 'omni.kit.async_engine' = { version='^' } selected: [omni.kit.async_engine-0.0.3]
[ext: omni.metrics.core-0.0.3] no deps
[ext: omni.kit.async_engine-0.0.3] no deps
 Synced registries:
	 (none)

2026-09-17T07:34:59Z [15ms] [Info] [omni.ext.plugin] [ext: isaaclab.python.headless-2.3.2] applying settings
2026-09-17T07:34:59Z [15ms] [Info] [omni.ext.plugin] [ext: omni.kit.loop-isaac-1.3.7] applying settings
2026-09-17T07:34:59Z [16ms] [Info] [omni.ext.plugin] [ext: omni.kit.stage_templates-2.0.0] applying settings
2026-09-17T07:34:59Z [16ms] [Info] [omni.ext.plugin] [ext: omni.kit.stage_template.core-1.1.22] applying settings
2026-09-17T07:34:59Z [16ms] [Info] [omni.ext.plugin] [ext: isaacsim.storage.native-1.5.1] applying settings
2026-09-17T07:34:59Z [16ms] [Info] [omni.ext.plugin] [ext: isaacsim.core.deprecation_manager-0.2.7] applying settings
2026-09-17T07:34:59Z [16ms] [Info] [omni.ext.plugin] [ext: omni.kit.usd.layers-2.2.11] applying settings
2026-09-17T07:34:59Z [16ms] [Info] [omni.ext.plugin] [ext: omni.physx.cooking-107.3.26] applying settings
2026-09-17T07:34:59Z [16ms] [Info] [omni.ext.plugin] [ext: omni.usd-1.13.10] applying settings
2026-09-17T07:34:59Z [16ms] [Info] [omni.ext.plugin] [ext: omni.timeline-1.0.14] applying settings
2026-09-17T07:34:59Z [16ms] [Info] [omni.ext.plugin] [ext: omni.kit.commands-1.4.10] applying settings
2026-09-17T07:34:59Z [16ms] [Info] [omni.ext.plugin] [ext: omni.kit.telemetry-0.5.2] applying settings
2026-09-17T07:34:59Z [16ms] [Info] [omni.ext.plugin] [ext: omni.mdl.neuraylib-0.2.12] applying settings
2026-09-17T07:34:59Z [16ms] [Info] [omni.ext.plugin] [ext: omni.usd.config-1.0.6] applying settings
2026-09-17T07:34:59Z [16ms] [Info] [omni.ext.plugin] [ext: omni.gpu_foundation-0.0.0] applying settings
2026-09-17T07:34:59Z [16ms] [Info] [omni.ext.plugin] [ext: omni.ujitso.default-1.0.0] applying settings
2026-09-17T07:34:59Z [16ms] [Info] [omni.ext.plugin] [ext: omni.datastore-0.0.0] applying settings
2026-09-17T07:34:59Z [16ms] [Info] [omni.ext.plugin] [ext: omni.kit.async_engine-0.0.3] applying settings
2026-09-17T07:34:59Z [19ms] [Info] [omni.ext.plugin] About to startup: [ext: omni.kit.async_engine-0.0.3] (order: 0) Triggered by: omni.client.lib-1.1.0, omni.usd-1.13.10 (path: /home/xiexuhui/miniconda3/envs/instinctlab/lib/python3.11/site-packages/isaacsim/kit/extscore/omni.kit.async_engine)
2026-09-17T07:34:59Z [19ms] [Info] [omni.kit.app.plugin] [0.046s] [ext: omni.kit.async_engine-0.0.3] startup
2026-09-17T07:34:59Z [41ms] [Info] [omni.ext._impl.utils] -> func:_refresh_cache took: 0.0216s
2026-09-17T07:34:59Z [42ms] [Info] [omni.ext._impl._internal] Searching for classes derived from 'omni.ext.IExt' in 'omni.kit.async_engine' ('/home/xiexuhui/miniconda3/envs/instinctlab/lib/python3.11/site-packages/isaacsim/kit/extscore/omni.kit.async_engine')
2026-09-17T07:34:59Z [42ms] [Info] [omni.ext._impl._internal] Found class `_AsyncEngineDriver` derived from `omni.ext.IExt` in module: 'omni.kit.async_engine' in '/home/xiexuhui/miniconda3/envs/instinctlab/lib/python3.11/site-packages/isaacsim/kit/extscore/omni.kit.async_engine'. Calling `on_startup`.
2026-09-17T07:34:59Z [42ms] [Info] [omni.kit.async_engine.async_engine] policy: <asyncio.unix_events._UnixDefaultEventLoopPolicy object at 0x74f2bf4893d0> from /exts/omni.kit.async_engine/event_loop_policy_unix = "os_default"
2026-09-17T07:34:59Z [43ms] [Info] [omni.kit.async_engine.async_engine] loop:   <_UnixSelectorEventLoop running=False closed=False debug=False> from /exts/omni.kit.async_engine/event_loop_unix = "os_default"
2026-09-17T07:34:59Z [43ms] [Info] [omni.ext.plugin] [ext: omni.kit.async_engine-0.0.3] started, startup time: 23 (ms)
2026-09-17T07:34:59Z [43ms] [Info] [omni.ext.plugin] About to startup: [ext: omni.metrics.core-0.0.3] (order: 0) Triggered by: omni.datastore-0.0.0 (path: /home/xiexuhui/miniconda3/envs/instinctlab/lib/python3.11/site-packages/isaacsim/extscache/omni.metrics.core-0.0.3+69cbf6ad.lx64.r)
2026-09-17T07:34:59Z [43ms] [Info] [omni.kit.app.plugin] [0.069s] [ext: omni.metrics.core-0.0.3] startup
2026-09-17T07:34:59Z [43ms] [Info] [carb] Registered plugin: carb.metrics.plugin (interfaces: [carb::metrics::IMetrics v1.0]) (impl: carb.metrics.plugin)
2026-09-17T07:34:59Z [43ms] [Info] [omni.ext.plugin] [ext: omni.metrics.core-0.0.3] started, startup time: 0 (ms)
2026-09-17T07:34:59Z [43ms] [Info] [omni.ext.plugin] About to startup: [ext: omni.client.lib-1.1.0] (order: 0) Triggered by: omni.client-1.3.0 (path: /home/xiexuhui/miniconda3/envs/instinctlab/lib/python3.11/site-packages/isaacsim/kit/extscore/omni.client.lib)
2026-09-17T07:34:59Z [43ms] [Info] [omni.kit.app.plugin] [0.069s] [ext: omni.client.lib-1.1.0] startup
2026-09-17T07:34:59Z [71ms] [Info] [omni.ext.plugin] Loaded the dynamic library from /home/xiexuhui/miniconda3/envs/instinctlab/lib/python3.11/site-packages/isaacsim/kit/extscore/omni.client.lib/bin/libomniclient.so
2026-09-17T07:34:59Z [77ms] [Info] [omni.ext._impl._internal] Searching for classes derived from 'omni.ext.IExt' in 'omni.client' ('/home/xiexuhui/miniconda3/envs/instinctlab/lib/python3.11/site-packages/isaacsim/kit/extscore/omni.client.lib')
2026-09-17T07:34:59Z [77ms] [Info] [omni.ext.plugin] [ext: omni.client.lib-1.1.0] started, startup time: 33 (ms)
2026-09-17T07:34:59Z [77ms] [Info] [omni.ext.plugin] About to startup: [ext: omni.blobkey-1.1.2] (order: 0) Triggered by: omni.datastore-0.0.0, omni.ujitso.default-1.0.0 (path: /home/xiexuhui/miniconda3/envs/instinctlab/lib/python3.11/site-packages/isaacsim/extscache/omni.blobkey-1.1.2+69cbf6ad.lx64.r)
2026-09-17T07:34:59Z [77ms] [Info] [omni.kit.app.plugin] [0.103s] [ext: omni.blobkey-1.1.2] startup
2026-09-17T07:34:59Z [77ms] [Info] [carb] Registered plugin: omni.blobkey.plugin (interfaces: [omni::blobkey::IBlobKey v1.1]) (impl: omni.blobkey.plugin)
2026-09-17T07:34:59Z [77ms] [Info] [omni.ext.plugin] [ext: omni.blobkey-1.1.2] started, startup time: 0 (ms)
2026-09-17T07:34:59Z [77ms] [Info] [omni.ext.plugin] About to startup: [ext: omni.stats-1.0.1] (order: 0) Triggered by: omni.gpu_foundation-0.0.0, omni.ujitso.default-1.0.0 (path: /home/xiexuhui/miniconda3/envs/instinctlab/lib/python3.11/site-packages/isaacsim/extscache/omni.stats-1.0.1+69cbf6ad.lx64.r.cp311)
2026-09-17T07:34:59Z [77ms] [Info] [omni.kit.app.plugin] [0.103s] [ext: omni.stats-1.0.1] startup
2026-09-17T07:34:59Z [78ms] [Info] [carb] Registered plugin: carb.stats.plugin (interfaces: [carb::stats::IStats v2.1]) (impl: carb.stats.plugin)
2026-09-17T07:34:59Z [79ms] [Info] [omni.ext._impl._internal] Searching for classes derived from 'omni.ext.IExt' in 'omni.stats' ('/home/xiexuhui/miniconda3/envs/instinctlab/lib/python3.11/site-packages/isaacsim/extscache/omni.stats-1.0.1+69cbf6ad.lx64.r.cp311')
2026-09-17T07:34:59Z [79ms] [Info] [omni.ext.plugin] [ext: omni.stats-1.0.1] started, startup time: 1 (ms)
2026-09-17T07:34:59Z [79ms] [Info] [omni.ext.plugin] About to startup: [ext: omni.datastore-0.0.0] (order: 0) Triggered by: omni.ujitso.default-1.0.0 (path: /home/xiexuhui/miniconda3/envs/instinctlab/lib/python3.11/site-packages/isaacsim/extscache/omni.datastore-0.0.0+69cbf6ad.lx64.r)
2026-09-17T07:34:59Z [79ms] [Info] [omni.kit.app.plugin] [0.105s] [ext: omni.datastore-0.0.0] startup
2026-09-17T07:34:59Z [80ms] [Info] [carb] Registered plugin: carb.datastore.plugin (interfaces: [carb::datastore::ICombinedDataStore v0.1],[carb::datastore::IFailureInjectionDataStoreFactory v0.1],[carb::datastore::ILocalDataStore v0.2],[carb::datastore::INucleusDataStore v0.1],[carb::datastore::IOmniHubDataStore v0.2],[carb::datastore::IProfileDataStore v0.2]) (impl: carb.datastore.plugin)
2026-09-17T07:34:59Z [94ms] [Info] [carb] Registered plugin: omni.datastore.ext.plugin (interfaces: [carb::datastore::IGRPCDataStore v0.3],[carb::datastore::IGRPCDataStoreServer v0.1],[omni::ext::IExt v0.1]) (impl: omni.datastore.ext.plugin)
2026-09-17T07:34:59Z [94ms] [Info] [carb] Initializing plugin: omni.datastore.ext.plugin (interfaces: [carb::datastore::IGRPCDataStore v0.3],[carb::datastore::IGRPCDataStoreServer v0.1],[omni::ext::IExt v0.1]) (impl: omni.datastore.ext.plugin)
2026-09-17T07:34:59Z [95ms] [Info] [omni.ext.plugin] [ext: omni.datastore-0.0.0] Starting ext::IExt in '/home/xiexuhui/miniconda3/envs/instinctlab/lib/python3.11/site-packages/isaacsim/extscache/omni.datastore-0.0.0+69cbf6ad.lx64.r/bin/libomni.datastore.ext.plugin.so'
2026-09-17T07:34:59Z [95ms] [Info] [omni.ext.plugin] [ext: omni.datastore-0.0.0] started, startup time: 16 (ms)
2026-09-17T07:34:59Z [95ms] [Info] [omni.ext.plugin] About to startup: [ext: omni.client-1.3.0] (order: 0) Triggered by: isaacsim.storage.native-1.5.1, omni.hydra.usdrt_delegate-7.5.1, omni.kit.usd.layers-2.2.11, omni.mdl-56.0.3, omni.ujitso.default-1.0.0, omni.usd-1.13.10, omni.usd.core-1.5.3, omni.usd_resolver-1.0.0 (path: /home/xiexuhui/miniconda3/envs/instinctlab/lib/python3.11/site-packages/isaacsim/extscache/omni.client-1.3.0+69cbf6ad.lx64.r)
2026-09-17T07:34:59Z [95ms] [Info] [omni.kit.app.plugin] [0.121s] [ext: omni.client-1.3.0] startup
2026-09-17T07:34:59Z [96ms] [Info] [carb] Registered plugin: omni.client.liveprocess.plugin (interfaces: [omni::ext::IExt v0.1]) (impl: omni.client.liveprocess.plugin)
2026-09-17T07:34:59Z [96ms] [Info] [carb] Registered plugin: carb.datasource-omniclient.plugin (interfaces: [carb::datasource::IDataSource v1.1]) (impl: carb.datasource-omniclient.plugin)
2026-09-17T07:34:59Z [97ms] [Info] [carb] Registered plugin: carb.omniclient.plugin (interfaces: [carb::omniclient::IOmniClient v2.67]) (impl: carb.omniclient.plugin)
2026-09-17T07:34:59Z [97ms] [Info] [carb] Initializing plugin: omni.client.liveprocess.plugin (interfaces: [omni::ext::IExt v0.1]) (impl: omni.client.liveprocess.plugin)
2026-09-17T07:34:59Z [97ms] [Info] [omni.ext.plugin] [ext: omni.client-1.3.0] Starting ext::IExt in '/home/xiexuhui/miniconda3/envs/instinctlab/lib/python3.11/site-packages/isaacsim/extscache/omni.client-1.3.0+69cbf6ad.lx64.r/bin/libomni.client.liveprocess.plugin.so'
2026-09-17T07:34:59Z [97ms] [Info] [carb] Initializing plugin: carb.omniclient.plugin (interfaces: [carb::omniclient::IOmniClient v2.67]) (impl: carb.omniclient.plugin)
2026-09-17T07:34:59Z [97ms] [Info] [carb.omniclient.plugin]  Main: core: Initializing Version 2.67.0-release.6072+gl.6293b5e9
2026-09-17T07:34:59Z [98ms] [Info] [carb.omniclient.plugin]  Main: core: Client ID: MLFBG6OR
2026-09-17T07:34:59Z [104ms] [Info] [carb.omniclient.plugin]  2009325: OmniHub: ThreadId(02) hub_client::client::Client::new Launching client mode=Shared cache_path=None cache_size=None
2026-09-17T07:34:59Z [106ms] [Info] [carb.omniclient.plugin]  2009325: OmniHub: ThreadId(03) launch self=Launcher { discovery_lock: RwLock { lock: RwLock { inner: File { fd: 26, path: "/tmp/hub-xiexuhui.lock", read: false, write: true } } }, mode: Shared, config_file: "/tmp/hub-xiexuhui-2186F18E.config.json" } cmd="hub" "--mode=shared" "--write-config" "/tmp/hub-xiexuhui-2186F18E.config.json" "--"
2026-09-17T07:34:59Z [107ms] [Info] [carb.omniclient.plugin]  Main: core: Not using Hub: Hub not found
2026-09-17T07:34:59Z [107ms] [Info] [omni.ext.plugin] [ext: omni.client-1.3.0] started, startup time: 11 (ms)
2026-09-17T07:34:59Z [107ms] [Info] [omni.ext.plugin] About to startup: [ext: omni.ujitso.default-1.0.0] (order: 0) Triggered by: omni.physx.cooking-107.3.26 (path: /home/xiexuhui/miniconda3/envs/instinctlab/lib/python3.11/site-packages/isaacsim/extscache/omni.ujitso.default-1.0.0+69cbf6ad.lx64.r.cp311)
2026-09-17T07:34:59Z [107ms] [Info] [omni.kit.app.plugin] [0.133s] [ext: omni.ujitso.default-1.0.0] startup
2026-09-17T07:34:59Z [108ms] [Info] [carb] Registered plugin: carb.ujitsoagent.plugin (interfaces: [carb::ujitso::IAgent v0.5],[carb::ujitso::IFactory v0.2],[carb::ujitso::IRegistry v0.1],[carb::ujitso::IService v0.10]) (impl: carb.ujitsoagent.plugin)
2026-09-17T07:34:59Z [109ms] [Info] [carb] Registered plugin: carb.ujitsodefault.plugin (interfaces: [carb::ujitso::IDefault v0.1]) (impl: carb.ujitsodefault.plugin)
2026-09-17T07:34:59Z [109ms] [Info] [carb] Registered plugin: omni.ujitso.default.ext.plugin (interfaces: [omni::ext::IExt v0.1]) (impl: omni.ujitso.default.ext.plugin)
2026-09-17T07:34:59Z [109ms] [Info] [carb] Initializing plugin: omni.ujitso.default.ext.plugin (interfaces: [omni::ext::IExt v0.1]) (impl: omni.ujitso.default.ext.plugin)
2026-09-17T07:34:59Z [109ms] [Info] [omni.ext.plugin] [ext: omni.ujitso.default-1.0.0] Starting ext::IExt in '/home/xiexuhui/miniconda3/envs/instinctlab/lib/python3.11/site-packages/isaacsim/extscache/omni.ujitso.default-1.0.0+69cbf6ad.lx64.r.cp311/bin/libomni.ujitso.default.ext.plugin.so'
2026-09-17T07:34:59Z [109ms] [Info] [carb] Initializing plugin: carb.ujitsodefault.plugin (interfaces: [carb::ujitso::IDefault v0.1]) (impl: carb.ujitsodefault.plugin)
2026-09-17T07:34:59Z [109ms] [Info] [omni.ext.plugin] [ext manager] preferLocalVersions: 1
2026-09-17T07:34:59Z [109ms] [Info] [omni.ext.plugin] Processing exts enabling request: 'omni.hsscclient'
2026-09-17T07:34:59Z [110ms] [Info] [omni.ext.plugin] Extensions dependency solver solution:
[ext: omni.client-1.3.0] deps:
 -> 'omni.client.lib' = { version='=1.1.0+lx64.r.cp311' } selected: [omni.client.lib-1.1.0]
[ext: omni.hsscclient-1.1.2] deps:
 -> 'omni.blobkey' = { version='=1.1.2+69cbf6ad.lx64.r' } selected: [omni.blobkey-1.1.2]
[ext: omni.stats-1.0.1] no deps
[ext: omni.datastore-0.0.0] deps:
 -> 'omni.blobkey' = { version='=1.1.2+69cbf6ad.lx64.r' } selected: [omni.blobkey-1.1.2]
 -> 'omni.metrics.core' = { version='=0.0.3+69cbf6ad.lx64.r' } selected: [omni.metrics.core-0.0.3]
[ext: omni.client.lib-1.1.0] deps:
 -> 'omni.kit.async_engine' = { version='=0.0.3' } selected: [omni.kit.async_engine-0.0.3]
[ext: omni.blobkey-1.1.2] no deps
[ext: omni.metrics.core-0.0.3] no deps
[ext: omni.kit.async_engine-0.0.3] no deps
 Synced registries:
	 (none)

2026-09-17T07:34:59Z [110ms] [Info] [omni.ext.plugin] [ext: omni.hsscclient-1.1.2] applying settings
2026-09-17T07:34:59Z [110ms] [Info] [omni.ext.plugin] About to startup: [ext: omni.hsscclient-1.1.2] (order: 0) Triggered by API/CLI/Config. (path: /home/xiexuhui/miniconda3/envs/instinctlab/lib/python3.11/site-packages/isaacsim/extscache/omni.hsscclient-1.1.2+69cbf6ad.lx64.r.cp311)
2026-09-17T07:34:59Z [110ms] [Info] [omni.kit.app.plugin] [0.136s] [ext: omni.hsscclient-1.1.2] startup
2026-09-17T07:34:59Z [111ms] [Info] [carb] Registered plugin: carb.hsscclient.plugin (interfaces: [carb::HsscClient::IClient v1.1],[carb::HsscClient::IDataStore v1.1],[carb::HsscClient::IServiceDiscovery v1.1]) (impl: carb.hsscclient.plugin)
2026-09-17T07:34:59Z [111ms] [Info] [omni.ext._impl.utils] -> func:_refresh_cache took: 0.0002s
2026-09-17T07:34:59Z [111ms] [Info] [omni.ext._impl._internal] Searching for classes derived from 'omni.ext.IExt' in 'omni.hsscclient' ('/home/xiexuhui/miniconda3/envs/instinctlab/lib/python3.11/site-packages/isaacsim/extscache/omni.hsscclient-1.1.2+69cbf6ad.lx64.r.cp311')
2026-09-17T07:34:59Z [111ms] [Info] [omni.ext.plugin] [ext: omni.hsscclient-1.1.2] started, startup time: 1 (ms)
2026-09-17T07:34:59Z [111ms] [Info] [carb] Initializing plugin: carb.hsscclient.plugin (interfaces: [carb::HsscClient::IClient v1.1],[carb::HsscClient::IDataStore v1.1],[carb::HsscClient::IServiceDiscovery v1.1]) (impl: carb.hsscclient.plugin)
2026-09-17T07:34:59Z [111ms] [Info] [carb.ujitsodefault.plugin] DataStoreConfigurator[UJITSOCache]: hssc service skipping discovery because uri empty
2026-09-17T07:34:59Z [111ms] [Info] [carb] Initializing plugin: carb.datastore.plugin (interfaces: [carb::datastore::ICombinedDataStore v0.1],[carb::datastore::IFailureInjectionDataStoreFactory v0.1],[carb::datastore::ILocalDataStore v0.2],[carb::datastore::INucleusDataStore v0.1],[carb::datastore::IOmniHubDataStore v0.2],[carb::datastore::IProfileDataStore v0.2]) (impl: carb.datastore.plugin)
2026-09-17T07:34:59Z [111ms] [Info] [carb] Initializing plugin: omni.blobkey.plugin (interfaces: [omni::blobkey::IBlobKey v1.1]) (impl: omni.blobkey.plugin)
2026-09-17T07:34:59Z [112ms] [Info] [omni.datastore] Locked base cache layer '/home/xiexuhui/miniconda3/envs/instinctlab/lib/python3.11/site-packages/isaacsim/kit/cache/DerivedDataCache'
2026-09-17T07:34:59Z [112ms] [Info] [omni.datastore] Found existing cache sub folder. Merging /home/xiexuhui/miniconda3/envs/instinctlab/lib/python3.11/site-packages/isaacsim/kit/cache/DerivedDataCache/1
2026-09-17T07:34:59Z [113ms] [Info] [carb.ujitsodefault.plugin] DataStoreConfigurator[UJITSOCache]: created local datastore on: '/home/xiexuhui/miniconda3/envs/instinctlab/lib/python3.11/site-packages/isaacsim/kit/cache/DerivedDataCache'
2026-09-17T07:34:59Z [113ms] [Info] [carb] Initializing plugin: carb.ujitsoagent.plugin (interfaces: [carb::ujitso::IAgent v0.5],[carb::ujitso::IFactory v0.2],[carb::ujitso::IRegistry v0.1],[carb::ujitso::IService v0.10]) (impl: carb.ujitsoagent.plugin)
2026-09-17T07:34:59Z [113ms] [Info] [carb.ujitsoagent.plugin] UJITSO: ProcessorRegistry(): globalProcessorVersion:0, addKitGitHashToVersion:0, resolvedGitHash:''
2026-09-17T07:34:59Z [113ms] [Info] [carb] Initializing plugin: carb.stats.plugin (interfaces: [carb::stats::IStats v2.1]) (impl: carb.stats.plugin)
2026-09-17T07:34:59Z [113ms] [Info] [carb] Initializing plugin: carb.datasource-omniclient.plugin (interfaces: [carb::datasource::IDataSource v1.1]) (impl: carb.datasource-omniclient.plugin)
2026-09-17T07:34:59Z [114ms] [Info] [carb] Plugin omni.ujitso.default.ext.plugin is already a dependency of carb.ujitsodefault.plugin; not changing unload order
2026-09-17T07:34:59Z [115ms] [Info] [omni.ext._impl._internal] Searching for classes derived from 'omni.ext.IExt' in 'omni.ujitso.default' ('/home/xiexuhui/miniconda3/envs/instinctlab/lib/python3.11/site-packages/isaacsim/extscache/omni.ujitso.default-1.0.0+69cbf6ad.lx64.r.cp311')
2026-09-17T07:34:59Z [115ms] [Info] [omni.ext.plugin] [ext: omni.ujitso.default-1.0.0] started, startup time: 7 (ms)
2026-09-17T07:34:59Z [115ms] [Info] [omni.ext.plugin] About to startup: [ext: omni.gpu_foundation.shadercache.vulkan-1.0.0] (order: 0) Triggered by: omni.gpu_foundation-0.0.0 (path: /home/xiexuhui/miniconda3/envs/instinctlab/lib/python3.11/site-packages/isaacsim/extscache/omni.gpu_foundation.shadercache.vulkan-1.0.0+69cbf6ad.lx64.r)
2026-09-17T07:34:59Z [115ms] [Info] [omni.kit.app.plugin] [0.141s] [ext: omni.gpu_foundation.shadercache.vulkan-1.0.0] startup
2026-09-17T07:34:59Z [118ms] [Info] [omni.ext._impl._internal] Searching for classes derived from 'omni.ext.IExt' in 'omni.gpu_foundation.shadercache.vulkan' ('/home/xiexuhui/miniconda3/envs/instinctlab/lib/python3.11/site-packages/isaacsim/extscache/omni.gpu_foundation.shadercache.vulkan-1.0.0+69cbf6ad.lx64.r')
2026-09-17T07:34:59Z [118ms] [Info] [omni.ext._impl._internal] Found class `_ShaderCacheExt` derived from `omni.ext.IExt` in module: 'omni.gpu_foundation.shadercache.vulkan' in '/home/xiexuhui/miniconda3/envs/instinctlab/lib/python3.11/site-packages/isaacsim/extscache/omni.gpu_foundation.shadercache.vulkan-1.0.0+69cbf6ad.lx64.r'. Calling `on_startup`.
2026-09-17T07:34:59Z [118ms] [Info] [omni.gpu_foundation_factory.impl.foundation_extension] appShaderCachePathList: /home/xiexuhui/miniconda3/envs/instinctlab/lib/python3.11/site-packages/isaacsim/extscache/omni.gpu_foundation.shadercache.vulkan-1.0.0+69cbf6ad.lx64.r/cache/shadercache
2026-09-17T07:34:59Z [118ms] [Info] [omni.gpu_foundation_factory.impl.foundation_extension] appShaderCachePath: /home/xiexuhui/miniconda3/envs/instinctlab/lib/python3.11/site-packages/isaacsim/extscache/omni.gpu_foundation.shadercache.vulkan-1.0.0+69cbf6ad.lx64.r/cache/shadercache
2026-09-17T07:34:59Z [118ms] [Info] [omni.gpu_foundation_factory.impl.foundation_extension] shaderCachePath: /home/xiexuhui/miniconda3/envs/instinctlab/lib/python3.11/site-packages/isaacsim/kit/cache/shadercache
2026-09-17T07:34:59Z [118ms] [Info] [omni.gpu_foundation_factory.impl.foundation_extension] driverAppShaderCachePath: /home/xiexuhui/miniconda3/envs/instinctlab/lib/python3.11/site-packages/isaacsim/extscache/omni.gpu_foundation.shadercache.vulkan-1.0.0+69cbf6ad.lx64.r/cache/nv_shadercache
2026-09-17T07:34:59Z [118ms] [Info] [omni.gpu_foundation_factory.impl.foundation_extension] driverShaderCachePath: /home/xiexuhui/miniconda3/envs/instinctlab/lib/python3.11/site-packages/isaacsim/kit/cache/nv_shadercache
2026-09-17T07:34:59Z [118ms] [Info] [omni.ext.plugin] [ext: omni.gpu_foundation.shadercache.vulkan-1.0.0] started, startup time: 3 (ms)
2026-09-17T07:34:59Z [118ms] [Info] [omni.ext.plugin] About to startup: [ext: omni.assets.plugins-0.0.0] (order: 0) Triggered by: carb.audio-0.1.0, omni.convexdecomposition-107.3.26, omni.gpu_foundation-0.0.0, omni.usd-1.13.10 (path: /home/xiexuhui/miniconda3/envs/instinctlab/lib/python3.11/site-packages/isaacsim/extscache/omni.assets.plugins-0.0.0+69cbf6ad.lx64.r)
2026-09-17T07:34:59Z [118ms] [Info] [omni.kit.app.plugin] [0.144s] [ext: omni.assets.plugins-0.0.0] startup
2026-09-17T07:34:59Z [119ms] [Info] [carb] Registered plugin: carb.assets.plugin (interfaces: [carb::assets::IAssets v2.0],[carb::assets::IAssetsBlob v1.0]) (impl: carb.assets.plugin)
2026-09-17T07:34:59Z [119ms] [Info] [carb] Registered plugin: carb.datasource-file.plugin (interfaces: [carb::datasource::IDataSource v1.1]) (impl: carb.datasource-file.plugin)
2026-09-17T07:34:59Z [121ms] [Info] [carb] Registered plugin: carb.imaging.plugin (interfaces: [carb::imaging::IImaging v2.6]) (impl: carb.imaging.plugin)
2026-09-17T07:34:59Z [121ms] [Info] [carb] Registered plugin: carb.progress.plugin (interfaces: [carb::progress::IProgress v1.0]) (impl: carb.progress.plugin)
2026-09-17T07:34:59Z [121ms] [Info] [omni.ext.plugin] [ext: omni.assets.plugins-0.0.0] started, startup time: 3 (ms)
2026-09-17T07:34:59Z [121ms] [Info] [omni.ext.plugin] About to startup: [ext: omni.gpu_foundation-0.0.0] (order: -100000) Triggered by: omni.gpucompute.plugins-0.0.0, omni.hydra.usdrt_delegate-7.5.1, omni.physx.foundation-107.3.26, omni.resourcemonitor-107.0.1 (path: /home/xiexuhui/miniconda3/envs/instinctlab/lib/python3.11/site-packages/isaacsim/extscache/omni.gpu_foundation-0.0.0+69cbf6ad.lx64.r.cp311)
2026-09-17T07:34:59Z [121ms] [Info] [omni.kit.app.plugin] [0.147s] [ext: omni.gpu_foundation-0.0.0] startup
2026-09-17T07:34:59Z [126ms] [Info] [carb] Registered plugin: carb.graphics-vulkan.plugin (interfaces: [carb::graphics::Graphics v3.7],[carb::ngx::Ngx v0.11],[carb::profiler::IPerfSdkProfiler v1.4]) (impl: carb.graphics-vulkan.plugin)
2026-09-17T07:34:59Z [126ms] [Info] [carb] Registered plugin: carb.graphics_optional.plugin (interfaces: [carb::graphics::IOptionalFeatures v2.1]) (impl: carb.graphics_optional.plugin)
2026-09-17T07:34:59Z [130ms] [Info] [carb] Registered plugin: carb.shadercompiler-slang.plugin (interfaces: [carb::shadercompiler::ShaderCompiler v0.6]) (impl: carb.shadercompiler-slang.plugin)
2026-09-17T07:34:59Z [136ms] [Info] [carb] Registered plugin: gpu.foundation.plugin (interfaces: [carb::graphicsmux::GraphicsMux v2.7],[gpu::foundation::IGpuFoundationFactory v1.0],[gpu::foundation::ISystemInfo v0.8],[gpu::realm::Realm v0.1],[gpu::unstable::IMemoryBudgetManagerFactory v0.1],[gpu::vblank::IVBlank v0.1],[rtx::psodb::PsoDb v0.6],[rtx::rendergraph::RenderGraphBuilder v0.14],[rtx::resourcemanager::ResourceManager v1.2],[rtx::shaderdb::ShaderDb v1.9]) (impl: gpu.foundation.plugin)
2026-09-17T07:34:59Z [140ms] [Info] [carb] Registered plugin: carb.blockcompression.plugin (interfaces: [carb::blockcompression::BlockCompression v0.2]) (impl: carb.blockcompression.plugin)
2026-09-17T07:34:59Z [145ms] [Info] [carb] Registered plugin: carb.cudainterop.plugin (interfaces: [carb::cudainterop::CudaInterop v0.17]) (impl: carb.cudainterop.plugin)
2026-09-17T07:34:59Z [149ms] [Info] [carb] Registered plugin: carb.glinterop.plugin (interfaces: [carb::glinterop::GLInterop v0.6]) (impl: carb.glinterop.plugin)
2026-09-17T07:34:59Z [149ms] [Info] [carb] Registered plugin: carb.failureinjector (interfaces: [carb::IFailureInjector v1.0]) (impl: carb.failureinjector)
2026-09-17T07:34:59Z [150ms] [Info] [carb] Registered plugin: carb.memorytracking (interfaces: [carb::memorytracking::IGpuMemoryTracker v0.0],[carb::memorytracking::IMemoryScopeTracker v1.0],[carb::tasking::IFiberEvents v1.0]) (impl: carb.memorytracking)
2026-09-17T07:34:59Z [150ms] [Info] [carb] Registered plugin: omni.gpu_foundation.ext.plugin (interfaces: [omni::ext::IExt v0.1]) (impl: omni.gpu_foundation.ext.plugin)
2026-09-17T07:34:59Z [150ms] [Info] [carb] Registered plugin: omni.gpu_foundation_factory.plugin (interfaces: [omni::gpufoundation::IGpuFoundationFactory v0.1]) (impl: omni.gpu_foundation_factory.plugin)
2026-09-17T07:34:59Z [151ms] [Info] [carb] Registered plugin: carb.imguiregistry.plugin (interfaces: [carb::imgui::ImGuiCallbackRegistry v1.0]) (impl: carb.imguiregistry.plugin)
2026-09-17T07:34:59Z [151ms] [Info] [carb] Registered plugin: omni.streamingstatus.plugin (interfaces: [omni::IStreamingStatusManager v1.1]) (impl: omni.streamingstatus.plugin)
2026-09-17T07:34:59Z [151ms] [Info] [carb] Registered plugin: carb.ujitso.processor.texture.plugin (interfaces: [carb::ujitso::processor::ITextureProcessorLoader v0.1]) (impl: carb.ujitso.processor.texture.plugin)
2026-09-17T07:34:59Z [151ms] [Info] [carb] Initializing plugin: omni.gpu_foundation.ext.plugin (interfaces: [omni::ext::IExt v0.1]) (impl: omni.gpu_foundation.ext.plugin)
2026-09-17T07:34:59Z [151ms] [Info] [omni.ext.plugin] [ext: omni.gpu_foundation-0.0.0] Starting ext::IExt in '/home/xiexuhui/miniconda3/envs/instinctlab/lib/python3.11/site-packages/isaacsim/extscache/omni.gpu_foundation-0.0.0+69cbf6ad.lx64.r.cp311/bin/libomni.gpu_foundation.ext.plugin.so'
2026-09-17T07:34:59Z [152ms] [Info] [carb] Initializing plugin: omni.gpu_foundation_factory.plugin (interfaces: [omni::gpufoundation::IGpuFoundationFactory v0.1]) (impl: omni.gpu_foundation_factory.plugin)
2026-09-17T07:34:59Z [152ms] [Info] [omni.gpu_foundation_factory.plugin] [Graphics API] Vulkan

2026-09-17T07:34:59Z [152ms] [Info] [carb] Initializing plugin: carb.graphics-vulkan.plugin (interfaces: [carb::graphics::Graphics v3.7],[carb::ngx::Ngx v0.11],[carb::profiler::IPerfSdkProfiler v1.4]) (impl: carb.graphics-vulkan.plugin)
2026-09-17T07:34:59Z [152ms] [Info] [carb.graphics-vulkan.plugin] Environment variable overridden: VK_SDK_PATH = 
2026-09-17T07:34:59Z [152ms] [Info] [carb.graphics-vulkan.plugin] Environment variable overridden: VULKAN_SDK = 
2026-09-17T07:34:59Z [152ms] [Info] [carb.graphics-vulkan.plugin] Environment variable overridden: VK_LAYER_PATH = 
2026-09-17T07:34:59Z [152ms] [Info] [carb.graphics-vulkan.plugin] Environment variable overridden: VK_INSTANCE_LAYERS = 
2026-09-17T07:34:59Z [152ms] [Info] [carb.graphics-vulkan.plugin] Environment variable overridden: VULKAN_HEADERS_INSTALL_DIR = 
2026-09-17T07:34:59Z [152ms] [Info] [carb] Initializing plugin: carb.profiler.gpu.plugin (interfaces: [carb::profiler::IGpuProfiler v0.8]) (impl: carb.profiler.gpu.plugin)
2026-09-17T07:34:59Z [152ms] [Info] [carb] Initializing plugin: carb.progress.plugin (interfaces: [carb::progress::IProgress v1.0]) (impl: carb.progress.plugin)
2026-09-17T07:34:59Z [152ms] [Info] [omni.ext._impl._internal] Searching for classes derived from 'omni.ext.IExt' in 'omni.gpu_foundation_factory' ('/home/xiexuhui/miniconda3/envs/instinctlab/lib/python3.11/site-packages/isaacsim/extscache/omni.gpu_foundation-0.0.0+69cbf6ad.lx64.r.cp311')
2026-09-17T07:34:59Z [152ms] [Info] [omni.ext._impl._internal] Found class `GpuFoundationConfig` derived from `omni.ext.IExt` in module: 'omni.gpu_foundation_factory' in '/home/xiexuhui/miniconda3/envs/instinctlab/lib/python3.11/site-packages/isaacsim/extscache/omni.gpu_foundation-0.0.0+69cbf6ad.lx64.r.cp311'. Calling `on_startup`.
2026-09-17T07:34:59Z [152ms] [Info] [omni.ext.plugin] [ext: omni.gpu_foundation-0.0.0] started, startup time: 30 (ms)
2026-09-17T07:34:59Z [152ms] [Info] [omni.ext.plugin] About to startup: [ext: omni.usd.config-1.0.6] (order: 0) Triggered by: omni.usd.libs-1.0.1 (path: /home/xiexuhui/miniconda3/envs/instinctlab/lib/python3.11/site-packages/isaacsim/extscache/omni.usd.config-1.0.6+69cbf6ad)
2026-09-17T07:34:59Z [152ms] [Info] [omni.kit.app.plugin] [0.178s] [ext: omni.usd.config-1.0.6] startup
2026-09-17T07:34:59Z [153ms] [Info] [omni.ext._impl._internal] Searching for classes derived from 'omni.ext.IExt' in 'omni.usd_config' ('/home/xiexuhui/miniconda3/envs/instinctlab/lib/python3.11/site-packages/isaacsim/extscache/omni.usd.config-1.0.6+69cbf6ad')
2026-09-17T07:34:59Z [153ms] [Info] [omni.ext._impl._internal] Found class `Extension` derived from `omni.ext.IExt` in module: 'omni.usd_config' in '/home/xiexuhui/miniconda3/envs/instinctlab/lib/python3.11/site-packages/isaacsim/extscache/omni.usd.config-1.0.6+69cbf6ad'. Calling `on_startup`.
2026-09-17T07:34:59Z [156ms] [Warning] [omni.usd_config.extension] Enable omni.materialx.libs extension to use MaterialX
2026-09-17T07:34:59Z [156ms] [Info] [omni.ext.plugin] [ext: omni.usd.config-1.0.6] started, startup time: 3 (ms)
2026-09-17T07:34:59Z [156ms] [Info] [omni.ext.plugin] About to startup: [ext: omni.gpucompute.plugins-0.0.0] (order: 0) Triggered by: omni.hydra.usdrt_delegate-7.5.1, omni.physx-107.3.26, usdrt.scenegraph-7.6.1 (path: /home/xiexuhui/miniconda3/envs/instinctlab/lib/python3.11/site-packages/isaacsim/extscache/omni.gpucompute.plugins-0.0.0+69cbf6ad.lx64.r)
2026-09-17T07:34:59Z [156ms] [Info] [omni.kit.app.plugin] [0.182s] [ext: omni.gpucompute.plugins-0.0.0] startup
2026-09-17T07:34:59Z [157ms] [Info] [carb] Registered plugin: omni.gpucompute-cuda.plugin (interfaces: [omni::gpucompute::GpuCompute v0.3]) (impl: omni.gpucompute-cuda.plugin)
2026-09-17T07:34:59Z [157ms] [Info] [carb] Registered plugin: omni.gpucompute-d3dvk.plugin (interfaces: [omni::gpucompute::ComputeCompiler v0.1],[omni::gpucompute::GpuCompute v0.3]) (impl: omni.gpucompute-d3dvk.plugin)
2026-09-17T07:34:59Z [157ms] [Info] [omni.ext.plugin] [ext: omni.gpucompute.plugins-0.0.0] started, startup time: 1 (ms)
2026-09-17T07:34:59Z [157ms] [Info] [omni.ext.plugin] About to startup: [ext: omni.usd.libs-1.0.1] (order: -1000) Triggered by: isaacsim.core.cloner-1.4.10, omni.convexdecomposition-107.3.26, omni.isaac.dynamic_control-2.0.7, omni.kit.exec.core-0.13.4, omni.kit.usd.layers-2.2.11, omni.kit.usd.mdl-1.1.5, omni.kit.usd_undo-0.1.8, omni.physics.tensors-107.3.26, omni.physx-107.3.26, omni.physx.cooking-107.3.26, omni.usd.core-1.5.3, omni.usd.metrics.assembler-107.3.1, omni.usd.schema.anim-0.0.0, omni.usd.schema.audio-0.0.0, omni.usd.schema.metrics.assembler-107.3.1, omni.usd.schema.physx-107.3.26, omni.usd.schema.semantics-0.0.0, omni.usd_resolver-1.0.0, omni.usdphysics-107.3.26, usdrt.scenegraph-7.6.1 (path: /home/xiexuhui/miniconda3/envs/instinctlab/lib/python3.11/site-packages/isaacsim/extscache/omni.usd.libs-1.0.1+69cbf6ad.lx64.r.cp311)
2026-09-17T07:34:59Z [157ms] [Info] [omni.kit.app.plugin] [0.183s] [ext: omni.usd.libs-1.0.1] startup
2026-09-17T07:34:59Z [157ms] [Info] [omni.ext.plugin] Loaded the dynamic library from /home/xiexuhui/miniconda3/envs/instinctlab/lib/python3.11/site-packages/isaacsim/extscache/omni.usd.libs-1.0.1+69cbf6ad.lx64.r.cp311/bin/libOpenEXRCore.so
2026-09-17T07:34:59Z [159ms] [Info] [omni.ext.plugin] Loaded the dynamic library from /home/xiexuhui/miniconda3/envs/instinctlab/lib/python3.11/site-packages/isaacsim/extscache/omni.usd.libs-1.0.1+69cbf6ad.lx64.r.cp311/bin/libMaterialXCore.so
2026-09-17T07:34:59Z [160ms] [Info] [omni.ext.plugin] Loaded the dynamic library from /home/xiexuhui/miniconda3/envs/instinctlab/lib/python3.11/site-packages/isaacsim/extscache/omni.usd.libs-1.0.1+69cbf6ad.lx64.r.cp311/bin/libMaterialXFormat.so
2026-09-17T07:34:59Z [161ms] [Info] [omni.ext.plugin] Loaded the dynamic library from /home/xiexuhui/miniconda3/envs/instinctlab/lib/python3.11/site-packages/isaacsim/extscache/omni.usd.libs-1.0.1+69cbf6ad.lx64.r.cp311/bin/libMaterialXGenShader.so
2026-09-17T07:34:59Z [162ms] [Info] [omni.ext.plugin] Loaded the dynamic library from /home/xiexuhui/miniconda3/envs/instinctlab/lib/python3.11/site-packages/isaacsim/extscache/omni.usd.libs-1.0.1+69cbf6ad.lx64.r.cp311/bin/libMaterialXRender.so
2026-09-17T07:34:59Z [162ms] [Info] [omni.ext.plugin] Loaded the dynamic library from /home/xiexuhui/miniconda3/envs/instinctlab/lib/python3.11/site-packages/isaacsim/extscache/omni.usd.libs-1.0.1+69cbf6ad.lx64.r.cp311/bin/libMaterialXRenderOsl.so
2026-09-17T07:34:59Z [163ms] [Info] [omni.ext.plugin] Loaded the dynamic library from /home/xiexuhui/miniconda3/envs/instinctlab/lib/python3.11/site-packages/isaacsim/extscache/omni.usd.libs-1.0.1+69cbf6ad.lx64.r.cp311/bin/libusd_arch.so
2026-09-17T07:34:59Z [164ms] [Info] [omni.ext.plugin] Loaded the dynamic library from /home/xiexuhui/miniconda3/envs/instinctlab/lib/python3.11/site-packages/isaacsim/extscache/omni.usd.libs-1.0.1+69cbf6ad.lx64.r.cp311/bin/libtbb.so
2026-09-17T07:34:59Z [164ms] [Info] [omni.ext.plugin] Loaded the dynamic library from /home/xiexuhui/miniconda3/envs/instinctlab/lib/python3.11/site-packages/isaacsim/extscache/omni.usd.libs-1.0.1+69cbf6ad.lx64.r.cp311/bin/libboost_python311.so
2026-09-17T07:34:59Z [167ms] [Info] [omni.ext.plugin] Loaded the dynamic library from /home/xiexuhui/miniconda3/envs/instinctlab/lib/python3.11/site-packages/isaacsim/extscache/omni.usd.libs-1.0.1+69cbf6ad.lx64.r.cp311/bin/libusd_tf.so
2026-09-17T07:34:59Z [168ms] [Info] [omni.ext.plugin] Loaded the dynamic library from /home/xiexuhui/miniconda3/envs/instinctlab/lib/python3.11/site-packages/isaacsim/extscache/omni.usd.libs-1.0.1+69cbf6ad.lx64.r.cp311/bin/libusd_garch.so
2026-09-17T07:34:59Z [170ms] [Info] [omni.ext.plugin] Loaded the dynamic library from /home/xiexuhui/miniconda3/envs/instinctlab/lib/python3.11/site-packages/isaacsim/extscache/omni.usd.libs-1.0.1+69cbf6ad.lx64.r.cp311/bin/libusd_work.so
2026-09-17T07:34:59Z [170ms] [Info] [omni.ext.plugin] Loaded the dynamic library from /home/xiexuhui/miniconda3/envs/instinctlab/lib/python3.11/site-packages/isaacsim/extscache/omni.usd.libs-1.0.1+69cbf6ad.lx64.r.cp311/bin/libusd_js.so
2026-09-17T07:34:59Z [171ms] [Info] [omni.ext.plugin] Loaded the dynamic library from /home/xiexuhui/miniconda3/envs/instinctlab/lib/python3.11/site-packages/isaacsim/extscache/omni.usd.libs-1.0.1+69cbf6ad.lx64.r.cp311/bin/libusd_trace.so
2026-09-17T07:34:59Z [172ms] [Info] [omni.ext.plugin] Loaded the dynamic library from /home/xiexuhui/miniconda3/envs/instinctlab/lib/python3.11/site-packages/isaacsim/extscache/omni.usd.libs-1.0.1+69cbf6ad.lx64.r.cp311/bin/libusd_plug.so
2026-09-17T07:34:59Z [173ms] [Info] [omni.ext.plugin] Loaded the dynamic library from /home/xiexuhui/miniconda3/envs/instinctlab/lib/python3.11/site-packages/isaacsim/extscache/omni.usd.libs-1.0.1+69cbf6ad.lx64.r.cp311/bin/libusd_gf.so
2026-09-17T07:34:59Z [176ms] [Info] [omni.ext.plugin] Loaded the dynamic library from /home/xiexuhui/miniconda3/envs/instinctlab/lib/python3.11/site-packages/isaacsim/extscache/omni.usd.libs-1.0.1+69cbf6ad.lx64.r.cp311/bin/libusd_vt.so
2026-09-17T07:34:59Z [177ms] [Info] [omni.ext.plugin] Loaded the dynamic library from /home/xiexuhui/miniconda3/envs/instinctlab/lib/python3.11/site-packages/isaacsim/extscache/omni.usd.libs-1.0.1+69cbf6ad.lx64.r.cp311/bin/libusd_ar.so
2026-09-17T07:34:59Z [179ms] [Info] [omni.ext.plugin] Loaded the dynamic library from /home/xiexuhui/miniconda3/envs/instinctlab/lib/python3.11/site-packages/isaacsim/extscache/omni.usd.libs-1.0.1+69cbf6ad.lx64.r.cp311/bin/libusd_hio.so
2026-09-17T07:34:59Z [186ms] [Info] [omni.ext.plugin] Loaded the dynamic library from /home/xiexuhui/miniconda3/envs/instinctlab/lib/python3.11/site-packages/isaacsim/extscache/omni.usd.libs-1.0.1+69cbf6ad.lx64.r.cp311/bin/libusd_sdf.so
2026-09-17T07:34:59Z [188ms] [Info] [omni.ext.plugin] Loaded the dynamic library from /home/xiexuhui/miniconda3/envs/instinctlab/lib/python3.11/site-packages/isaacsim/extscache/omni.usd.libs-1.0.1+69cbf6ad.lx64.r.cp311/bin/libusd_glf.so
2026-09-17T07:34:59Z [189ms] [Info] [omni.ext.plugin] Loaded the dynamic library from /home/xiexuhui/miniconda3/envs/instinctlab/lib/python3.11/site-packages/isaacsim/extscache/omni.usd.libs-1.0.1+69cbf6ad.lx64.r.cp311/bin/libosdCPU.so
2026-09-17T07:34:59Z [189ms] [Info] [omni.ext.plugin] Loaded the dynamic library from /home/xiexuhui/miniconda3/envs/instinctlab/lib/python3.11/site-packages/isaacsim/extscache/omni.usd.libs-1.0.1+69cbf6ad.lx64.r.cp311/bin/libusd_pxOsd.so
2026-09-17T07:34:59Z [190ms] [Info] [omni.ext.plugin] Loaded the dynamic library from /home/xiexuhui/miniconda3/envs/instinctlab/lib/python3.11/site-packages/isaacsim/extscache/omni.usd.libs-1.0.1+69cbf6ad.lx64.r.cp311/bin/libusd_geomUtil.so
2026-09-17T07:34:59Z [190ms] [Info] [omni.ext.plugin] Loaded the dynamic library from /home/xiexuhui/miniconda3/envs/instinctlab/lib/python3.11/site-packages/isaacsim/extscache/omni.usd.libs-1.0.1+69cbf6ad.lx64.r.cp311/bin/libusd_cameraUtil.so
2026-09-17T07:34:59Z [190ms] [Info] [omni.ext.plugin] Loaded the dynamic library from /home/xiexuhui/miniconda3/envs/instinctlab/lib/python3.11/site-packages/isaacsim/extscache/omni.usd.libs-1.0.1+69cbf6ad.lx64.r.cp311/bin/libusd_hf.so
2026-09-17T07:34:59Z [191ms] [Info] [omni.ext.plugin] Loaded the dynamic library from /home/xiexuhui/miniconda3/envs/instinctlab/lib/python3.11/site-packages/isaacsim/extscache/omni.usd.libs-1.0.1+69cbf6ad.lx64.r.cp311/bin/libusd_ndr.so
2026-09-17T07:34:59Z [192ms] [Info] [omni.ext.plugin] Loaded the dynamic library from /home/xiexuhui/miniconda3/envs/instinctlab/lib/python3.11/site-packages/isaacsim/extscache/omni.usd.libs-1.0.1+69cbf6ad.lx64.r.cp311/bin/libusd_sdr.so
2026-09-17T07:34:59Z [199ms] [Info] [omni.ext.plugin] Loaded the dynamic library from /home/xiexuhui/miniconda3/envs/instinctlab/lib/python3.11/site-packages/isaacsim/extscache/omni.usd.libs-1.0.1+69cbf6ad.lx64.r.cp311/bin/libusd_hd.so
2026-09-17T07:34:59Z [200ms] [Info] [omni.ext.plugin] Loaded the dynamic library from /home/xiexuhui/miniconda3/envs/instinctlab/lib/python3.11/site-packages/isaacsim/extscache/omni.usd.libs-1.0.1+69cbf6ad.lx64.r.cp311/bin/libusd_kind.so
2026-09-17T07:34:59Z [202ms] [Info] [omni.ext.plugin] Loaded the dynamic library from /home/xiexuhui/miniconda3/envs/instinctlab/lib/python3.11/site-packages/isaacsim/extscache/omni.usd.libs-1.0.1+69cbf6ad.lx64.r.cp311/bin/libusd_pcp.so
2026-09-17T07:34:59Z [210ms] [Info] [omni.ext.plugin] Loaded the dynamic library from /home/xiexuhui/miniconda3/envs/instinctlab/lib/python3.11/site-packages/isaacsim/extscache/omni.usd.libs-1.0.1+69cbf6ad.lx64.r.cp311/bin/libusd_usd.so
2026-09-17T07:34:59Z [214ms] [Info] [omni.ext.plugin] Loaded the dynamic library from /home/xiexuhui/miniconda3/envs/instinctlab/lib/python3.11/site-packages/isaacsim/extscache/omni.usd.libs-1.0.1+69cbf6ad.lx64.r.cp311/bin/libusd_usdGeom.so
2026-09-17T07:34:59Z [218ms] [Info] [omni.ext.plugin] Loaded the dynamic library from /home/xiexuhui/miniconda3/envs/instinctlab/lib/python3.11/site-packages/isaacsim/extscache/omni.usd.libs-1.0.1+69cbf6ad.lx64.r.cp311/bin/libusd_hdsi.so
2026-09-17T07:34:59Z [218ms] [Info] [omni.ext.plugin] Loaded the dynamic library from /home/xiexuhui/miniconda3/envs/instinctlab/lib/python3.11/site-packages/isaacsim/extscache/omni.usd.libs-1.0.1+69cbf6ad.lx64.r.cp311/bin/libusd_hgi.so
2026-09-17T07:34:59Z [220ms] [Info] [omni.ext.plugin] Loaded the dynamic library from /home/xiexuhui/miniconda3/envs/instinctlab/lib/python3.11/site-packages/isaacsim/extscache/omni.usd.libs-1.0.1+69cbf6ad.lx64.r.cp311/bin/libusd_hgiGL.so
2026-09-17T07:34:59Z [220ms] [Info] [omni.ext.plugin] Loaded the dynamic library from /home/xiexuhui/miniconda3/envs/instinctlab/lib/python3.11/site-packages/isaacsim/extscache/omni.usd.libs-1.0.1+69cbf6ad.lx64.r.cp311/bin/libusd_hgiInterop.so
2026-09-17T07:34:59Z [221ms] [Info] [omni.ext.plugin] Loaded the dynamic library from /home/xiexuhui/miniconda3/envs/instinctlab/lib/python3.11/site-packages/isaacsim/extscache/omni.usd.libs-1.0.1+69cbf6ad.lx64.r.cp311/bin/libusd_usdUI.so
2026-09-17T07:34:59Z [224ms] [Info] [omni.ext.plugin] Loaded the dynamic library from /home/xiexuhui/miniconda3/envs/instinctlab/lib/python3.11/site-packages/isaacsim/extscache/omni.usd.libs-1.0.1+69cbf6ad.lx64.r.cp311/bin/libusd_usdShade.so
2026-09-17T07:34:59Z [226ms] [Info] [omni.ext.plugin] Loaded the dynamic library from /home/xiexuhui/miniconda3/envs/instinctlab/lib/python3.11/site-packages/isaacsim/extscache/omni.usd.libs-1.0.1+69cbf6ad.lx64.r.cp311/bin/libusd_usdUtils.so
2026-09-17T07:34:59Z [227ms] [Info] [omni.ext.plugin] Loaded the dynamic library from /home/xiexuhui/miniconda3/envs/instinctlab/lib/python3.11/site-packages/isaacsim/extscache/omni.usd.libs-1.0.1+69cbf6ad.lx64.r.cp311/bin/libusd_usdMtlx.so
2026-09-17T07:34:59Z [229ms] [Info] [omni.ext.plugin] Loaded the dynamic library from /home/xiexuhui/miniconda3/envs/instinctlab/lib/python3.11/site-packages/isaacsim/extscache/omni.usd.libs-1.0.1+69cbf6ad.lx64.r.cp311/bin/libusd_hdMtlx.so
2026-09-17T07:34:59Z [230ms] [Info] [omni.ext.plugin] Loaded the dynamic library from /home/xiexuhui/miniconda3/envs/instinctlab/lib/python3.11/site-packages/isaacsim/extscache/omni.usd.libs-1.0.1+69cbf6ad.lx64.r.cp311/bin/libosdGPU.so
2026-09-17T07:34:59Z [231ms] [Info] [omni.ext.plugin] Loaded the dynamic library from /home/xiexuhui/miniconda3/envs/instinctlab/lib/python3.11/site-packages/isaacsim/extscache/omni.usd.libs-1.0.1+69cbf6ad.lx64.r.cp311/bin/libMaterialXGenGlsl.so
2026-09-17T07:34:59Z [231ms] [Info] [omni.ext.plugin] Loaded the dynamic library from /home/xiexuhui/miniconda3/envs/instinctlab/lib/python3.11/site-packages/isaacsim/extscache/omni.usd.libs-1.0.1+69cbf6ad.lx64.r.cp311/bin/libMaterialXGenMsl.so
2026-09-17T07:34:59Z [238ms] [Info] [omni.ext.plugin] Loaded the dynamic library from /home/xiexuhui/miniconda3/envs/instinctlab/lib/python3.11/site-packages/isaacsim/extscache/omni.usd.libs-1.0.1+69cbf6ad.lx64.r.cp311/bin/libusd_hdSt.so
2026-09-17T07:34:59Z [241ms] [Info] [omni.ext.plugin] Loaded the dynamic library from /home/xiexuhui/miniconda3/envs/instinctlab/lib/python3.11/site-packages/isaacsim/extscache/omni.usd.libs-1.0.1+69cbf6ad.lx64.r.cp311/bin/libusd_hdx.so
2026-09-17T07:34:59Z [242ms] [Info] [omni.ext.plugin] Loaded the dynamic library from /home/xiexuhui/miniconda3/envs/instinctlab/lib/python3.11/site-packages/isaacsim/extscache/omni.usd.libs-1.0.1+69cbf6ad.lx64.r.cp311/bin/libusd_hdar.so
2026-09-17T07:34:59Z [244ms] [Info] [omni.ext.plugin] Loaded the dynamic library from /home/xiexuhui/miniconda3/envs/instinctlab/lib/python3.11/site-packages/isaacsim/extscache/omni.usd.libs-1.0.1+69cbf6ad.lx64.r.cp311/bin/libusd_usdLux.so
2026-09-17T07:34:59Z [244ms] [Info] [omni.ext.plugin] Loaded the dynamic library from /home/xiexuhui/miniconda3/envs/instinctlab/lib/python3.11/site-packages/isaacsim/extscache/omni.usd.libs-1.0.1+69cbf6ad.lx64.r.cp311/bin/libusd_usdRender.so
2026-09-17T07:34:59Z [245ms] [Info] [omni.ext.plugin] Loaded the dynamic library from /home/xiexuhui/miniconda3/envs/instinctlab/lib/python3.11/site-packages/isaacsim/extscache/omni.usd.libs-1.0.1+69cbf6ad.lx64.r.cp311/bin/libusd_usdVol.so
2026-09-17T07:34:59Z [255ms] [Info] [omni.ext.plugin] Loaded the dynamic library from /home/xiexuhui/miniconda3/envs/instinctlab/lib/python3.11/site-packages/isaacsim/extscache/omni.usd.libs-1.0.1+69cbf6ad.lx64.r.cp311/bin/libusd_usdImaging.so
2026-09-17T07:34:59Z [258ms] [Info] [omni.ext.plugin] Loaded the dynamic library from /home/xiexuhui/miniconda3/envs/instinctlab/lib/python3.11/site-packages/isaacsim/extscache/omni.usd.libs-1.0.1+69cbf6ad.lx64.r.cp311/bin/libusd_usdImagingGL.so
2026-09-17T07:34:59Z [258ms] [Info] [omni.ext.plugin] Loaded the dynamic library from /home/xiexuhui/miniconda3/envs/instinctlab/lib/python3.11/site-packages/isaacsim/extscache/omni.usd.libs-1.0.1+69cbf6ad.lx64.r.cp311/bin/libImath-3_1.so
2026-09-17T07:34:59Z [259ms] [Info] [omni.ext.plugin] Loaded the dynamic library from /home/xiexuhui/miniconda3/envs/instinctlab/lib/python3.11/site-packages/isaacsim/extscache/omni.usd.libs-1.0.1+69cbf6ad.lx64.r.cp311/bin/libAlembic.so
2026-09-17T07:34:59Z [260ms] [Info] [omni.ext.plugin] Loaded the dynamic library from /home/xiexuhui/miniconda3/envs/instinctlab/lib/python3.11/site-packages/isaacsim/extscache/omni.usd.libs-1.0.1+69cbf6ad.lx64.r.cp311/bin/libusd_hdGp.so
2026-09-17T07:34:59Z [261ms] [Info] [omni.ext.plugin] Loaded the dynamic library from /home/xiexuhui/miniconda3/envs/instinctlab/lib/python3.11/site-packages/isaacsim/extscache/omni.usd.libs-1.0.1+69cbf6ad.lx64.r.cp311/bin/libIex.so
2026-09-17T07:34:59Z [262ms] [Info] [omni.ext.plugin] Loaded the dynamic library from /home/xiexuhui/miniconda3/envs/instinctlab/lib/python3.11/site-packages/isaacsim/extscache/omni.usd.libs-1.0.1+69cbf6ad.lx64.r.cp311/bin/libIex-3_3.so
2026-09-17T07:34:59Z [262ms] [Info] [omni.ext.plugin] Loaded the dynamic library from /home/xiexuhui/miniconda3/envs/instinctlab/lib/python3.11/site-packages/isaacsim/extscache/omni.usd.libs-1.0.1+69cbf6ad.lx64.r.cp311/bin/libIlmThread-3_3.so
2026-09-17T07:34:59Z [263ms] [Info] [omni.ext.plugin] Loaded the dynamic library from /home/xiexuhui/miniconda3/envs/instinctlab/lib/python3.11/site-packages/isaacsim/extscache/omni.usd.libs-1.0.1+69cbf6ad.lx64.r.cp311/bin/libOpenEXRCore-3_3.so
2026-09-17T07:34:59Z [264ms] [Info] [omni.ext.plugin] Loaded the dynamic library from /home/xiexuhui/miniconda3/envs/instinctlab/lib/python3.11/site-packages/isaacsim/extscache/omni.usd.libs-1.0.1+69cbf6ad.lx64.r.cp311/bin/libOpenEXR-3_3.so
2026-09-17T07:34:59Z [264ms] [Info] [omni.ext.plugin] Loaded the dynamic library from /home/xiexuhui/miniconda3/envs/instinctlab/lib/python3.11/site-packages/isaacsim/extscache/omni.usd.libs-1.0.1+69cbf6ad.lx64.r.cp311/bin/libOpenEXRUtil.so
2026-09-17T07:34:59Z [265ms] [Info] [omni.ext.plugin] Loaded the dynamic library from /home/xiexuhui/miniconda3/envs/instinctlab/lib/python3.11/site-packages/isaacsim/extscache/omni.usd.libs-1.0.1+69cbf6ad.lx64.r.cp311/bin/libjpeg.so
2026-09-17T07:34:59Z [265ms] [Info] [omni.ext.plugin] Loaded the dynamic library from /home/xiexuhui/miniconda3/envs/instinctlab/lib/python3.11/site-packages/isaacsim/extscache/omni.usd.libs-1.0.1+69cbf6ad.lx64.r.cp311/bin/libMaterialXGenMdl.so
2026-09-17T07:34:59Z [267ms] [Info] [omni.ext.plugin] Loaded the dynamic library from /home/xiexuhui/miniconda3/envs/instinctlab/lib/python3.11/site-packages/isaacsim/extscache/omni.usd.libs-1.0.1+69cbf6ad.lx64.r.cp311/bin/libMaterialXRenderHw.so
2026-09-17T07:34:59Z [267ms] [Info] [omni.ext.plugin] Loaded the dynamic library from /home/xiexuhui/miniconda3/envs/instinctlab/lib/python3.11/site-packages/isaacsim/extscache/omni.usd.libs-1.0.1+69cbf6ad.lx64.r.cp311/bin/libboost_filesystem.so
2026-09-17T07:34:59Z [269ms] [Info] [omni.ext.plugin] Loaded the dynamic library from /home/xiexuhui/miniconda3/envs/instinctlab/lib/python3.11/site-packages/isaacsim/extscache/omni.usd.libs-1.0.1+69cbf6ad.lx64.r.cp311/bin/libusd_usdPhysics.so
2026-09-17T07:34:59Z [269ms] [Info] [omni.ext.plugin] Loaded the dynamic library from /home/xiexuhui/miniconda3/envs/instinctlab/lib/python3.11/site-packages/isaacsim/extscache/omni.usd.libs-1.0.1+69cbf6ad.lx64.r.cp311/bin/libboost_system.so
2026-09-17T07:34:59Z [270ms] [Info] [omni.ext.plugin] Loaded the dynamic library from /home/xiexuhui/miniconda3/envs/instinctlab/lib/python3.11/site-packages/isaacsim/extscache/omni.usd.libs-1.0.1+69cbf6ad.lx64.r.cp311/bin/libusd_usdProc.so
2026-09-17T07:34:59Z [270ms] [Info] [omni.ext.plugin] Loaded the dynamic library from /home/xiexuhui/miniconda3/envs/instinctlab/lib/python3.11/site-packages/isaacsim/extscache/omni.usd.libs-1.0.1+69cbf6ad.lx64.r.cp311/bin/libz.so
2026-09-17T07:34:59Z [271ms] [Info] [omni.ext.plugin] Loaded the dynamic library from /home/xiexuhui/miniconda3/envs/instinctlab/lib/python3.11/site-packages/isaacsim/extscache/omni.usd.libs-1.0.1+69cbf6ad.lx64.r.cp311/bin/libpng.so
2026-09-17T07:34:59Z [271ms] [Info] [omni.ext.plugin] Loaded the dynamic library from /home/xiexuhui/miniconda3/envs/instinctlab/lib/python3.11/site-packages/isaacsim/extscache/omni.usd.libs-1.0.1+69cbf6ad.lx64.r.cp311/bin/libusd_usdSemantics.so
2026-09-17T07:34:59Z [272ms] [Info] [omni.ext.plugin] Loaded the dynamic library from /home/xiexuhui/miniconda3/envs/instinctlab/lib/python3.11/site-packages/isaacsim/extscache/omni.usd.libs-1.0.1+69cbf6ad.lx64.r.cp311/bin/libMaterialXGenOsl.so
2026-09-17T07:34:59Z [273ms] [Info] [omni.ext.plugin] Loaded the dynamic library from /home/xiexuhui/miniconda3/envs/instinctlab/lib/python3.11/site-packages/isaacsim/extscache/omni.usd.libs-1.0.1+69cbf6ad.lx64.r.cp311/bin/libusd_usdMedia.so
2026-09-17T07:34:59Z [273ms] [Info] [omni.ext.plugin] Loaded the dynamic library from /home/xiexuhui/miniconda3/envs/instinctlab/lib/python3.11/site-packages/isaacsim/extscache/omni.usd.libs-1.0.1+69cbf6ad.lx64.r.cp311/bin/libImath.so
2026-09-17T07:34:59Z [273ms] [Info] [omni.ext.plugin] Loaded the dynamic library from /home/xiexuhui/miniconda3/envs/instinctlab/lib/python3.11/site-packages/isaacsim/extscache/omni.usd.libs-1.0.1+69cbf6ad.lx64.r.cp311/bin/libtiff.so
2026-09-17T07:34:59Z [274ms] [Info] [omni.ext.plugin] Loaded the dynamic library from /home/xiexuhui/miniconda3/envs/instinctlab/lib/python3.11/site-packages/isaacsim/extscache/omni.usd.libs-1.0.1+69cbf6ad.lx64.r.cp311/bin/libtiffxx.so
2026-09-17T07:34:59Z [274ms] [Info] [omni.ext.plugin] Loaded the dynamic library from /home/xiexuhui/miniconda3/envs/instinctlab/lib/python3.11/site-packages/isaacsim/extscache/omni.usd.libs-1.0.1+69cbf6ad.lx64.r.cp311/bin/libboost_thread.so
2026-09-17T07:34:59Z [277ms] [Info] [omni.ext.plugin] Loaded the dynamic library from /home/xiexuhui/miniconda3/envs/instinctlab/lib/python3.11/site-packages/isaacsim/extscache/omni.usd.libs-1.0.1+69cbf6ad.lx64.r.cp311/bin/libusd_usdSkel.so
2026-09-17T07:34:59Z [278ms] [Info] [omni.ext.plugin] Loaded the dynamic library from /home/xiexuhui/miniconda3/envs/instinctlab/lib/python3.11/site-packages/isaacsim/extscache/omni.usd.libs-1.0.1+69cbf6ad.lx64.r.cp311/bin/libusd_usdVolImaging.so
2026-09-17T07:34:59Z [278ms] [Info] [omni.ext.plugin] Loaded the dynamic library from /home/xiexuhui/miniconda3/envs/instinctlab/lib/python3.11/site-packages/isaacsim/extscache/omni.usd.libs-1.0.1+69cbf6ad.lx64.r.cp311/bin/libtbbmalloc.so
2026-09-17T07:34:59Z [279ms] [Info] [omni.ext.plugin] Loaded the dynamic library from /home/xiexuhui/miniconda3/envs/instinctlab/lib/python3.11/site-packages/isaacsim/extscache/omni.usd.libs-1.0.1+69cbf6ad.lx64.r.cp311/bin/libboost_chrono.so
2026-09-17T07:34:59Z [279ms] [Info] [omni.ext.plugin] Loaded the dynamic library from /home/xiexuhui/miniconda3/envs/instinctlab/lib/python3.11/site-packages/isaacsim/extscache/omni.usd.libs-1.0.1+69cbf6ad.lx64.r.cp311/bin/libboost_date_time.so
2026-09-17T07:34:59Z [281ms] [Info] [omni.ext.plugin] Loaded the dynamic library from /home/xiexuhui/miniconda3/envs/instinctlab/lib/python3.11/site-packages/isaacsim/extscache/omni.usd.libs-1.0.1+69cbf6ad.lx64.r.cp311/bin/libusd_usdSkelImaging.so
2026-09-17T07:34:59Z [282ms] [Info] [omni.ext.plugin] Loaded the dynamic library from /home/xiexuhui/miniconda3/envs/instinctlab/lib/python3.11/site-packages/isaacsim/extscache/omni.usd.libs-1.0.1+69cbf6ad.lx64.r.cp311/bin/libusd_usdProcImaging.so
2026-09-17T07:34:59Z [283ms] [Info] [omni.ext.plugin] Loaded the dynamic library from /home/xiexuhui/miniconda3/envs/instinctlab/lib/python3.11/site-packages/isaacsim/extscache/omni.usd.libs-1.0.1+69cbf6ad.lx64.r.cp311/bin/libtbbmalloc_proxy.so
2026-09-17T07:34:59Z [284ms] [Info] [omni.ext.plugin] Loaded the dynamic library from /home/xiexuhui/miniconda3/envs/instinctlab/lib/python3.11/site-packages/isaacsim/extscache/omni.usd.libs-1.0.1+69cbf6ad.lx64.r.cp311/bin/libMaterialXRenderGlsl.so
2026-09-17T07:34:59Z [284ms] [Info] [omni.ext.plugin] Loaded the dynamic library from /home/xiexuhui/miniconda3/envs/instinctlab/lib/python3.11/site-packages/isaacsim/extscache/omni.usd.libs-1.0.1+69cbf6ad.lx64.r.cp311/bin/libboost_program_options.so
2026-09-17T07:34:59Z [285ms] [Info] [omni.ext.plugin] Loaded the dynamic library from /home/xiexuhui/miniconda3/envs/instinctlab/lib/python3.11/site-packages/isaacsim/extscache/omni.usd.libs-1.0.1+69cbf6ad.lx64.r.cp311/bin/libOpenEXRUtil-3_3.so
2026-09-17T07:34:59Z [286ms] [Info] [omni.ext.plugin] Loaded the dynamic library from /home/xiexuhui/miniconda3/envs/instinctlab/lib/python3.11/site-packages/isaacsim/extscache/omni.usd.libs-1.0.1+69cbf6ad.lx64.r.cp311/bin/libusd_usdRiPxrImaging.so
2026-09-17T07:34:59Z [287ms] [Info] [omni.ext.plugin] Loaded the dynamic library from /home/xiexuhui/miniconda3/envs/instinctlab/lib/python3.11/site-packages/isaacsim/extscache/omni.usd.libs-1.0.1+69cbf6ad.lx64.r.cp311/bin/libboost_container.so
2026-09-17T07:34:59Z [288ms] [Info] [omni.ext.plugin] Loaded the dynamic library from /home/xiexuhui/miniconda3/envs/instinctlab/lib/python3.11/site-packages/isaacsim/extscache/omni.usd.libs-1.0.1+69cbf6ad.lx64.r.cp311/bin/libturbojpeg.so
2026-09-17T07:34:59Z [289ms] [Info] [omni.ext.plugin] Loaded the dynamic library from /home/xiexuhui/miniconda3/envs/instinctlab/lib/python3.11/site-packages/isaacsim/extscache/omni.usd.libs-1.0.1+69cbf6ad.lx64.r.cp311/bin/libusd_usdRi.so
2026-09-17T07:34:59Z [290ms] [Info] [omni.ext.plugin] Loaded the dynamic library from /home/xiexuhui/miniconda3/envs/instinctlab/lib/python3.11/site-packages/isaacsim/extscache/omni.usd.libs-1.0.1+69cbf6ad.lx64.r.cp311/bin/libusd_usdHydra.so
2026-09-17T07:34:59Z [290ms] [Info] [omni.ext.plugin] Loaded the dynamic library from /home/xiexuhui/miniconda3/envs/instinctlab/lib/python3.11/site-packages/isaacsim/extscache/omni.usd.libs-1.0.1+69cbf6ad.lx64.r.cp311/bin/libboost_atomic.so
2026-09-17T07:34:59Z [293ms] [Info] [omni.ext.plugin] Loaded the dynamic library from /home/xiexuhui/miniconda3/envs/instinctlab/lib/python3.11/site-packages/isaacsim/extscache/omni.usd.libs-1.0.1+69cbf6ad.lx64.r.cp311/bin/libusd_usdAppUtils.so
2026-09-17T07:34:59Z [294ms] [Info] [omni.ext.plugin] Loaded the dynamic library from /home/xiexuhui/miniconda3/envs/instinctlab/lib/python3.11/site-packages/isaacsim/extscache/omni.usd.libs-1.0.1+69cbf6ad.lx64.r.cp311/bin/libOpenEXR.so
2026-09-17T07:34:59Z [294ms] [Info] [omni.ext.plugin] Loaded the dynamic library from /home/xiexuhui/miniconda3/envs/instinctlab/lib/python3.11/site-packages/isaacsim/extscache/omni.usd.libs-1.0.1+69cbf6ad.lx64.r.cp311/bin/libboost_regex.so
2026-09-17T07:34:59Z [295ms] [Info] [omni.ext.plugin] Loaded the dynamic library from /home/xiexuhui/miniconda3/envs/instinctlab/lib/python3.11/site-packages/isaacsim/extscache/omni.usd.libs-1.0.1+69cbf6ad.lx64.r.cp311/bin/libpng16.so
2026-09-17T07:34:59Z [297ms] [Info] [omni.ext.plugin] Loaded the dynamic library from /home/xiexuhui/miniconda3/envs/instinctlab/lib/python3.11/site-packages/isaacsim/extscache/omni.usd.libs-1.0.1+69cbf6ad.lx64.r.cp311/bin/libusd_ts.so
2026-09-17T07:34:59Z [297ms] [Info] [omni.ext.plugin] Loaded the dynamic library from /home/xiexuhui/miniconda3/envs/instinctlab/lib/python3.11/site-packages/isaacsim/extscache/omni.usd.libs-1.0.1+69cbf6ad.lx64.r.cp311/bin/libIlmThread.so
2026-09-17T07:34:59Z [298ms] [Info] [omni.ext.plugin] Loaded the dynamic library from /home/xiexuhui/miniconda3/envs/instinctlab/lib/python3.11/site-packages/isaacsim/extscache/omni.usd.libs-1.0.1+69cbf6ad.lx64.r.cp311/bin/libusd_usdBakeMtlx.so
2026-09-17T07:34:59Z [300ms] [Info] [omni.ext.plugin] Loaded the dynamic library from /home/xiexuhui/miniconda3/envs/instinctlab/lib/python3.11/site-packages/isaacsim/extscache/omni.usd.libs-1.0.1+69cbf6ad.lx64.r.cp311/bin/libdraco.so
2026-09-17T07:34:59Z [302ms] [Info] [omni.ext.plugin] Loaded the dynamic library from /home/xiexuhui/miniconda3/envs/instinctlab/lib/python3.11/site-packages/isaacsim/extscache/omni.usd.libs-1.0.1+69cbf6ad.lx64.r.cp311/bin/usd/usdAbc.so
2026-09-17T07:34:59Z [304ms] [Info] [omni.ext.plugin] Loaded the dynamic library from /home/xiexuhui/miniconda3/envs/instinctlab/lib/python3.11/site-packages/isaacsim/extscache/omni.usd.libs-1.0.1+69cbf6ad.lx64.r.cp311/bin/usd/usdDraco.so
2026-09-17T07:34:59Z [305ms] [Info] [carb] Registered plugin: omni.usd-abi.plugin (interfaces: [omni::usd::IPathAbi v0.1],[omni::usd::IRenderProductPrimFactory v1.5],[omni::usd::IRenderSettings v0.2],[omni::usd::IRenderSettingsLegacy v0.1],[omni::usd::IResolverPathAbi v0.2],[omni::usd::ITokenAbi v0.2]) (impl: omni.usd-abi.plugin)
2026-09-17T07:34:59Z [306ms] [Info] [carb] Registered plugin: omni.usd.hydra.renderproduct.plugin (interfaces: [omni::usd::hydra::IRenderProductManager v0.1]) (impl: omni.usd.hydra.renderproduct.plugin)
2026-09-17T07:34:59Z [306ms] [Info] [carb] Registered plugin: omni.tbb.globalcontrol.plugin (interfaces: [omni::tbb::IGlobalControl v1.0]) (impl: omni.tbb.globalcontrol.plugin)
2026-09-17T07:34:59Z [310ms] [Info] [carb] Registered plugin: omni.fabric.plugin (interfaces: [omni::fabric::IChangeTrackerConfig v0.5],[omni::fabric::IConnectivity v1.7],[omni::fabric::IFabric v0.9],[omni::fabric::IFabricContextManager v1.0],[omni::fabric::IFabricInspector v0.2],[omni::fabric::IFabricRingBuffer v1.2],[omni::fabric::IFabricSampleStorage v0.3],[omni::fabric::IFabricUsd v0.2],[omni::fabric::IFineGrainedChangeTracker v0.2],[omni::fabric::IObjectDirectory v1.0],[omni::fabric::IPath v0.2],[omni::fabric::IPlatform v0.2],[omni::fabric::IPopulator v0.1],[omni::fabric::IPrimBucketList v0.5],[omni::fabric::ISerializer v0.3],[omni::fabric::ISimStageWithHistory v0.2],[omni::fabric::IStageAtTimeInterval v0.7],[omni::fabric::IStageAtTimeIntervalLegacy v0.1],[omni::fabric::IStageReaderWriter v0.14],[omni::fabric::IStageReaderWriterLegacy v0.5],[omni::fabric::IStats v1.0],[omni::fabric::IToken v0.1],[omni::fabric::batch::iBatch v0.3]) (impl: omni.fabric.plugin)
2026-09-17T07:34:59Z [310ms] [Info] [omni.ext.plugin] [ext: omni.usd.libs-1.0.1] started, startup time: 153 (ms)
2026-09-17T07:34:59Z [310ms] [Info] [omni.ext.plugin] About to startup: [ext: omni.mdl-56.0.3] (order: 0) Triggered by: omni.mdl.neuraylib-0.2.12 (path: /home/xiexuhui/miniconda3/envs/instinctlab/lib/python3.11/site-packages/isaacsim/extscache/omni.mdl-56.0.3+69cbf6ad.lx64.r.cp311)
2026-09-17T07:34:59Z [310ms] [Info] [omni.kit.app.plugin] [0.337s] [ext: omni.mdl-56.0.3] startup
2026-09-17T07:34:59Z [431ms] [Info] [omni.ext._impl._internal] Searching for classes derived from 'omni.ext.IExt' in 'omni.mdl.pymdlsdk' ('/home/xiexuhui/miniconda3/envs/instinctlab/lib/python3.11/site-packages/isaacsim/extscache/omni.mdl-56.0.3+69cbf6ad.lx64.r.cp311')
2026-09-17T07:34:59Z [432ms] [Info] [omni.ext._impl._internal] Searching for classes derived from 'omni.ext.IExt' in 'omni.mdl.extensions' ('/home/xiexuhui/miniconda3/envs/instinctlab/lib/python3.11/site-packages/isaacsim/extscache/omni.mdl-56.0.3+69cbf6ad.lx64.r.cp311')
2026-09-17T07:34:59Z [433ms] [Info] [omni.ext._impl._internal] Searching for classes derived from 'omni.ext.IExt' in 'omni.mdl.pymdl' ('/home/xiexuhui/miniconda3/envs/instinctlab/lib/python3.11/site-packages/isaacsim/extscache/omni.mdl-56.0.3+69cbf6ad.lx64.r.cp311')
2026-09-17T07:34:59Z [433ms] [Info] [omni.ext.plugin] [ext: omni.mdl-56.0.3] started, startup time: 122 (ms)
2026-09-17T07:34:59Z [433ms] [Info] [omni.ext.plugin] About to startup: [ext: omni.iray.libs-0.0.0] (order: 0) Triggered by: omni.mdl.neuraylib-0.2.12 (path: /home/xiexuhui/miniconda3/envs/instinctlab/lib/python3.11/site-packages/isaacsim/extscache/omni.iray.libs-0.0.0+69cbf6ad.lx64.r)
2026-09-17T07:34:59Z [433ms] [Info] [omni.kit.app.plugin] [0.459s] [ext: omni.iray.libs-0.0.0] startup
2026-09-17T07:34:59Z [437ms] [Info] [omni.ext.plugin] Loaded the dynamic library from /home/xiexuhui/miniconda3/envs/instinctlab/lib/python3.11/site-packages/isaacsim/extscache/omni.iray.libs-0.0.0+69cbf6ad.lx64.r/bin/iray/liboptix_prime.so.1
2026-09-17T07:34:59Z [446ms] [Info] [omni.ext.plugin] Loaded the dynamic library from /home/xiexuhui/miniconda3/envs/instinctlab/lib/python3.11/site-packages/isaacsim/extscache/omni.iray.libs-0.0.0+69cbf6ad.lx64.r/bin/iray/libiray.so
2026-09-17T07:34:59Z [471ms] [Info] [omni.ext.plugin] Loaded the dynamic library from /home/xiexuhui/miniconda3/envs/instinctlab/lib/python3.11/site-packages/isaacsim/extscache/omni.iray.libs-0.0.0+69cbf6ad.lx64.r/bin/iray/libneuray.so
2026-09-17T07:34:59Z [473ms] [Info] [omni.ext.plugin] Loaded the dynamic library from /home/xiexuhui/miniconda3/envs/instinctlab/lib/python3.11/site-packages/isaacsim/extscache/omni.iray.libs-0.0.0+69cbf6ad.lx64.r/bin/mdl-distiller/mdl_distiller.so
2026-09-17T07:34:59Z [474ms] [Info] [omni.ext.plugin] Loaded the dynamic library from /home/xiexuhui/miniconda3/envs/instinctlab/lib/python3.11/site-packages/isaacsim/extscache/omni.iray.libs-0.0.0+69cbf6ad.lx64.r/bin/mdl-distiller/mdl_lod_distiller.so
2026-09-17T07:34:59Z [474ms] [Info] [omni.ext.plugin] [ext: omni.iray.libs-0.0.0] started, startup time: 41 (ms)
2026-09-17T07:34:59Z [474ms] [Info] [omni.ext.plugin] About to startup: [ext: omni.mdl.neuraylib-0.2.12] (order: 0) Triggered by: omni.kit.usd.mdl-1.1.5 (path: /home/xiexuhui/miniconda3/envs/instinctlab/lib/python3.11/site-packages/isaacsim/extscache/omni.mdl.neuraylib-0.2.12+69cbf6ad.lx64.r.cp311)
2026-09-17T07:34:59Z [474ms] [Info] [omni.kit.app.plugin] [0.500s] [ext: omni.mdl.neuraylib-0.2.12] startup
2026-09-17T07:34:59Z [475ms] [Info] [carb] Registered plugin: rtx.neuraylib.plugin (interfaces: [rtx::neuray::NeurayLib v1.5]) (impl: rtx.neuraylib.plugin)
2026-09-17T07:34:59Z [479ms] [Info] [omni.ext._impl._internal] Searching for classes derived from 'omni.ext.IExt' in 'omni.mdl.neuraylib' ('/home/xiexuhui/miniconda3/envs/instinctlab/lib/python3.11/site-packages/isaacsim/extscache/omni.mdl.neuraylib-0.2.12+69cbf6ad.lx64.r.cp311')
2026-09-17T07:34:59Z [479ms] [Info] [omni.ext.plugin] [ext: omni.mdl.neuraylib-0.2.12] started, startup time: 4 (ms)
2026-09-17T07:34:59Z [479ms] [Info] [omni.ext.plugin] About to startup: [ext: omni.kit.usd.mdl-1.1.5] (order: -1000) Triggered by: isaaclab.python.headless-2.3.2 (path: /home/xiexuhui/miniconda3/envs/instinctlab/lib/python3.11/site-packages/isaacsim/extscache/omni.kit.usd.mdl-1.1.5+69cbf6ad.lx64.r.cp311)
2026-09-17T07:34:59Z [479ms] [Info] [omni.kit.app.plugin] [0.505s] [ext: omni.kit.usd.mdl-1.1.5] startup
2026-09-17T07:34:59Z [481ms] [Info] [carb] Registered plugin: rtx.usdmdl.plugin (interfaces: [rtx::usdmdl::IUsdMdl v1.0]) (impl: rtx.usdmdl.plugin)
2026-09-17T07:35:00Z [611ms] [Info] [omni.ext._impl._internal] Searching for classes derived from 'omni.ext.IExt' in 'omni.UsdMdl' ('/home/xiexuhui/miniconda3/envs/instinctlab/lib/python3.11/site-packages/isaacsim/extscache/omni.kit.usd.mdl-1.1.5+69cbf6ad.lx64.r.cp311')
2026-09-17T07:35:00Z [611ms] [Info] [omni.ext._impl._internal] Searching for classes derived from 'omni.ext.IExt' in 'omni.kit.usd.mdl' ('/home/xiexuhui/miniconda3/envs/instinctlab/lib/python3.11/site-packages/isaacsim/extscache/omni.kit.usd.mdl-1.1.5+69cbf6ad.lx64.r.cp311')
2026-09-17T07:35:00Z [611ms] [Info] [omni.ext._impl._internal] Found class `Ext` derived from `omni.ext.IExt` in module: 'omni.kit.usd.mdl' in '/home/xiexuhui/miniconda3/envs/instinctlab/lib/python3.11/site-packages/isaacsim/extscache/omni.kit.usd.mdl-1.1.5+69cbf6ad.lx64.r.cp311'. Calling `on_startup`.
2026-09-17T07:35:00Z [612ms] [Info] [carb] Initializing plugin: rtx.usdmdl.plugin (interfaces: [rtx::usdmdl::IUsdMdl v1.0]) (impl: rtx.usdmdl.plugin)
2026-09-17T07:35:00Z [612ms] [Info] [omni.ext.plugin] [ext: omni.kit.usd.mdl-1.1.5] started, startup time: 132 (ms)
2026-09-17T07:35:00Z [612ms] [Info] [omni.ext.plugin] About to startup: [ext: omni.kit.telemetry-0.5.2] (order: -1000) Triggered by: isaaclab.python.headless-2.3.2 (path: /home/xiexuhui/miniconda3/envs/instinctlab/lib/python3.11/site-packages/isaacsim/extscache/omni.kit.telemetry-0.5.2+69cbf6ad.lx64.r.cp311)
2026-09-17T07:35:00Z [612ms] [Info] [omni.kit.app.plugin] [0.638s] [ext: omni.kit.telemetry-0.5.2] startup
2026-09-17T07:35:00Z [613ms] [Info] [omni.structuredlog.plugin] the new schema 'omni.carb.cloud' exactly matches a schema that has already been registered.  Ignoring the new registration.
2026-09-17T07:35:00Z [613ms] [Info] [omni.ext.plugin] [ext: omni.kit.telemetry-0.5.2] Starting ext::IExtensionHooks in '/home/xiexuhui/miniconda3/envs/instinctlab/lib/python3.11/site-packages/isaacsim/extscache/omni.kit.telemetry-0.5.2+69cbf6ad.lx64.r.cp311/bin/libomni.kit.telemetry.plugin.so'
2026-09-17T07:35:00Z [614ms] [Info] [omni.kit.telemetry.plugin] attempting to collect the GPU info.
2026-09-17T07:35:00Z [614ms] [Info] [omni.kit.telemetry.plugin] collecting system info.
2026-09-17T07:35:00Z [614ms] [Info] [carb] Initializing plugin: gpu.foundation.plugin (interfaces: [carb::graphicsmux::GraphicsMux v2.7],[gpu::foundation::IGpuFoundationFactory v1.0],[gpu::foundation::ISystemInfo v0.8],[gpu::realm::Realm v0.1],[gpu::unstable::IMemoryBudgetManagerFactory v0.1],[gpu::vblank::IVBlank v0.1],[rtx::psodb::PsoDb v0.6],[rtx::rendergraph::RenderGraphBuilder v0.14],[rtx::resourcemanager::ResourceManager v1.2],[rtx::shaderdb::ShaderDb v1.9]) (impl: gpu.foundation.plugin)
2026-09-17T07:35:00Z [614ms] [Info] [carb] Initializing plugin: carb.launcher.plugin (interfaces: [carb::launcher::ILauncher v1.3]) (impl: carb.launcher.plugin)
2026-09-17T07:35:00Z [614ms] [Info] [carb.launcher.plugin] created the process object 0x5811b2f565a0 for '/home/xiexuhui/miniconda3/envs/instinctlab/lib/python3.11/site-packages/isaacsim/extscache/omni.kit.telemetry-0.5.2+69cbf6ad.lx64.r.cp311/omni.telemetry.transmitter/omni.telemetry.transmitter'.
2026-09-17T07:35:00Z [614ms] [Info] [carb.launcher.plugin] launching the process '/home/xiexuhui/miniconda3/envs/instinctlab/lib/python3.11/site-packages/isaacsim/extscache/omni.kit.telemetry-0.5.2+69cbf6ad.lx64.r.cp311/omni.telemetry.transmitter/omni.telemetry.transmitter' from process 2009272.
2026-09-17T07:35:00Z [622ms] [Info] [carb.launcher.plugin] [parent 2009272]: created the child process 2009425.
2026-09-17T07:35:00Z [622ms] [Info] [omni.kit.telemetry.plugin] the GPU info isn't available yet.  Adding a load hook for it.
2026-09-17T07:35:00Z [625ms] [Info] [carb.launcher.plugin] [parent 2009272]: read the grandchild ID 2009428 {bytes = 4, errno = 0/Success}
2026-09-17T07:35:00Z [625ms] [Info] [carb.launcher.plugin] [parent 2009272]: waiting for the child process to exit.
2026-09-17T07:35:00Z [628ms] [Info] [carb.launcher.plugin] [parent 2009272]: successfully forked the grandchild process 2009428.
2026-09-17T07:35:00Z [628ms] [Info] [omni.platforminfo.plugin] realpath(libX11.so.6.3.0) failed (errno = 2)
2026-09-17T07:35:00Z [628ms] [Info] [omni.platforminfo.plugin] loaded X11 from 'libX11.so.6'.
2026-09-17T07:35:00Z [628ms] [Info] [omni.platforminfo.plugin] successfully loaded the 'X11' library.
2026-09-17T07:35:00Z [631ms] [Info] [omni.ext._impl._internal] Searching for classes derived from 'omni.ext.IExt' in 'omni.kit.telemetry' ('/home/xiexuhui/miniconda3/envs/instinctlab/lib/python3.11/site-packages/isaacsim/extscache/omni.kit.telemetry-0.5.2+69cbf6ad.lx64.r.cp311')
2026-09-17T07:35:00Z [631ms] [Info] [omni.ext.plugin] [ext: omni.kit.telemetry-0.5.2] started, startup time: 18 (ms)
2026-09-17T07:35:00Z [631ms] [Info] [omni.ext.plugin] About to startup: [ext: omni.usd.schema.metrics.assembler-107.3.1] (order: -150) Triggered by: omni.usd.metrics.assembler-107.3.1 (path: /home/xiexuhui/miniconda3/envs/instinctlab/lib/python3.11/site-packages/isaacsim/extscache/omni.usd.schema.metrics.assembler-107.3.1+107.3.0.lx64.r.cp311.u353)
2026-09-17T07:35:00Z [631ms] [Info] [omni.kit.app.plugin] [0.657s] [ext: omni.usd.schema.metrics.assembler-107.3.1] startup
2026-09-17T07:35:00Z [632ms] [Info] [omni.ext.plugin] Loaded the dynamic library from /home/xiexuhui/miniconda3/envs/instinctlab/lib/python3.11/site-packages/isaacsim/extscache/omni.usd.schema.metrics.assembler-107.3.1+107.3.0.lx64.r.cp311.u353/bin/libmetricsAssembler.so
2026-09-17T07:35:00Z [633ms] [Info] [omni.ext._impl._internal] Searching for classes derived from 'omni.ext.IExt' in 'omni.MetricsAssembler' ('/home/xiexuhui/miniconda3/envs/instinctlab/lib/python3.11/site-packages/isaacsim/extscache/omni.usd.schema.metrics.assembler-107.3.1+107.3.0.lx64.r.cp311.u353')
2026-09-17T07:35:00Z [634ms] [Info] [omni.ext._impl._internal] Searching for classes derived from 'omni.ext.IExt' in 'usd.schema.metricsassembler' ('/home/xiexuhui/miniconda3/envs/instinctlab/lib/python3.11/site-packages/isaacsim/extscache/omni.usd.schema.metrics.assembler-107.3.1+107.3.0.lx64.r.cp311.u353')
2026-09-17T07:35:00Z [634ms] [Info] [omni.ext.plugin] [ext: omni.usd.schema.metrics.assembler-107.3.1] started, startup time: 3 (ms)
2026-09-17T07:35:00Z [634ms] [Info] [omni.ext.plugin] About to startup: [ext: omni.usd.schema.anim-0.0.0] (order: -100) Triggered by: omni.hydra.usdrt_delegate-7.5.1 (path: /home/xiexuhui/miniconda3/envs/instinctlab/lib/python3.11/site-packages/isaacsim/extscache/omni.usd.schema.anim-0.0.0+69cbf6ad.lx64.r.cp311)
2026-09-17T07:35:00Z [634ms] [Info] [omni.kit.app.plugin] [0.660s] [ext: omni.usd.schema.anim-0.0.0] startup
2026-09-17T07:35:00Z [635ms] [Info] [omni.ext.plugin] Loaded the dynamic library from /home/xiexuhui/miniconda3/envs/instinctlab/lib/python3.11/site-packages/isaacsim/extscache/omni.usd.schema.anim-0.0.0+69cbf6ad.lx64.r.cp311/lib/libanimationSchema.so
2026-09-17T07:35:00Z [636ms] [Info] [omni.ext.plugin] Loaded the dynamic library from /home/xiexuhui/miniconda3/envs/instinctlab/lib/python3.11/site-packages/isaacsim/extscache/omni.usd.schema.anim-0.0.0+69cbf6ad.lx64.r.cp311/lib/libanimationSchemaTools.so
2026-09-17T07:35:00Z [637ms] [Info] [omni.ext.plugin] Loaded the dynamic library from /home/xiexuhui/miniconda3/envs/instinctlab/lib/python3.11/site-packages/isaacsim/extscache/omni.usd.schema.anim-0.0.0+69cbf6ad.lx64.r.cp311/lib/libomniSkelSchema.so
2026-09-17T07:35:00Z [638ms] [Info] [omni.ext.plugin] Loaded the dynamic library from /home/xiexuhui/miniconda3/envs/instinctlab/lib/python3.11/site-packages/isaacsim/extscache/omni.usd.schema.anim-0.0.0+69cbf6ad.lx64.r.cp311/lib/libretargetingSchema.so
2026-09-17T07:35:00Z [638ms] [Info] [omni.ext.plugin] Loaded the dynamic library from /home/xiexuhui/miniconda3/envs/instinctlab/lib/python3.11/site-packages/isaacsim/extscache/omni.usd.schema.anim-0.0.0+69cbf6ad.lx64.r.cp311/lib/libretargetingSchemaTools.so
2026-09-17T07:35:00Z [639ms] [Info] [omni.ext._impl._internal] Searching for classes derived from 'omni.ext.IExt' in 'pxr' ('/home/xiexuhui/miniconda3/envs/instinctlab/lib/python3.11/site-packages/isaacsim/extscache/omni.usd.schema.anim-0.0.0+69cbf6ad.lx64.r.cp311')
2026-09-17T07:35:00Z [640ms] [Info] [omni.platforminfo.plugin] {compositor = {name = 'X Server Compositor', vendor = 'The X.Org Foundation', releaseVersion = 12101011}
2026-09-17T07:35:00Z [645ms] [Info] [omni.platforminfo.plugin] loaded XRAndR from 'libXrandr.so.2.2.0'.
2026-09-17T07:35:00Z [646ms] [Info] [omni.platforminfo.plugin] Xrandr version is 1.6.
2026-09-17T07:35:00Z [648ms] [Info] [omni.ext._impl._internal] Searching for classes derived from 'omni.ext.IExt' in 'AnimationSchema' ('/home/xiexuhui/miniconda3/envs/instinctlab/lib/python3.11/site-packages/isaacsim/extscache/omni.usd.schema.anim-0.0.0+69cbf6ad.lx64.r.cp311')
2026-09-17T07:35:00Z [651ms] [Info] [omni.ext._impl._internal] Searching for classes derived from 'omni.ext.IExt' in 'AnimationSchemaTools' ('/home/xiexuhui/miniconda3/envs/instinctlab/lib/python3.11/site-packages/isaacsim/extscache/omni.usd.schema.anim-0.0.0+69cbf6ad.lx64.r.cp311')
2026-09-17T07:35:00Z [655ms] [Info] [omni.ext._impl._internal] Searching for classes derived from 'omni.ext.IExt' in 'OmniSkelSchema' ('/home/xiexuhui/miniconda3/envs/instinctlab/lib/python3.11/site-packages/isaacsim/extscache/omni.usd.schema.anim-0.0.0+69cbf6ad.lx64.r.cp311')
2026-09-17T07:35:00Z [657ms] [Info] [omni.ext._impl._internal] Searching for classes derived from 'omni.ext.IExt' in 'RetargetingSchema' ('/home/xiexuhui/miniconda3/envs/instinctlab/lib/python3.11/site-packages/isaacsim/extscache/omni.usd.schema.anim-0.0.0+69cbf6ad.lx64.r.cp311')
2026-09-17T07:35:00Z [659ms] [Info] [omni.ext._impl._internal] Searching for classes derived from 'omni.ext.IExt' in 'RetargetingSchemaTools' ('/home/xiexuhui/miniconda3/envs/instinctlab/lib/python3.11/site-packages/isaacsim/extscache/omni.usd.schema.anim-0.0.0+69cbf6ad.lx64.r.cp311')
2026-09-17T07:35:00Z [660ms] [Info] [omni.ext._impl._internal] Searching for classes derived from 'omni.ext.IExt' in 'usd.schema.anim' ('/home/xiexuhui/miniconda3/envs/instinctlab/lib/python3.11/site-packages/isaacsim/extscache/omni.usd.schema.anim-0.0.0+69cbf6ad.lx64.r.cp311')
2026-09-17T07:35:00Z [660ms] [Info] [omni.ext.plugin] [ext: omni.usd.schema.anim-0.0.0] started, startup time: 25 (ms)
2026-09-17T07:35:00Z [660ms] [Info] [omni.ext.plugin] About to startup: [ext: omni.usd.schema.audio-0.0.0] (order: -100) Triggered by: omni.usd.core-1.5.3 (path: /home/xiexuhui/miniconda3/envs/instinctlab/lib/python3.11/site-packages/isaacsim/extscache/omni.usd.schema.audio-0.0.0+69cbf6ad.lx64.r.cp311)
2026-09-17T07:35:00Z [660ms] [Info] [omni.kit.app.plugin] [0.686s] [ext: omni.usd.schema.audio-0.0.0] startup
2026-09-17T07:35:00Z [661ms] [Info] [omni.ext.plugin] Loaded the dynamic library from /home/xiexuhui/miniconda3/envs/instinctlab/lib/python3.11/site-packages/isaacsim/extscache/omni.usd.schema.audio-0.0.0+69cbf6ad.lx64.r.cp311/lib/libomniAudioSchema.so
2026-09-17T07:35:00Z [661ms] [Info] [omni.ext._impl._internal] Searching for classes derived from 'omni.ext.IExt' in 'pxr' ('/home/xiexuhui/miniconda3/envs/instinctlab/lib/python3.11/site-packages/isaacsim/extscache/omni.usd.schema.audio-0.0.0+69cbf6ad.lx64.r.cp311')
2026-09-17T07:35:00Z [663ms] [Info] [omni.ext._impl._internal] Searching for classes derived from 'omni.ext.IExt' in 'OmniAudioSchema' ('/home/xiexuhui/miniconda3/envs/instinctlab/lib/python3.11/site-packages/isaacsim/extscache/omni.usd.schema.audio-0.0.0+69cbf6ad.lx64.r.cp311')
2026-09-17T07:35:00Z [663ms] [Info] [omni.ext._impl._internal] Searching for classes derived from 'omni.ext.IExt' in 'usd.schema.audio' ('/home/xiexuhui/miniconda3/envs/instinctlab/lib/python3.11/site-packages/isaacsim/extscache/omni.usd.schema.audio-0.0.0+69cbf6ad.lx64.r.cp311')
2026-09-17T07:35:00Z [664ms] [Info] [omni.ext.plugin] [ext: omni.usd.schema.audio-0.0.0] started, startup time: 3 (ms)
2026-09-17T07:35:00Z [664ms] [Info] [omni.ext.plugin] About to startup: [ext: omni.usd.schema.semantics-0.0.0] (order: -100) Triggered by: isaacsim.core.api-4.8.0, isaacsim.core.prims-0.6.1, isaacsim.core.utils-3.5.1,  (path: /home/xiexuhui/miniconda3/envs/instinctlab/lib/python3.11/site-packages/isaacsim/extscache/omni.usd.schema.semantics-0.0.0+69cbf6ad.lx64.r.cp311)
2026-09-17T07:35:00Z [664ms] [Info] [omni.kit.app.plugin] [0.690s] [ext: omni.usd.schema.semantics-0.0.0] startup
2026-09-17T07:35:00Z [664ms] [Info] [omni.ext.plugin] Loaded the dynamic library from /home/xiexuhui/miniconda3/envs/instinctlab/lib/python3.11/site-packages/isaacsim/extscache/omni.usd.schema.semantics-0.0.0+69cbf6ad.lx64.r.cp311/lib/libsemantics.so
2026-09-17T07:35:00Z [664ms] [Info] [omni.ext._impl._internal] Searching for classes derived from 'omni.ext.IExt' in 'pxr' ('/home/xiexuhui/miniconda3/envs/instinctlab/lib/python3.11/site-packages/isaacsim/extscache/omni.usd.schema.semantics-0.0.0+69cbf6ad.lx64.r.cp311')
2026-09-17T07:35:00Z [666ms] [Info] [omni.ext._impl._internal] Searching for classes derived from 'omni.ext.IExt' in 'Semantics' ('/home/xiexuhui/miniconda3/envs/instinctlab/lib/python3.11/site-packages/isaacsim/extscache/omni.usd.schema.semantics-0.0.0+69cbf6ad.lx64.r.cp311')
2026-09-17T07:35:00Z [666ms] [Info] [omni.ext._impl._internal] Searching for classes derived from 'omni.ext.IExt' in 'usd.schema.semantics' ('/home/xiexuhui/miniconda3/envs/instinctlab/lib/python3.11/site-packages/isaacsim/extscache/omni.usd.schema.semantics-0.0.0+69cbf6ad.lx64.r.cp311')
2026-09-17T07:35:00Z [666ms] [Info] [omni.ext.plugin] [ext: omni.usd.schema.semantics-0.0.0] started, startup time: 2 (ms)
2026-09-17T07:35:00Z [666ms] [Info] [omni.ext.plugin] About to startup: [ext: omni.usd.schema.physx-107.3.26] (order: -100) Triggered by: omni.convexdecomposition-107.3.26, omni.physics.tensors-107.3.26, omni.physx-107.3.26, omni.physx.cooking-107.3.26, omni.usd.metrics.assembler.physics-107.3.26, omni.usdphysics-107.3.26 (path: /home/xiexuhui/miniconda3/envs/instinctlab/lib/python3.11/site-packages/isaacsim/extscache/omni.usd.schema.physx-107.3.26+107.3.3.lx64.r.cp311.u353)
2026-09-17T07:35:00Z [666ms] [Info] [omni.kit.app.plugin] [0.692s] [ext: omni.usd.schema.physx-107.3.26] startup
2026-09-17T07:35:00Z [670ms] [Info] [omni.ext.plugin] Loaded the dynamic library from /home/xiexuhui/miniconda3/envs/instinctlab/lib/python3.11/site-packages/isaacsim/extscache/omni.usd.schema.physx-107.3.26+107.3.3.lx64.r.cp311.u353/bin/libphysxSchema.so
2026-09-17T07:35:00Z [671ms] [Info] [omni.ext.plugin] Loaded the dynamic library from /home/xiexuhui/miniconda3/envs/instinctlab/lib/python3.11/site-packages/isaacsim/extscache/omni.usd.schema.physx-107.3.26+107.3.3.lx64.r.cp311.u353/bin/libphysicsSchemaTools.so
2026-09-17T07:35:00Z [703ms] [Info] [omni.ext._impl._internal] Searching for classes derived from 'omni.ext.IExt' in 'pxr.PhysxSchema' ('/home/xiexuhui/miniconda3/envs/instinctlab/lib/python3.11/site-packages/isaacsim/extscache/omni.usd.schema.physx-107.3.26+107.3.3.lx64.r.cp311.u353')
2026-09-17T07:35:00Z [704ms] [Info] [omni.ext._impl._internal] Searching for classes derived from 'omni.ext.IExt' in 'usd.schema.physx' ('/home/xiexuhui/miniconda3/envs/instinctlab/lib/python3.11/site-packages/isaacsim/extscache/omni.usd.schema.physx-107.3.26+107.3.3.lx64.r.cp311.u353')
2026-09-17T07:35:00Z [707ms] [Info] [omni.ext._impl._internal] Searching for classes derived from 'omni.ext.IExt' in 'pxr.PhysicsSchemaTools' ('/home/xiexuhui/miniconda3/envs/instinctlab/lib/python3.11/site-packages/isaacsim/extscache/omni.usd.schema.physx-107.3.26+107.3.3.lx64.r.cp311.u353')
2026-09-17T07:35:00Z [707ms] [Info] [omni.ext.plugin] [ext: omni.usd.schema.physx-107.3.26] started, startup time: 40 (ms)
2026-09-17T07:35:00Z [707ms] [Info] [omni.ext.plugin] About to startup: [ext: omni.activity.core-1.0.3] (order: 0) Triggered by: omni.hydra.usdrt_delegate-7.5.1 (path: /home/xiexuhui/miniconda3/envs/instinctlab/lib/python3.11/site-packages/isaacsim/extscache/omni.activity.core-1.0.3+69cbf6ad.lx64.r.cp311)
2026-09-17T07:35:00Z [707ms] [Info] [omni.kit.app.plugin] [0.733s] [ext: omni.activity.core-1.0.3] startup
2026-09-17T07:35:00Z [709ms] [Info] [omni.ext._impl._internal] Searching for classes derived from 'omni.ext.IExt' in 'omni.activity.core' ('/home/xiexuhui/miniconda3/envs/instinctlab/lib/python3.11/site-packages/isaacsim/extscache/omni.activity.core-1.0.3+69cbf6ad.lx64.r.cp311')
2026-09-17T07:35:00Z [709ms] [Info] [omni.ext.plugin] [ext: omni.activity.core-1.0.3] started, startup time: 2 (ms)
2026-09-17T07:35:00Z [709ms] [Info] [omni.ext.plugin] About to startup: [ext: omni.usd_resolver-1.0.0] (order: 0) Triggered by: omni.usd.core-1.5.3 (path: /home/xiexuhui/miniconda3/envs/instinctlab/lib/python3.11/site-packages/isaacsim/extscache/omni.usd_resolver-1.0.0+69cbf6ad.lx64.r.cp311)
2026-09-17T07:35:00Z [709ms] [Info] [omni.kit.app.plugin] [0.735s] [ext: omni.usd_resolver-1.0.0] startup
2026-09-17T07:35:00Z [709ms] [Info] [carb] Registered plugin: omni.ext-usdresolver.plugin (interfaces: [omni::ext::IExt v0.1]) (impl: omni.ext-usdresolver.plugin)
2026-09-17T07:35:00Z [710ms] [Info] [carb] Registered plugin: carb.usdresolver.plugin (interfaces: [carb::usdresolver::IUsdResolver v1.1]) (impl: carb.usdresolver.plugin)
2026-09-17T07:35:00Z [711ms] [Info] [carb] Registered plugin: omni.spectree.delegate.plugin (interfaces: [omni::spectree::IChangeListDelegateFactory v0.1]) (impl: omni.spectree.delegate.plugin)
2026-09-17T07:35:00Z [711ms] [Info] [carb] Initializing plugin: omni.ext-usdresolver.plugin (interfaces: [omni::ext::IExt v0.1]) (impl: omni.ext-usdresolver.plugin)
2026-09-17T07:35:00Z [711ms] [Info] [omni.ext.plugin] [ext: omni.usd_resolver-1.0.0] Starting ext::IExt in '/home/xiexuhui/miniconda3/envs/instinctlab/lib/python3.11/site-packages/isaacsim/extscache/omni.usd_resolver-1.0.0+69cbf6ad.lx64.r.cp311/bin/libomni.ext-usd_resolver.plugin.so'
2026-09-17T07:35:00Z [711ms] [Info] [carb] Initializing plugin: carb.usdresolver.plugin (interfaces: [carb::usdresolver::IUsdResolver v1.1]) (impl: carb.usdresolver.plugin)
2026-09-17T07:35:00Z [713ms] [Info] [omni.ext._impl._internal] Searching for classes derived from 'omni.ext.IExt' in 'omni.usd_resolver' ('/home/xiexuhui/miniconda3/envs/instinctlab/lib/python3.11/site-packages/isaacsim/extscache/omni.usd_resolver-1.0.0+69cbf6ad.lx64.r.cp311')
2026-09-17T07:35:00Z [713ms] [Info] [omni.ext._impl._internal] Searching for classes derived from 'omni.ext.IExt' in 'omni.spectree' ('/home/xiexuhui/miniconda3/envs/instinctlab/lib/python3.11/site-packages/isaacsim/extscache/omni.usd_resolver-1.0.0+69cbf6ad.lx64.r.cp311')
2026-09-17T07:35:00Z [713ms] [Info] [omni.ext.plugin] [ext: omni.usd_resolver-1.0.0] started, startup time: 4 (ms)
2026-09-17T07:35:00Z [713ms] [Info] [omni.ext.plugin] About to startup: [ext: omni.resourcemonitor-107.0.1] (order: 0) Triggered by: omni.hydra.usdrt_delegate-7.5.1 (path: /home/xiexuhui/miniconda3/envs/instinctlab/lib/python3.11/site-packages/isaacsim/extscache/omni.resourcemonitor-107.0.1+69cbf6ad.lx64.r.cp311)
2026-09-17T07:35:00Z [713ms] [Info] [omni.kit.app.plugin] [0.739s] [ext: omni.resourcemonitor-107.0.1] startup
2026-09-17T07:35:00Z [714ms] [Info] [carb] Registered plugin: omni.resourcemonitor.plugin (interfaces: [omni::resourcemonitor::IResourceMonitor v1.0]) (impl: omni.resourcemonitor.plugin)
2026-09-17T07:35:00Z [715ms] [Info] [omni.ext._impl._internal] Searching for classes derived from 'omni.ext.IExt' in 'omni.resourcemonitor' ('/home/xiexuhui/miniconda3/envs/instinctlab/lib/python3.11/site-packages/isaacsim/extscache/omni.resourcemonitor-107.0.1+69cbf6ad.lx64.r.cp311')
2026-09-17T07:35:00Z [715ms] [Info] [omni.ext._impl._internal] Found class `PublicExtension` derived from `omni.ext.IExt` in module: 'omni.resourcemonitor' in '/home/xiexuhui/miniconda3/envs/instinctlab/lib/python3.11/site-packages/isaacsim/extscache/omni.resourcemonitor-107.0.1+69cbf6ad.lx64.r.cp311'. Calling `on_startup`.
2026-09-17T07:35:00Z [715ms] [Info] [carb] Initializing plugin: omni.resourcemonitor.plugin (interfaces: [omni::resourcemonitor::IResourceMonitor v1.0]) (impl: omni.resourcemonitor.plugin)
2026-09-17T07:35:00Z [716ms] [Info] [omni.ext._impl._internal] Searching for classes derived from 'omni.ext.IExt' in 'omni.resourcemonitor.tests' ('/home/xiexuhui/miniconda3/envs/instinctlab/lib/python3.11/site-packages/isaacsim/extscache/omni.resourcemonitor-107.0.1+69cbf6ad.lx64.r.cp311')
2026-09-17T07:35:00Z [716ms] [Info] [omni.ext.plugin] [ext: omni.resourcemonitor-107.0.1] started, startup time: 2 (ms)
2026-09-17T07:35:00Z [716ms] [Info] [omni.ext.plugin] About to startup: [ext: carb.audio-0.1.0] (order: 0) Triggered by: omni.kit.audiodeviceenum-1.0.2, omni.usd-1.13.10 (path: /home/xiexuhui/miniconda3/envs/instinctlab/lib/python3.11/site-packages/isaacsim/extscache/carb.audio-0.1.0+69cbf6ad.lx64.r.cp311)
2026-09-17T07:35:00Z [716ms] [Info] [omni.kit.app.plugin] [0.742s] [ext: carb.audio-0.1.0] startup
2026-09-17T07:35:00Z [720ms] [Info] [carb] Registered plugin: carb.audio-forge.plugin (interfaces: [carb::audio::IAudioCapture v1.0],[carb::audio::IAudioData v1.0],[carb::audio::IAudioDevice v1.1],[carb::audio::IAudioGroup v1.0],[carb::audio::IAudioPlayback v1.1],[carb::audio::IAudioUtils v1.0],[omni::audio::IAudioCapture v0.0]) (impl: carb.audio-forge.plugin)
2026-09-17T07:35:00Z [720ms] [Info] [omni.ext.plugin] [ext: carb.audio-0.1.0] started, startup time: 4 (ms)
2026-09-17T07:35:00Z [720ms] [Info] [omni.ext.plugin] About to startup: [ext: omni.usd.core-1.5.3] (order: 0) Triggered by: omni.hydra.usdrt_delegate-7.5.1, omni.isaac.dynamic_control-2.0.7, omni.usd-1.13.10 (path: /home/xiexuhui/miniconda3/envs/instinctlab/lib/python3.11/site-packages/isaacsim/extscache/omni.usd.core-1.5.3+69cbf6ad.lx64.r)
2026-09-17T07:35:00Z [720ms] [Info] [omni.kit.app.plugin] [0.746s] [ext: omni.usd.core-1.5.3] startup
2026-09-17T07:35:00Z [724ms] [Info] [omni.ext.plugin] Loaded the dynamic library from /home/xiexuhui/miniconda3/envs/instinctlab/lib/python3.11/site-packages/isaacsim/extscache/omni.usd.core-1.5.3+69cbf6ad.lx64.r/bin/libomni.usd.so
2026-09-17T07:35:00Z [724ms] [Info] [omni.ext.plugin] [ext: omni.usd.core-1.5.3] started, startup time: 3 (ms)
2026-09-17T07:35:00Z [724ms] [Info] [omni.ext.plugin] About to startup: [ext: omni.physx.foundation-107.3.26] (order: 0) Triggered by: omni.physx-107.3.26, omni.physx.cooking-107.3.26 (path: /home/xiexuhui/miniconda3/envs/instinctlab/lib/python3.11/site-packages/isaacsim/extscache/omni.physx.foundation-107.3.26+107.3.3.lx64.r.cp311.u353)
2026-09-17T07:35:00Z [724ms] [Info] [omni.kit.app.plugin] [0.750s] [ext: omni.physx.foundation-107.3.26] startup
2026-09-17T07:35:00Z [724ms] [Info] [carb] Registered plugin: omni.physx.foundation.plugin (interfaces: [omni::physx::IPhysxFoundation v0.1]) (impl: omni.physx.foundation.plugin)
2026-09-17T07:35:00Z [726ms] [Info] [omni.ext._impl._internal] Searching for classes derived from 'omni.ext.IExt' in 'omni.physxfoundation' ('/home/xiexuhui/miniconda3/envs/instinctlab/lib/python3.11/site-packages/isaacsim/extscache/omni.physx.foundation-107.3.26+107.3.3.lx64.r.cp311.u353')
2026-09-17T07:35:00Z [726ms] [Info] [omni.ext._impl._internal] Found class `PhysxFoundationExtension` derived from `omni.ext.IExt` in module: 'omni.physxfoundation' in '/home/xiexuhui/miniconda3/envs/instinctlab/lib/python3.11/site-packages/isaacsim/extscache/omni.physx.foundation-107.3.26+107.3.3.lx64.r.cp311.u353'. Calling `on_startup`.
2026-09-17T07:35:00Z [726ms] [Info] [carb] Initializing plugin: omni.physx.foundation.plugin (interfaces: [omni::physx::IPhysxFoundation v0.1]) (impl: omni.physx.foundation.plugin)
2026-09-17T07:35:00Z [727ms] [Info] [omni.ext.plugin] [ext: omni.physx.foundation-107.3.26] started, startup time: 3 (ms)
2026-09-17T07:35:00Z [727ms] [Info] [omni.ext.plugin] About to startup: [ext: usdrt.scenegraph-7.6.1] (order: 0) Triggered by: isaaclab.python.headless-2.3.2, omni.hydra.usdrt_delegate-7.5.1, omni.physx-107.3.26, omni.physx.fabric-107.3.26 (path: /home/xiexuhui/miniconda3/envs/instinctlab/lib/python3.11/site-packages/isaacsim/extscache/usdrt.scenegraph-7.6.1+69cbf6ad.lx64.r.cp311)
2026-09-17T07:35:00Z [727ms] [Info] [omni.kit.app.plugin] [0.753s] [ext: usdrt.scenegraph-7.6.1] startup
2026-09-17T07:35:00Z [731ms] [Info] [omni.ext._impl._internal] Searching for classes derived from 'omni.ext.IExt' in 'usdrt.helpers' ('/home/xiexuhui/miniconda3/envs/instinctlab/lib/python3.11/site-packages/isaacsim/extscache/usdrt.scenegraph-7.6.1+69cbf6ad.lx64.r.cp311')
2026-09-17T07:35:00Z [734ms] [Info] [carb.launcher.plugin] [parent]: successfully launched the child process 2009428.
2026-09-17T07:35:00Z [734ms] [Info] [carb.launcher.plugin] [parent]: launched the child process 2009428 from the parent 2009272.
2026-09-17T07:35:00Z [734ms] [Info] [carb.launcher.plugin] [parent]: successfully launched the child process 2009428 {process = 0x5811b2f565a0}
2026-09-17T07:35:00Z [734ms] [Info] [carb.launcher.plugin] destroying the process object 0x5811b2f565a0 {pid = 2009428}
2026-09-17T07:35:00Z [734ms] [Info] [carb.launcher.plugin] done destroying the process object 0x5811b2f565a0 {pid = 2009428}
2026-09-17T07:35:00Z [739ms] [Info] [omni.ext._impl._internal] Searching for classes derived from 'omni.ext.IExt' in 'usdrt.Gf' ('/home/xiexuhui/miniconda3/envs/instinctlab/lib/python3.11/site-packages/isaacsim/extscache/usdrt.scenegraph-7.6.1+69cbf6ad.lx64.r.cp311')
2026-09-17T07:35:00Z [746ms] [Info] [omni.ext._impl._internal] Searching for classes derived from 'omni.ext.IExt' in 'usdrt.Vt' ('/home/xiexuhui/miniconda3/envs/instinctlab/lib/python3.11/site-packages/isaacsim/extscache/usdrt.scenegraph-7.6.1+69cbf6ad.lx64.r.cp311')
2026-09-17T07:35:00Z [748ms] [Info] [omni.ext._impl._internal] Searching for classes derived from 'omni.ext.IExt' in 'usdrt.Sdf' ('/home/xiexuhui/miniconda3/envs/instinctlab/lib/python3.11/site-packages/isaacsim/extscache/usdrt.scenegraph-7.6.1+69cbf6ad.lx64.r.cp311')
2026-09-17T07:35:00Z [751ms] [Info] [omni.ext._impl._internal] Searching for classes derived from 'omni.ext.IExt' in 'usdrt.Usd' ('/home/xiexuhui/miniconda3/envs/instinctlab/lib/python3.11/site-packages/isaacsim/extscache/usdrt.scenegraph-7.6.1+69cbf6ad.lx64.r.cp311')
2026-09-17T07:35:00Z [756ms] [Info] [omni.ext._impl._internal] Searching for classes derived from 'omni.ext.IExt' in 'usdrt.UsdGeom' ('/home/xiexuhui/miniconda3/envs/instinctlab/lib/python3.11/site-packages/isaacsim/extscache/usdrt.scenegraph-7.6.1+69cbf6ad.lx64.r.cp311')
2026-09-17T07:35:00Z [758ms] [Info] [omni.ext._impl._internal] Searching for classes derived from 'omni.ext.IExt' in 'usdrt.Rt' ('/home/xiexuhui/miniconda3/envs/instinctlab/lib/python3.11/site-packages/isaacsim/extscache/usdrt.scenegraph-7.6.1+69cbf6ad.lx64.r.cp311')
2026-09-17T07:35:00Z [760ms] [Info] [omni.ext._impl._internal] Searching for classes derived from 'omni.ext.IExt' in 'usdrt.UsdPhysics' ('/home/xiexuhui/miniconda3/envs/instinctlab/lib/python3.11/site-packages/isaacsim/extscache/usdrt.scenegraph-7.6.1+69cbf6ad.lx64.r.cp311')
2026-09-17T07:35:00Z [769ms] [Info] [omni.ext._impl._internal] Searching for classes derived from 'omni.ext.IExt' in 'usdrt.PhysxSchema' ('/home/xiexuhui/miniconda3/envs/instinctlab/lib/python3.11/site-packages/isaacsim/extscache/usdrt.scenegraph-7.6.1+69cbf6ad.lx64.r.cp311')
2026-09-17T07:35:00Z [770ms] [Info] [omni.ext._impl._internal] Searching for classes derived from 'omni.ext.IExt' in 'usdrt.ForceFieldSchema' ('/home/xiexuhui/miniconda3/envs/instinctlab/lib/python3.11/site-packages/isaacsim/extscache/usdrt.scenegraph-7.6.1+69cbf6ad.lx64.r.cp311')
2026-09-17T07:35:00Z [773ms] [Info] [omni.ext._impl._internal] Searching for classes derived from 'omni.ext.IExt' in 'usdrt.UsdLux' ('/home/xiexuhui/miniconda3/envs/instinctlab/lib/python3.11/site-packages/isaacsim/extscache/usdrt.scenegraph-7.6.1+69cbf6ad.lx64.r.cp311')
2026-09-17T07:35:00Z [774ms] [Info] [omni.ext._impl._internal] Searching for classes derived from 'omni.ext.IExt' in 'usdrt.UsdMedia' ('/home/xiexuhui/miniconda3/envs/instinctlab/lib/python3.11/site-packages/isaacsim/extscache/usdrt.scenegraph-7.6.1+69cbf6ad.lx64.r.cp311')
2026-09-17T07:35:00Z [775ms] [Info] [omni.ext._impl._internal] Searching for classes derived from 'omni.ext.IExt' in 'usdrt.UsdRender' ('/home/xiexuhui/miniconda3/envs/instinctlab/lib/python3.11/site-packages/isaacsim/extscache/usdrt.scenegraph-7.6.1+69cbf6ad.lx64.r.cp311')
2026-09-17T07:35:00Z [779ms] [Info] [omni.ext._impl._internal] Searching for classes derived from 'omni.ext.IExt' in 'usdrt.UsdShade' ('/home/xiexuhui/miniconda3/envs/instinctlab/lib/python3.11/site-packages/isaacsim/extscache/usdrt.scenegraph-7.6.1+69cbf6ad.lx64.r.cp311')
2026-09-17T07:35:00Z [780ms] [Info] [omni.ext._impl._internal] Searching for classes derived from 'omni.ext.IExt' in 'usdrt.UsdSkel' ('/home/xiexuhui/miniconda3/envs/instinctlab/lib/python3.11/site-packages/isaacsim/extscache/usdrt.scenegraph-7.6.1+69cbf6ad.lx64.r.cp311')
2026-09-17T07:35:00Z [781ms] [Info] [omni.ext._impl._internal] Searching for classes derived from 'omni.ext.IExt' in 'usdrt.UsdUI' ('/home/xiexuhui/miniconda3/envs/instinctlab/lib/python3.11/site-packages/isaacsim/extscache/usdrt.scenegraph-7.6.1+69cbf6ad.lx64.r.cp311')
2026-09-17T07:35:00Z [782ms] [Info] [omni.ext._impl._internal] Searching for classes derived from 'omni.ext.IExt' in 'usdrt.UsdVol' ('/home/xiexuhui/miniconda3/envs/instinctlab/lib/python3.11/site-packages/isaacsim/extscache/usdrt.scenegraph-7.6.1+69cbf6ad.lx64.r.cp311')
2026-09-17T07:35:00Z [783ms] [Info] [omni.ext._impl._internal] Searching for classes derived from 'omni.ext.IExt' in 'usdrt.xformcache' ('/home/xiexuhui/miniconda3/envs/instinctlab/lib/python3.11/site-packages/isaacsim/extscache/usdrt.scenegraph-7.6.1+69cbf6ad.lx64.r.cp311')
2026-09-17T07:35:00Z [784ms] [Info] [omni.ext._impl._internal] Searching for classes derived from 'omni.ext.IExt' in 'usdrt.internal' ('/home/xiexuhui/miniconda3/envs/instinctlab/lib/python3.11/site-packages/isaacsim/extscache/usdrt.scenegraph-7.6.1+69cbf6ad.lx64.r.cp311')
2026-09-17T07:35:00Z [784ms] [Info] [omni.ext.plugin] [ext: usdrt.scenegraph-7.6.1] started, startup time: 56 (ms)
2026-09-17T07:35:00Z [784ms] [Info] [omni.ext.plugin] About to startup: [ext: omni.graph.exec-0.9.6] (order: 0) Triggered by: omni.kit.exec.core-0.13.4 (path: /home/xiexuhui/miniconda3/envs/instinctlab/lib/python3.11/site-packages/isaacsim/extscache/omni.graph.exec-0.9.6+69cbf6ad.lx64.r)
2026-09-17T07:35:00Z [784ms] [Info] [omni.kit.app.plugin] [0.810s] [ext: omni.graph.exec-0.9.6] startup
2026-09-17T07:35:00Z [784ms] [Info] [omni.graph.exec.unstable.passRegistry] IPassRegistry::registerPass: registered PassStronglyConnectedComponents as pass id 1
2026-09-17T07:35:00Z [784ms] [Info] [omni.ext.plugin] [ext: omni.graph.exec-0.9.6] started, startup time: 0 (ms)
2026-09-17T07:35:00Z [784ms] [Info] [omni.ext.plugin] About to startup: [ext: omni.hydra.usdrt_delegate-7.5.1] (order: 0) Triggered by: isaacsim.core.api-4.8.0,  (path: /home/xiexuhui/miniconda3/envs/instinctlab/lib/python3.11/site-packages/isaacsim/extscache/omni.hydra.usdrt_delegate-7.5.1+69cbf6ad.lx64.r.cp311)
2026-09-17T07:35:00Z [784ms] [Info] [omni.kit.app.plugin] [0.810s] [ext: omni.hydra.usdrt_delegate-7.5.1] startup
2026-09-17T07:35:00Z [792ms] [Info] [carb] Registered plugin: omni.hydra.usdrt_delegate.plugin (interfaces: [omni::hydra::usdrt::ISceneDelegateFactory v0.1]) (impl: omni.hydra.usdrt_delegate.plugin)
2026-09-17T07:35:00Z [793ms] [Info] [omni.ext._impl._internal] Searching for classes derived from 'omni.ext.IExt' in 'usdrt.population' ('/home/xiexuhui/miniconda3/envs/instinctlab/lib/python3.11/site-packages/isaacsim/extscache/omni.hydra.usdrt_delegate-7.5.1+69cbf6ad.lx64.r.cp311')
2026-09-17T07:35:00Z [795ms] [Info] [omni.ext._impl._internal] Searching for classes derived from 'omni.ext.IExt' in 'usdrt.hierarchy' ('/home/xiexuhui/miniconda3/envs/instinctlab/lib/python3.11/site-packages/isaacsim/extscache/omni.hydra.usdrt_delegate-7.5.1+69cbf6ad.lx64.r.cp311')
2026-09-17T07:35:00Z [795ms] [Info] [omni.ext.plugin] [ext: omni.hydra.usdrt_delegate-7.5.1] started, startup time: 10 (ms)
2026-09-17T07:35:00Z [795ms] [Info] [omni.ext.plugin] About to startup: [ext: omni.kit.audiodeviceenum-1.0.2] (order: 0) Triggered by: omni.usd-1.13.10 (path: /home/xiexuhui/miniconda3/envs/instinctlab/lib/python3.11/site-packages/isaacsim/extscache/omni.kit.audiodeviceenum-1.0.2+69cbf6ad.lx64.r.cp311)
2026-09-17T07:35:00Z [795ms] [Info] [omni.kit.app.plugin] [0.821s] [ext: omni.kit.audiodeviceenum-1.0.2] startup
2026-09-17T07:35:00Z [795ms] [Info] [carb] Registered plugin: omni.audiodeviceenum.plugin (interfaces: [omni::audio::IAudioDeviceEnum v0.1]) (impl: omni.audiodeviceenum.plugin)
2026-09-17T07:35:00Z [797ms] [Info] [omni.ext._impl._internal] Searching for classes derived from 'omni.ext.IExt' in 'omni.kit.audiodeviceenum' ('/home/xiexuhui/miniconda3/envs/instinctlab/lib/python3.11/site-packages/isaacsim/extscache/omni.kit.audiodeviceenum-1.0.2+69cbf6ad.lx64.r.cp311')
2026-09-17T07:35:00Z [797ms] [Info] [omni.ext._impl._internal] Found class `_AudioExtension` derived from `omni.ext.IExt` in module: 'omni.kit.audiodeviceenum' in '/home/xiexuhui/miniconda3/envs/instinctlab/lib/python3.11/site-packages/isaacsim/extscache/omni.kit.audiodeviceenum-1.0.2+69cbf6ad.lx64.r.cp311'. Calling `on_startup`.
2026-09-17T07:35:00Z [797ms] [Info] [omni.ext.plugin] [ext: omni.kit.audiodeviceenum-1.0.2] started, startup time: 2 (ms)
2026-09-17T07:35:00Z [797ms] [Info] [omni.ext.plugin] About to startup: [ext: omni.kit.numpy.common-0.1.3] (order: 0) Triggered by: omni.isaac.dynamic_control-2.0.7 (path: /home/xiexuhui/miniconda3/envs/instinctlab/lib/python3.11/site-packages/isaacsim/extscache/omni.kit.numpy.common-0.1.3+69cbf6ad.lx64.r.cp311)
2026-09-17T07:35:00Z [797ms] [Info] [omni.kit.app.plugin] [0.823s] [ext: omni.kit.numpy.common-0.1.3] startup
2026-09-17T07:35:00Z [799ms] [Info] [omni.ext._impl._internal] Searching for classes derived from 'omni.ext.IExt' in 'omni.kit.numpy.common' ('/home/xiexuhui/miniconda3/envs/instinctlab/lib/python3.11/site-packages/isaacsim/extscache/omni.kit.numpy.common-0.1.3+69cbf6ad.lx64.r.cp311')
2026-09-17T07:35:00Z [799ms] [Info] [omni.ext.plugin] [ext: omni.kit.numpy.common-0.1.3] started, startup time: 1 (ms)
2026-09-17T07:35:00Z [799ms] [Info] [omni.ext.plugin] About to startup: [ext: omni.kit.exec.core-0.13.4] (order: 0) Triggered by: omni.usd-1.13.10 (path: /home/xiexuhui/miniconda3/envs/instinctlab/lib/python3.11/site-packages/isaacsim/extscache/omni.kit.exec.core-0.13.4+69cbf6ad.lx64.r.cp311)
2026-09-17T07:35:00Z [799ms] [Info] [omni.kit.app.plugin] [0.825s] [ext: omni.kit.exec.core-0.13.4] startup
2026-09-17T07:35:00Z [801ms] [Info] [omni.ext._impl._internal] Searching for classes derived from 'omni.ext.IExt' in 'omni.kit.exec.core.unstable' ('/home/xiexuhui/miniconda3/envs/instinctlab/lib/python3.11/site-packages/isaacsim/extscache/omni.kit.exec.core-0.13.4+69cbf6ad.lx64.r.cp311')
2026-09-17T07:35:00Z [801ms] [Info] [omni.ext._impl._internal] Found class `_PublicExtension` derived from `omni.ext.IExt` in module: 'omni.kit.exec.core.unstable' in '/home/xiexuhui/miniconda3/envs/instinctlab/lib/python3.11/site-packages/isaacsim/extscache/omni.kit.exec.core-0.13.4+69cbf6ad.lx64.r.cp311'. Calling `on_startup`.
2026-09-17T07:35:00Z [801ms] [Info] [omni.ext.plugin] [ext: omni.kit.exec.core-0.13.4] started, startup time: 2 (ms)
2026-09-17T07:35:00Z [801ms] [Info] [omni.ext.plugin] About to startup: [ext: omni.kit.actions.core-1.0.0] (order: 0) Triggered by: omni.kit.commands-1.4.10, omni.kit.primitive.mesh-1.0.17, omni.kit.stage_templates-2.0.0 (path: /home/xiexuhui/miniconda3/envs/instinctlab/lib/python3.11/site-packages/isaacsim/extscache/omni.kit.actions.core-1.0.0+69cbf6ad.lx64.r.cp311)
2026-09-17T07:35:00Z [801ms] [Info] [omni.kit.app.plugin] [0.827s] [ext: omni.kit.actions.core-1.0.0] startup
2026-09-17T07:35:00Z [802ms] [Info] [carb] Registered plugin: omni.kit.actions.core_tests.plugin (interfaces: [omni::kit::actions::core_tests::IActionTests v1.0]) (impl: omni.kit.actions.core_tests.plugin)
2026-09-17T07:35:00Z [802ms] [Info] [carb] Registered plugin: omni.kit.actions.core.plugin (interfaces: [omni::ext::IExt v0.1],[omni::kit::actions::core::IActionRegistry v1.0]) (impl: omni.kit.actions.core.plugin)
2026-09-17T07:35:00Z [802ms] [Info] [carb] Initializing plugin: omni.kit.actions.core.plugin (interfaces: [omni::ext::IExt v0.1],[omni::kit::actions::core::IActionRegistry v1.0]) (impl: omni.kit.actions.core.plugin)
2026-09-17T07:35:00Z [802ms] [Info] [omni.ext.plugin] [ext: omni.kit.actions.core-1.0.0] Starting ext::IExt in '/home/xiexuhui/miniconda3/envs/instinctlab/lib/python3.11/site-packages/isaacsim/extscache/omni.kit.actions.core-1.0.0+69cbf6ad.lx64.r.cp311/bin/libomni.kit.actions.core.plugin.so'
2026-09-17T07:35:00Z [804ms] [Info] [omni.ext._impl._internal] Searching for classes derived from 'omni.ext.IExt' in 'omni.kit.actions.core' ('/home/xiexuhui/miniconda3/envs/instinctlab/lib/python3.11/site-packages/isaacsim/extscache/omni.kit.actions.core-1.0.0+69cbf6ad.lx64.r.cp311')
2026-09-17T07:35:00Z [804ms] [Info] [omni.ext._impl._internal] Found class `ActionsExtension` derived from `omni.ext.IExt` in module: 'omni.kit.actions.core' in '/home/xiexuhui/miniconda3/envs/instinctlab/lib/python3.11/site-packages/isaacsim/extscache/omni.kit.actions.core-1.0.0+69cbf6ad.lx64.r.cp311'. Calling `on_startup`.
2026-09-17T07:35:00Z [804ms] [Info] [omni.ext.plugin] [ext: omni.kit.actions.core-1.0.0] started, startup time: 2 (ms)
2026-09-17T07:35:00Z [804ms] [Info] [omni.ext.plugin] About to startup: [ext: omni.kit.usd_undo-0.1.8] (order: 0) Triggered by: omni.usd-1.13.10 (path: /home/xiexuhui/miniconda3/envs/instinctlab/lib/python3.11/site-packages/isaacsim/extscache/omni.kit.usd_undo-0.1.8+69cbf6ad)
2026-09-17T07:35:00Z [804ms] [Info] [omni.kit.app.plugin] [0.830s] [ext: omni.kit.usd_undo-0.1.8] startup
2026-09-17T07:35:00Z [804ms] [Info] [omni.ext._impl._internal] Searching for classes derived from 'omni.ext.IExt' in 'omni.kit.usd_undo' ('/home/xiexuhui/miniconda3/envs/instinctlab/lib/python3.11/site-packages/isaacsim/extscache/omni.kit.usd_undo-0.1.8+69cbf6ad')
2026-09-17T07:35:00Z [804ms] [Info] [omni.ext.plugin] [ext: omni.kit.usd_undo-0.1.8] started, startup time: 0 (ms)
2026-09-17T07:35:00Z [804ms] [Info] [omni.ext.plugin] About to startup: [ext: omni.kvdb-107.3.26] (order: 0) Triggered by: omni.localcache-107.3.26 (path: /home/xiexuhui/miniconda3/envs/instinctlab/lib/python3.11/site-packages/isaacsim/extscache/omni.kvdb-107.3.26+107.3.3.lx64.r.cp311.u353)
2026-09-17T07:35:00Z [804ms] [Info] [omni.kit.app.plugin] [0.831s] [ext: omni.kvdb-107.3.26] startup
2026-09-17T07:35:00Z [805ms] [Info] [carb] Registered plugin: omni.kvdb.plugin (interfaces: [omni::server::IKeyValueDatabase v0.1]) (impl: omni.kvdb.plugin)
2026-09-17T07:35:00Z [807ms] [Info] [omni.ext._impl._internal] Searching for classes derived from 'omni.ext.IExt' in 'omni.kvdb' ('/home/xiexuhui/miniconda3/envs/instinctlab/lib/python3.11/site-packages/isaacsim/extscache/omni.kvdb-107.3.26+107.3.3.lx64.r.cp311.u353')
2026-09-17T07:35:00Z [807ms] [Info] [omni.ext._impl._internal] Found class `IKeyValueDatabaseExtension` derived from `omni.ext.IExt` in module: 'omni.kvdb' in '/home/xiexuhui/miniconda3/envs/instinctlab/lib/python3.11/site-packages/isaacsim/extscache/omni.kvdb-107.3.26+107.3.3.lx64.r.cp311.u353'. Calling `on_startup`.
2026-09-17T07:35:00Z [807ms] [Info] [carb] Initializing plugin: omni.kvdb.plugin (interfaces: [omni::server::IKeyValueDatabase v0.1]) (impl: omni.kvdb.plugin)
2026-09-17T07:35:00Z [807ms] [Info] [omni.ext.plugin] [ext: omni.kvdb-107.3.26] started, startup time: 2 (ms)
2026-09-17T07:35:00Z [807ms] [Info] [omni.ext.plugin] About to startup: [ext: omni.kit.commands-1.4.10] (order: 0) Triggered by: omni.isaac.dynamic_control-2.0.7, omni.kit.primitive.mesh-1.0.17, omni.kit.stage_templates-2.0.0, omni.kit.usd.layers-2.2.11, omni.usd-1.13.10 (path: /home/xiexuhui/miniconda3/envs/instinctlab/lib/python3.11/site-packages/isaacsim/extscache/omni.kit.commands-1.4.10+69cbf6ad.lx64.r.cp311)
2026-09-17T07:35:00Z [807ms] [Info] [omni.kit.app.plugin] [0.833s] [ext: omni.kit.commands-1.4.10] startup
2026-09-17T07:35:00Z [807ms] [Info] [carb] Registered plugin: omni.kit.commands.plugin (interfaces: [omni::kit::commands::ICommandBridge v1.0]) (impl: omni.kit.commands.plugin)
2026-09-17T07:35:00Z [807ms] [Info] [carb] Registered plugin: omni.kit.command_tests.plugin (interfaces: [omni::kit::command_tests::ICommandTests v1.0]) (impl: omni.kit.command_tests.plugin)
2026-09-17T07:35:00Z [811ms] [Info] [omni.ext._impl._internal] Searching for classes derived from 'omni.ext.IExt' in 'omni.kit.undo' ('/home/xiexuhui/miniconda3/envs/instinctlab/lib/python3.11/site-packages/isaacsim/extscache/omni.kit.commands-1.4.10+69cbf6ad.lx64.r.cp311')
2026-09-17T07:35:00Z [811ms] [Info] [omni.ext._impl._internal] Searching for classes derived from 'omni.ext.IExt' in 'omni.kit.commands' ('/home/xiexuhui/miniconda3/envs/instinctlab/lib/python3.11/site-packages/isaacsim/extscache/omni.kit.commands-1.4.10+69cbf6ad.lx64.r.cp311')
2026-09-17T07:35:00Z [811ms] [Info] [omni.ext._impl._internal] Found class `CommandExt` derived from `omni.ext.IExt` in module: 'omni.kit.commands' in '/home/xiexuhui/miniconda3/envs/instinctlab/lib/python3.11/site-packages/isaacsim/extscache/omni.kit.commands-1.4.10+69cbf6ad.lx64.r.cp311'. Calling `on_startup`.
2026-09-17T07:35:00Z [811ms] [Info] [carb] Initializing plugin: omni.kit.commands.plugin (interfaces: [omni::kit::commands::ICommandBridge v1.0]) (impl: omni.kit.commands.plugin)
2026-09-17T07:35:00Z [811ms] [Info] [omni.ext._impl._internal] Searching for classes derived from 'omni.ext.IExt' in 'omni.kit.commands.builtin' ('/home/xiexuhui/miniconda3/envs/instinctlab/lib/python3.11/site-packages/isaacsim/extscache/omni.kit.commands-1.4.10+69cbf6ad.lx64.r.cp311')
2026-09-17T07:35:00Z [811ms] [Info] [omni.ext.plugin] [ext: omni.kit.commands-1.4.10] started, startup time: 4 (ms)
2026-09-17T07:35:00Z [811ms] [Info] [omni.ext.plugin] About to startup: [ext: omni.timeline-1.0.14] (order: 0) Triggered by: omni.isaac.dynamic_control-2.0.7, omni.usd-1.13.10 (path: /home/xiexuhui/miniconda3/envs/instinctlab/lib/python3.11/site-packages/isaacsim/extscache/omni.timeline-1.0.14+69cbf6ad.lx64.r.cp311)
2026-09-17T07:35:00Z [811ms] [Info] [omni.kit.app.plugin] [0.838s] [ext: omni.timeline-1.0.14] startup
2026-09-17T07:35:00Z [812ms] [Info] [carb] Registered plugin: omni.timeline.plugin (interfaces: [omni::ext::IExt v0.1],[omni::timeline::ITimeline v1.0]) (impl: omni.timeline.plugin)
2026-09-17T07:35:00Z [812ms] [Info] [carb] Initializing plugin: omni.timeline.plugin (interfaces: [omni::ext::IExt v0.1],[omni::timeline::ITimeline v1.0]) (impl: omni.timeline.plugin)
2026-09-17T07:35:00Z [812ms] [Info] [omni.ext.plugin] [ext: omni.timeline-1.0.14] Starting ext::IExt in '/home/xiexuhui/miniconda3/envs/instinctlab/lib/python3.11/site-packages/isaacsim/extscache/omni.timeline-1.0.14+69cbf6ad.lx64.r.cp311/bin/libomni.timeline.plugin.so'
2026-09-17T07:35:00Z [814ms] [Info] [omni.ext._impl._internal] Searching for classes derived from 'omni.ext.IExt' in 'omni.timeline' ('/home/xiexuhui/miniconda3/envs/instinctlab/lib/python3.11/site-packages/isaacsim/extscache/omni.timeline-1.0.14+69cbf6ad.lx64.r.cp311')
2026-09-17T07:35:00Z [814ms] [Info] [omni.ext.plugin] [ext: omni.timeline-1.0.14] started, startup time: 2 (ms)
2026-09-17T07:35:00Z [814ms] [Info] [omni.ext.plugin] About to startup: [ext: omni.usdphysics-107.3.26] (order: 0) Triggered by: isaacsim.core.utils-3.5.1, omni.physx-107.3.26, omni.physx.cooking-107.3.26 (path: /home/xiexuhui/miniconda3/envs/instinctlab/lib/python3.11/site-packages/isaacsim/extscache/omni.usdphysics-107.3.26+107.3.3.lx64.r.cp311.u353)
2026-09-17T07:35:00Z [814ms] [Info] [omni.kit.app.plugin] [0.840s] [ext: omni.usdphysics-107.3.26] startup
2026-09-17T07:35:00Z [816ms] [Info] [carb] Registered plugin: omni.physicsschema.plugin (interfaces: [omni::physics::schema::IUsdPhysics v1.1],[omni::physics::usdparser::IUsdPhysicsParse v1.0]) (impl: omni.physicsschema.plugin)
2026-09-17T07:35:00Z [817ms] [Info] [omni.ext._impl._internal] Searching for classes derived from 'omni.ext.IExt' in 'omni.usdphysics' ('/home/xiexuhui/miniconda3/envs/instinctlab/lib/python3.11/site-packages/isaacsim/extscache/omni.usdphysics-107.3.26+107.3.3.lx64.r.cp311.u353')
2026-09-17T07:35:00Z [817ms] [Info] [omni.ext._impl._internal] Found class `PhysicsSchemaExtension` derived from `omni.ext.IExt` in module: 'omni.usdphysics' in '/home/xiexuhui/miniconda3/envs/instinctlab/lib/python3.11/site-packages/isaacsim/extscache/omni.usdphysics-107.3.26+107.3.3.lx64.r.cp311.u353'. Calling `on_startup`.
2026-09-17T07:35:00Z [817ms] [Info] [omni.ext._impl._internal] Searching for classes derived from 'omni.ext.IExt' in 'omni.usdphysics.scripts' ('/home/xiexuhui/miniconda3/envs/instinctlab/lib/python3.11/site-packages/isaacsim/extscache/omni.usdphysics-107.3.26+107.3.3.lx64.r.cp311.u353')
2026-09-17T07:35:00Z [817ms] [Info] [omni.ext.plugin] [ext: omni.usdphysics-107.3.26] started, startup time: 2 (ms)
2026-09-17T07:35:00Z [817ms] [Info] [omni.ext.plugin] About to startup: [ext: omni.localcache-107.3.26] (order: 0) Triggered by: omni.physx.cooking-107.3.26 (path: /home/xiexuhui/miniconda3/envs/instinctlab/lib/python3.11/site-packages/isaacsim/extscache/omni.localcache-107.3.26+107.3.3.lx64.r.cp311.u353)
2026-09-17T07:35:00Z [817ms] [Info] [omni.kit.app.plugin] [0.843s] [ext: omni.localcache-107.3.26] startup
2026-09-17T07:35:00Z [817ms] [Info] [carb] Registered plugin: omni.localcache.plugin (interfaces: [omni::localcache::ILocalCache v1.0]) (impl: omni.localcache.plugin)
2026-09-17T07:35:00Z [818ms] [Info] [omni.ext._impl._internal] Searching for classes derived from 'omni.ext.IExt' in 'omni.localcache' ('/home/xiexuhui/miniconda3/envs/instinctlab/lib/python3.11/site-packages/isaacsim/extscache/omni.localcache-107.3.26+107.3.3.lx64.r.cp311.u353')
2026-09-17T07:35:00Z [819ms] [Info] [omni.ext._impl._internal] Found class `ILocalCacheExtension` derived from `omni.ext.IExt` in module: 'omni.localcache' in '/home/xiexuhui/miniconda3/envs/instinctlab/lib/python3.11/site-packages/isaacsim/extscache/omni.localcache-107.3.26+107.3.3.lx64.r.cp311.u353'. Calling `on_startup`.
2026-09-17T07:35:00Z [819ms] [Info] [carb] Initializing plugin: omni.localcache.plugin (interfaces: [omni::localcache::ILocalCache v1.0]) (impl: omni.localcache.plugin)
2026-09-17T07:35:00Z [819ms] [Info] [omni.ext.plugin] [ext: omni.localcache-107.3.26] started, startup time: 2 (ms)
2026-09-17T07:35:00Z [819ms] [Info] [omni.ext.plugin] About to startup: [ext: omni.convexdecomposition-107.3.26] (order: 0) Triggered by: omni.physx.cooking-107.3.26 (path: /home/xiexuhui/miniconda3/envs/instinctlab/lib/python3.11/site-packages/isaacsim/extscache/omni.convexdecomposition-107.3.26+107.3.3.lx64.r.cp311.u353)
2026-09-17T07:35:00Z [819ms] [Info] [omni.kit.app.plugin] [0.845s] [ext: omni.convexdecomposition-107.3.26] startup
2026-09-17T07:35:00Z [820ms] [Info] [carb] Registered plugin: omni.convexdecomposition.plugin (interfaces: [omni::convexdecomposition::ConvexDecomposition v2.0]) (impl: omni.convexdecomposition.plugin)
2026-09-17T07:35:00Z [822ms] [Info] [omni.ext._impl._internal] Searching for classes derived from 'omni.ext.IExt' in 'omni.convexdecomposition' ('/home/xiexuhui/miniconda3/envs/instinctlab/lib/python3.11/site-packages/isaacsim/extscache/omni.convexdecomposition-107.3.26+107.3.3.lx64.r.cp311.u353')
2026-09-17T07:35:00Z [822ms] [Info] [omni.ext._impl._internal] Found class `ConvexDecompositionExtension` derived from `omni.ext.IExt` in module: 'omni.convexdecomposition' in '/home/xiexuhui/miniconda3/envs/instinctlab/lib/python3.11/site-packages/isaacsim/extscache/omni.convexdecomposition-107.3.26+107.3.3.lx64.r.cp311.u353'. Calling `on_startup`.
2026-09-17T07:35:00Z [822ms] [Info] [carb] Initializing plugin: omni.convexdecomposition.plugin (interfaces: [omni::convexdecomposition::ConvexDecomposition v2.0]) (impl: omni.convexdecomposition.plugin)
2026-09-17T07:35:00Z [822ms] [Info] [omni.ext.plugin] [ext: omni.convexdecomposition-107.3.26] started, startup time: 3 (ms)
2026-09-17T07:35:00Z [822ms] [Info] [omni.ext.plugin] About to startup: [ext: omni.usd-1.13.10] (order: 0) Triggered by: isaacsim.core.cloner-1.4.10, isaacsim.core.deprecation_manager-0.2.7, isaacsim.simulation_app-2.12.2, omni.isaac.dynamic_control-2.0.7, omni.kit.primitive.mesh-1.0.17, omni.kit.stage_template.core-1.1.22, omni.kit.stage_templates-2.0.0, omni.kit.usd.layers-2.2.11, omni.physics.stageupdate-107.3.26, omni.physx.tensors-107.3.26, omni.usd.metrics.assembler.ui-107.3.1 (path: /home/xiexuhui/miniconda3/envs/instinctlab/lib/python3.11/site-packages/isaacsim/extscache/omni.usd-1.13.10+69cbf6ad.lx64.r.cp311)
2026-09-17T07:35:00Z [822ms] [Info] [omni.kit.app.plugin] [0.848s] [ext: omni.usd-1.13.10] startup
2026-09-17T07:35:00Z [823ms] [Info] [carb] Registered plugin: omni.stageupdate.plugin (interfaces: [omni::kit::IStageUpdate v1.0]) (impl: omni.stageupdate.plugin)
2026-09-17T07:35:00Z [825ms] [Info] [carb] Registered plugin: omni.usd.cppcommands (interfaces: [omni::ext::IExt v0.1]) (impl: omni.usd.cppcommands)
2026-09-17T07:35:00Z [825ms] [Info] [carb] Initializing plugin: omni.usd.cppcommands (interfaces: [omni::ext::IExt v0.1]) (impl: omni.usd.cppcommands)
2026-09-17T07:35:00Z [825ms] [Info] [omni.ext.plugin] [ext: omni.usd-1.13.10] Starting ext::IExt in '/home/xiexuhui/miniconda3/envs/instinctlab/lib/python3.11/site-packages/isaacsim/extscache/omni.usd-1.13.10+69cbf6ad.lx64.r.cp311/bin/libomni.usd.cppcommands.plugin.so'
2026-09-17T07:35:00Z [849ms] [Info] [omni.ext._impl._internal] Searching for classes derived from 'omni.ext.IExt' in 'omni.usd' ('/home/xiexuhui/miniconda3/envs/instinctlab/lib/python3.11/site-packages/isaacsim/extscache/omni.usd-1.13.10+69cbf6ad.lx64.r.cp311')
2026-09-17T07:35:00Z [849ms] [Info] [omni.ext._impl._internal] Found class `UsdExtension` derived from `omni.ext.IExt` in module: 'omni.usd' in '/home/xiexuhui/miniconda3/envs/instinctlab/lib/python3.11/site-packages/isaacsim/extscache/omni.usd-1.13.10+69cbf6ad.lx64.r.cp311'. Calling `on_startup`.
2026-09-17T07:35:00Z [850ms] [Info] [carb] Initializing plugin: omni.stageupdate.plugin (interfaces: [omni::kit::IStageUpdate v1.0]) (impl: omni.stageupdate.plugin)
2026-09-17T07:35:00Z [850ms] [Info] [omni.graph.exec.unstable.passRegistry] IPassRegistry::registerPass: registered PopulatePass as pass id 2
2026-09-17T07:35:00Z [861ms] [Info] [omni.ext._impl._internal] Searching for classes derived from 'omni.ext.IExt' in 'omni.usd.audio' ('/home/xiexuhui/miniconda3/envs/instinctlab/lib/python3.11/site-packages/isaacsim/extscache/omni.usd-1.13.10+69cbf6ad.lx64.r.cp311')
2026-09-17T07:35:00Z [864ms] [Info] [omni.ext._impl._internal] Searching for classes derived from 'omni.ext.IExt' in 'omni.usd.commands' ('/home/xiexuhui/miniconda3/envs/instinctlab/lib/python3.11/site-packages/isaacsim/extscache/omni.usd-1.13.10+69cbf6ad.lx64.r.cp311')
2026-09-17T07:35:00Z [865ms] [Info] [omni.ext._impl._internal] Searching for classes derived from 'omni.ext.IExt' in 'omni.usd.editor' ('/home/xiexuhui/miniconda3/envs/instinctlab/lib/python3.11/site-packages/isaacsim/extscache/omni.usd-1.13.10+69cbf6ad.lx64.r.cp311')
2026-09-17T07:35:00Z [866ms] [Info] [omni.ext._impl._internal] Searching for classes derived from 'omni.ext.IExt' in 'omni.stageupdate' ('/home/xiexuhui/miniconda3/envs/instinctlab/lib/python3.11/site-packages/isaacsim/extscache/omni.usd-1.13.10+69cbf6ad.lx64.r.cp311')
2026-09-17T07:35:00Z [866ms] [Info] [omni.ext._impl._internal] Searching for classes derived from 'omni.ext.IExt' in 'usd.schema.kit' ('/home/xiexuhui/miniconda3/envs/instinctlab/lib/python3.11/site-packages/isaacsim/extscache/omni.usd-1.13.10+69cbf6ad.lx64.r.cp311')
2026-09-17T07:35:00Z [867ms] [Info] [omni.ext.plugin] [ext: omni.usd-1.13.10] started, startup time: 44 (ms)
2026-09-17T07:35:00Z [867ms] [Info] [omni.ext.plugin] About to startup: [ext: omni.physx.cooking-107.3.26] (order: 0) Triggered by: omni.physx-107.3.26 (path: /home/xiexuhui/miniconda3/envs/instinctlab/lib/python3.11/site-packages/isaacsim/extscache/omni.physx.cooking-107.3.26+107.3.3.lx64.r.cp311.u353)
2026-09-17T07:35:00Z [867ms] [Info] [omni.kit.app.plugin] [0.893s] [ext: omni.physx.cooking-107.3.26] startup
2026-09-17T07:35:00Z [869ms] [Info] [carb] Registered plugin: omni.physx.cooking.plugin (interfaces: [omni::physx::IPhysxCookingService v1.0],[omni::physx::IPhysxCookingServicePrivate v13.0]) (impl: omni.physx.cooking.plugin)
2026-09-17T07:35:00Z [870ms] [Info] [omni.ext._impl._internal] Searching for classes derived from 'omni.ext.IExt' in 'omni.physxcooking' ('/home/xiexuhui/miniconda3/envs/instinctlab/lib/python3.11/site-packages/isaacsim/extscache/omni.physx.cooking-107.3.26+107.3.3.lx64.r.cp311.u353')
2026-09-17T07:35:00Z [870ms] [Info] [omni.ext._impl._internal] Found class `PhysxExtension` derived from `omni.ext.IExt` in module: 'omni.physxcooking' in '/home/xiexuhui/miniconda3/envs/instinctlab/lib/python3.11/site-packages/isaacsim/extscache/omni.physx.cooking-107.3.26+107.3.3.lx64.r.cp311.u353'. Calling `on_startup`.
2026-09-17T07:35:00Z [870ms] [Info] [carb] Initializing plugin: omni.physx.cooking.plugin (interfaces: [omni::physx::IPhysxCookingService v1.0],[omni::physx::IPhysxCookingServicePrivate v13.0]) (impl: omni.physx.cooking.plugin)
2026-09-17T07:35:00Z [871ms] [Info] [omni.ext.plugin] [ext: omni.physx.cooking-107.3.26] started, startup time: 4 (ms)
2026-09-17T07:35:00Z [871ms] [Info] [omni.ext.plugin] About to startup: [ext: omni.kit.usd.layers-2.2.11] (order: 0) Triggered by: isaacsim.core.api-4.8.0, omni.isaac.dynamic_control-2.0.7, omni.kit.primitive.mesh-1.0.17, omni.usd.metrics.assembler.ui-107.3.1 (path: /home/xiexuhui/miniconda3/envs/instinctlab/lib/python3.11/site-packages/isaacsim/extscache/omni.kit.usd.layers-2.2.11+69cbf6ad.lx64.r.cp311)
2026-09-17T07:35:00Z [871ms] [Info] [omni.kit.app.plugin] [0.897s] [ext: omni.kit.usd.layers-2.2.11] startup
2026-09-17T07:35:00Z [874ms] [Info] [carb] Registered plugin: omni.kit.usd.layers.plugin (interfaces: [omni::kit::usd::layers::ILayers v1.0],[omni::kit::usd::layers::ILayersState v1.1],[omni::kit::usd::layers::IWorkflowAutoAuthoring v1.0],[omni::kit::usd::layers::IWorkflowLiveSyncing v2.2],[omni::kit::usd::layers::IWorkflowSpecsLinking v1.0],[omni::kit::usd::layers::IWorkflowSpecsLocking v1.0]) (impl: omni.kit.usd.layers.plugin)
2026-09-17T07:35:00Z [881ms] [Info] [omni.ext._impl._internal] Searching for classes derived from 'omni.ext.IExt' in 'omni.kit.usd.layers' ('/home/xiexuhui/miniconda3/envs/instinctlab/lib/python3.11/site-packages/isaacsim/extscache/omni.kit.usd.layers-2.2.11+69cbf6ad.lx64.r.cp311')
2026-09-17T07:35:00Z [881ms] [Info] [omni.ext.plugin] [ext: omni.kit.usd.layers-2.2.11] started, startup time: 9 (ms)
2026-09-17T07:35:00Z [881ms] [Info] [omni.ext.plugin] About to startup: [ext: omni.physics-107.3.26] (order: 0) Triggered by: omni.physics.physx-107.3.26, omni.physics.stageupdate-107.3.26 (path: /home/xiexuhui/miniconda3/envs/instinctlab/lib/python3.11/site-packages/isaacsim/extscache/omni.physics-107.3.26+107.3.3.lx64.r.cp311.u353)
2026-09-17T07:35:00Z [881ms] [Info] [omni.kit.app.plugin] [0.907s] [ext: omni.physics-107.3.26] startup
2026-09-17T07:35:00Z [881ms] [Info] [carb] Registered plugin: omni.physics.plugin (interfaces: [omni::physics::IPhysics v0.1],[omni::physics::IPhysicsBenchmarks v0.1],[omni::physics::IPhysicsInteraction v0.1],[omni::physics::IPhysicsSceneQuery v0.1],[omni::physics::IPhysicsSimulation v0.1],[omni::physics::IPhysicsStageUpdate v0.1]) (impl: omni.physics.plugin)
2026-09-17T07:35:00Z [885ms] [Info] [omni.ext._impl._internal] Searching for classes derived from 'omni.ext.IExt' in 'omni.physics.core' ('/home/xiexuhui/miniconda3/envs/instinctlab/lib/python3.11/site-packages/isaacsim/extscache/omni.physics-107.3.26+107.3.3.lx64.r.cp311.u353')
2026-09-17T07:35:00Z [885ms] [Info] [omni.ext._impl._internal] Found class `PhysicsExtension` derived from `omni.ext.IExt` in module: 'omni.physics.core' in '/home/xiexuhui/miniconda3/envs/instinctlab/lib/python3.11/site-packages/isaacsim/extscache/omni.physics-107.3.26+107.3.3.lx64.r.cp311.u353'. Calling `on_startup`.
2026-09-17T07:35:00Z [886ms] [Info] [omni.ext.plugin] [ext: omni.physics-107.3.26] started, startup time: 4 (ms)
2026-09-17T07:35:00Z [886ms] [Info] [omni.ext.plugin] About to startup: [ext: omni.physx-107.3.26] (order: 0) Triggered by: isaaclab.python.headless-2.3.2, isaacsim.core.cloner-1.4.10, isaacsim.core.utils-3.5.1, omni.physics.physx-107.3.26, omni.physx.fabric-107.3.26, omni.physx.tensors-107.3.26 (path: /home/xiexuhui/miniconda3/envs/instinctlab/lib/python3.11/site-packages/isaacsim/extscache/omni.physx-107.3.26+107.3.3.lx64.r.cp311.u353)
2026-09-17T07:35:00Z [886ms] [Info] [omni.kit.app.plugin] [0.912s] [ext: omni.physx-107.3.26] startup
2026-09-17T07:35:00Z [891ms] [Info] [carb] Registered plugin: omni.physx.plugin (interfaces: [omni::physx::IPhysx v5.0],[omni::physx::IPhysxAttachmentPrivate v0.1],[omni::physx::IPhysxBenchmarks v1.0],[omni::physx::IPhysxCooking v3.0],[omni::physx::IPhysxCookingPrivate v2.0],[omni::physx::IPhysxCustomGeometry v1.0],[omni::physx::IPhysxCustomJoint v1.0],[omni::physx::IPhysxJoint v1.0],[omni::physx::IPhysxParticlesPrivate v0.1],[omni::physx::IPhysxPrivate v2.0],[omni::physx::IPhysxPropertyQuery v1.0],[omni::physx::IPhysxReplicator v2.0],[omni::physx::IPhysxSceneQuery v1.0],[omni::physx::IPhysxSimulation v3.0],[omni::physx::IPhysxStageUpdate v0.1],[omni::physx::IPhysxStatistics v3.0],[omni::physx::IPhysxUnitTests v3.0],[omni::physx::IPhysxVisualization v2.0],[omni::physx::IPhysxVisualizationPrivate v1.0],[omni::physx::usdparser::IPhysxUsdLoad v1.0]) (impl: omni.physx.plugin)
2026-09-17T07:35:00Z [898ms] [Info] [omni.ext._impl._internal] Searching for classes derived from 'omni.ext.IExt' in 'omni.physx' ('/home/xiexuhui/miniconda3/envs/instinctlab/lib/python3.11/site-packages/isaacsim/extscache/omni.physx-107.3.26+107.3.3.lx64.r.cp311.u353')
2026-09-17T07:35:00Z [898ms] [Info] [omni.ext._impl._internal] Found class `PhysxExtension` derived from `omni.ext.IExt` in module: 'omni.physx' in '/home/xiexuhui/miniconda3/envs/instinctlab/lib/python3.11/site-packages/isaacsim/extscache/omni.physx-107.3.26+107.3.3.lx64.r.cp311.u353'. Calling `on_startup`.
2026-09-17T07:35:00Z [898ms] [Info] [carb] Initializing plugin: omni.physx.plugin (interfaces: [omni::physx::IPhysx v5.0],[omni::physx::IPhysxAttachmentPrivate v0.1],[omni::physx::IPhysxBenchmarks v1.0],[omni::physx::IPhysxCooking v3.0],[omni::physx::IPhysxCookingPrivate v2.0],[omni::physx::IPhysxCustomGeometry v1.0],[omni::physx::IPhysxCustomJoint v1.0],[omni::physx::IPhysxJoint v1.0],[omni::physx::IPhysxParticlesPrivate v0.1],[omni::physx::IPhysxPrivate v2.0],[omni::physx::IPhysxPropertyQuery v1.0],[omni::physx::IPhysxReplicator v2.0],[omni::physx::IPhysxSceneQuery v1.0],[omni::physx::IPhysxSimulation v3.0],[omni::physx::IPhysxStageUpdate v0.1],[omni::physx::IPhysxStatistics v3.0],[omni::physx::IPhysxUnitTests v3.0],[omni::physx::IPhysxVisualization v2.0],[omni::physx::IPhysxVisualizationPrivate v1.0],[omni::physx::usdparser::IPhysxUsdLoad v1.0]) (impl: omni.physx.plugin)
2026-09-17T07:35:00Z [900ms] [Info] [carb] Initializing plugin: omni.fabric.plugin (interfaces: [omni::fabric::IChangeTrackerConfig v0.5],[omni::fabric::IConnectivity v1.7],[omni::fabric::IFabric v0.9],[omni::fabric::IFabricContextManager v1.0],[omni::fabric::IFabricInspector v0.2],[omni::fabric::IFabricRingBuffer v1.2],[omni::fabric::IFabricSampleStorage v0.3],[omni::fabric::IFabricUsd v0.2],[omni::fabric::IFineGrainedChangeTracker v0.2],[omni::fabric::IObjectDirectory v1.0],[omni::fabric::IPath v0.2],[omni::fabric::IPlatform v0.2],[omni::fabric::IPopulator v0.1],[omni::fabric::IPrimBucketList v0.5],[omni::fabric::ISerializer v0.3],[omni::fabric::ISimStageWithHistory v0.2],[omni::fabric::IStageAtTimeInterval v0.7],[omni::fabric::IStageAtTimeIntervalLegacy v0.1],[omni::fabric::IStageReaderWriter v0.14],[omni::fabric::IStageReaderWriterLegacy v0.5],[omni::fabric::IStats v1.0],[omni::fabric::IToken v0.1],[omni::fabric::batch::iBatch v0.3]) (impl: omni.fabric.plugin)
2026-09-17T07:35:00Z [900ms] [Info] [carb] Initializing plugin: omni.tbb.globalcontrol.plugin (interfaces: [omni::tbb::IGlobalControl v1.0]) (impl: omni.tbb.globalcontrol.plugin)
2026-09-17T07:35:00Z [900ms] [Info] [omni.tbb.globalcontrol.plugin] TBB Global Control Plugin loaded, max_allowed_parallelism=24
2026-09-17T07:35:00Z [900ms] [Info] [carb] Initializing plugin: omni.physicsschema.plugin (interfaces: [omni::physics::schema::IUsdPhysics v1.1],[omni::physics::usdparser::IUsdPhysicsParse v1.0]) (impl: omni.physicsschema.plugin)
2026-09-17T07:35:00Z [901ms] [Info] [omni.physx.plugin] 
omni.physx handle on CUDA lib is 0x5811b497fc80

2026-09-17T07:35:00Z [902ms] [Info] [omni.ext._impl._internal] Searching for classes derived from 'omni.ext.IExt' in 'omni.physx.scripts' ('/home/xiexuhui/miniconda3/envs/instinctlab/lib/python3.11/site-packages/isaacsim/extscache/omni.physx-107.3.26+107.3.3.lx64.r.cp311.u353')
2026-09-17T07:35:00Z [902ms] [Info] [omni.ext.plugin] [ext: omni.physx-107.3.26] started, startup time: 16 (ms)
2026-09-17T07:35:00Z [902ms] [Info] [omni.ext.plugin] About to startup: [ext: omni.physics.stageupdate-107.3.26] (order: 0) Triggered by: isaacsim.core.api-4.8.0, isaacsim.core.simulation_manager-1.4.4, omni.isaac.dynamic_control-2.0.7 (path: /home/xiexuhui/miniconda3/envs/instinctlab/lib/python3.11/site-packages/isaacsim/extscache/omni.physics.stageupdate-107.3.26+107.3.3.lx64.r.cp311.u353)
2026-09-17T07:35:00Z [902ms] [Info] [omni.kit.app.plugin] [0.928s] [ext: omni.physics.stageupdate-107.3.26] startup
2026-09-17T07:35:00Z [902ms] [Info] [carb] Registered plugin: omni.physics.stageupdate.plugin (interfaces: [omni::ext::IExt v0.1],[omni::physx::IPhysicsStageUpdateNode v0.1]) (impl: omni.physics.stageupdate.plugin)
2026-09-17T07:35:00Z [902ms] [Info] [carb] Initializing plugin: omni.physics.stageupdate.plugin (interfaces: [omni::ext::IExt v0.1],[omni::physx::IPhysicsStageUpdateNode v0.1]) (impl: omni.physics.stageupdate.plugin)
2026-09-17T07:35:00Z [902ms] [Info] [omni.ext.plugin] [ext: omni.physics.stageupdate-107.3.26] Starting ext::IExt in '/home/xiexuhui/miniconda3/envs/instinctlab/lib/python3.11/site-packages/isaacsim/extscache/omni.physics.stageupdate-107.3.26+107.3.3.lx64.r.cp311.u353/bin/libomni.physics.stageupdate.plugin.so'
2026-09-17T07:35:00Z [902ms] [Info] [carb] Initializing plugin: omni.physics.plugin (interfaces: [omni::physics::IPhysics v0.1],[omni::physics::IPhysicsBenchmarks v0.1],[omni::physics::IPhysicsInteraction v0.1],[omni::physics::IPhysicsSceneQuery v0.1],[omni::physics::IPhysicsSimulation v0.1],[omni::physics::IPhysicsStageUpdate v0.1]) (impl: omni.physics.plugin)
2026-09-17T07:35:00Z [904ms] [Info] [omni.ext._impl._internal] Searching for classes derived from 'omni.ext.IExt' in 'omni.physics.stageupdate' ('/home/xiexuhui/miniconda3/envs/instinctlab/lib/python3.11/site-packages/isaacsim/extscache/omni.physics.stageupdate-107.3.26+107.3.3.lx64.r.cp311.u353')
2026-09-17T07:35:00Z [904ms] [Info] [omni.ext._impl._internal] Found class `OmniPhysXStageUpdateExtension` derived from `omni.ext.IExt` in module: 'omni.physics.stageupdate' in '/home/xiexuhui/miniconda3/envs/instinctlab/lib/python3.11/site-packages/isaacsim/extscache/omni.physics.stageupdate-107.3.26+107.3.3.lx64.r.cp311.u353'. Calling `on_startup`.
2026-09-17T07:35:00Z [904ms] [Info] [omni.ext.plugin] [ext: omni.physics.stageupdate-107.3.26] started, startup time: 2 (ms)
2026-09-17T07:35:00Z [904ms] [Info] [omni.ext.plugin] About to startup: [ext: omni.physics.physx-107.3.26] (order: 0) Triggered by: isaacsim.core.api-4.8.0, isaacsim.core.simulation_manager-1.4.4, omni.isaac.dynamic_control-2.0.7 (path: /home/xiexuhui/miniconda3/envs/instinctlab/lib/python3.11/site-packages/isaacsim/extscache/omni.physics.physx-107.3.26+107.3.3.lx64.r.cp311.u353)
2026-09-17T07:35:00Z [904ms] [Info] [omni.kit.app.plugin] [0.930s] [ext: omni.physics.physx-107.3.26] startup
2026-09-17T07:35:00Z [905ms] [Info] [carb] Registered plugin: omni.physics.physx.plugin (interfaces: [omni::ext::IExt v0.1]) (impl: omni.physics.physx.plugin)
2026-09-17T07:35:00Z [906ms] [Info] [carb] Initializing plugin: omni.physics.physx.plugin (interfaces: [omni::ext::IExt v0.1]) (impl: omni.physics.physx.plugin)
2026-09-17T07:35:00Z [906ms] [Info] [omni.ext.plugin] [ext: omni.physics.physx-107.3.26] Starting ext::IExt in '/home/xiexuhui/miniconda3/envs/instinctlab/lib/python3.11/site-packages/isaacsim/extscache/omni.physics.physx-107.3.26+107.3.3.lx64.r.cp311.u353/bin/libomni.physics.physx.plugin.so'
2026-09-17T07:35:00Z [906ms] [Warning] [carb] Acquiring non optional plugin interface which is not listed as dependency: [omni::physx::IPhysxBenchmarks v1.0] (plugin: <default plugin>), by client: omni.physics.physx.plugin. Add it to CARB_PLUGIN_IMPL_DEPS() macro of a client.
2026-09-17T07:35:00Z [906ms] [Info] [omni.ext._impl._internal] Searching for classes derived from 'omni.ext.IExt' in 'omni.physics.physx' ('/home/xiexuhui/miniconda3/envs/instinctlab/lib/python3.11/site-packages/isaacsim/extscache/omni.physics.physx-107.3.26+107.3.3.lx64.r.cp311.u353')
2026-09-17T07:35:00Z [906ms] [Info] [omni.ext.plugin] [ext: omni.physics.physx-107.3.26] started, startup time: 1 (ms)
2026-09-17T07:35:00Z [906ms] [Info] [omni.ext.plugin] About to startup: [ext: omni.physics.tensors-107.3.26] (order: 0) Triggered by: isaacsim.core.utils-3.5.1, omni.physx.tensors-107.3.26 (path: /home/xiexuhui/miniconda3/envs/instinctlab/lib/python3.11/site-packages/isaacsim/extscache/omni.physics.tensors-107.3.26+107.3.3.lx64.r.cp311.u353)
2026-09-17T07:35:00Z [906ms] [Info] [omni.kit.app.plugin] [0.932s] [ext: omni.physics.tensors-107.3.26] startup
2026-09-17T07:35:00Z [907ms] [Info] [carb] Registered plugin: omni.physics.tensors.plugin (interfaces: [omni::physics::tensors::BackendRegistry v0.1],[omni::physics::tensors::TensorApi v0.1]) (impl: omni.physics.tensors.plugin)
2026-09-17T07:35:00Z [912ms] [Info] [omni.ext._impl._internal] Searching for classes derived from 'omni.ext.IExt' in 'omni.physics.tensors' ('/home/xiexuhui/miniconda3/envs/instinctlab/lib/python3.11/site-packages/isaacsim/extscache/omni.physics.tensors-107.3.26+107.3.3.lx64.r.cp311.u353')
2026-09-17T07:35:00Z [912ms] [Info] [omni.ext._impl._internal] Found class `Extension` derived from `omni.ext.IExt` in module: 'omni.physics.tensors' in '/home/xiexuhui/miniconda3/envs/instinctlab/lib/python3.11/site-packages/isaacsim/extscache/omni.physics.tensors-107.3.26+107.3.3.lx64.r.cp311.u353'. Calling `on_startup`.
2026-09-17T07:35:00Z [912ms] [Info] [omni.ext.plugin] [ext: omni.physics.tensors-107.3.26] started, startup time: 5 (ms)
2026-09-17T07:35:00Z [912ms] [Info] [omni.ext.plugin] About to startup: [ext: omni.isaac.dynamic_control-2.0.7] (order: 0) Triggered by: isaacsim.core.utils-3.5.1 (path: /home/xiexuhui/miniconda3/envs/instinctlab/lib/python3.11/site-packages/isaacsim/extsDeprecated/omni.isaac.dynamic_control)
2026-09-17T07:35:00Z [912ms] [Info] [omni.kit.app.plugin] [0.938s] [ext: omni.isaac.dynamic_control-2.0.7] startup
2026-09-17T07:35:00Z [914ms] [Info] [carb] Registered plugin: omni.isaac.dynamic_control.plugin (interfaces: [omni::isaac::dynamic_control::DynamicControl v0.1]) (impl: omni.isaac.dynamic_control.plugin)
2026-09-17T07:35:00Z [918ms] [Warning] [omni.isaac.dynamic_control] omni.isaac.dynamic_control is deprecated as of Isaac Sim 4.5. No action is needed from end-users.
2026-09-17T07:35:00Z [918ms] [Info] [omni.ext._impl._internal] Searching for classes derived from 'omni.ext.IExt' in 'omni.isaac.dynamic_control' ('/home/xiexuhui/miniconda3/envs/instinctlab/lib/python3.11/site-packages/isaacsim/extsDeprecated/omni.isaac.dynamic_control')
2026-09-17T07:35:00Z [918ms] [Info] [omni.ext._impl._internal] Found class `Extension` derived from `omni.ext.IExt` in module: 'omni.isaac.dynamic_control' in '/home/xiexuhui/miniconda3/envs/instinctlab/lib/python3.11/site-packages/isaacsim/extsDeprecated/omni.isaac.dynamic_control'. Calling `on_startup`.
2026-09-17T07:35:00Z [918ms] [Info] [carb] Initializing plugin: omni.isaac.dynamic_control.plugin (interfaces: [omni::isaac::dynamic_control::DynamicControl v0.1]) (impl: omni.isaac.dynamic_control.plugin)
2026-09-17T07:35:00Z [918ms] [Info] [omni.isaac.dynamic_control.plugin] Acquired interface 'omni::physx::IPhysx', version 5.0

2026-09-17T07:35:00Z [918ms] [Info] [omni.isaac.dynamic_control.plugin] Acquired interface 'omni::physx::IPhysxSceneQuery', version 1.0

2026-09-17T07:35:00Z [919ms] [Info] [omni.ext._impl._internal] Searching for classes derived from 'omni.ext.IExt' in 'omni.isaac.dynamic_control.tests' ('/home/xiexuhui/miniconda3/envs/instinctlab/lib/python3.11/site-packages/isaacsim/extsDeprecated/omni.isaac.dynamic_control')
2026-09-17T07:35:00Z [919ms] [Info] [omni.ext.plugin] [ext: omni.isaac.dynamic_control-2.0.7] started, startup time: 6 (ms)
2026-09-17T07:35:00Z [919ms] [Info] [omni.ext.plugin] About to startup: [ext: isaacsim.core.deprecation_manager-0.2.7] (order: 0) Triggered by: isaacsim.core.api-4.8.0, isaacsim.core.cloner-1.4.10, isaacsim.core.prims-0.6.1, isaacsim.core.utils-3.5.1, isaacsim.core.version-2.0.6 (path: /home/xiexuhui/miniconda3/envs/instinctlab/lib/python3.11/site-packages/isaacsim/exts/isaacsim.core.deprecation_manager)
2026-09-17T07:35:00Z [919ms] [Info] [omni.kit.app.plugin] [0.945s] [ext: isaacsim.core.deprecation_manager-0.2.7] startup
2026-09-17T07:35:00Z [919ms] [Info] [omni.ext._impl._internal] Searching for classes derived from 'omni.ext.IExt' in 'isaacsim.core.deprecation_manager' ('/home/xiexuhui/miniconda3/envs/instinctlab/lib/python3.11/site-packages/isaacsim/exts/isaacsim.core.deprecation_manager')
2026-09-17T07:35:00Z [919ms] [Info] [omni.ext._impl._internal] Found class `Extension` derived from `omni.ext.IExt` in module: 'isaacsim.core.deprecation_manager' in '/home/xiexuhui/miniconda3/envs/instinctlab/lib/python3.11/site-packages/isaacsim/exts/isaacsim.core.deprecation_manager'. Calling `on_startup`.
2026-09-17T07:35:00Z [919ms] [Info] [omni.ext.plugin] [ext: isaacsim.core.deprecation_manager-0.2.7] started, startup time: 0 (ms)
2026-09-17T07:35:00Z [919ms] [Info] [omni.ext.plugin] About to startup: [ext: omni.usd.metrics.assembler-107.3.1] (order: 0) Triggered by: isaacsim.core.utils-3.5.1, omni.usd.metrics.assembler.physics-107.3.26, omni.usd.metrics.assembler.ui-107.3.1 (path: /home/xiexuhui/miniconda3/envs/instinctlab/lib/python3.11/site-packages/isaacsim/extscache/omni.usd.metrics.assembler-107.3.1+107.3.0.lx64.r.cp311.u353)
2026-09-17T07:35:00Z [919ms] [Info] [omni.kit.app.plugin] [0.945s] [ext: omni.usd.metrics.assembler-107.3.1] startup
2026-09-17T07:35:00Z [920ms] [Info] [carb] Registered plugin: omni.usd.metrics.assembler.plugin (interfaces: [omni::usd::IMetricsAssembler v1.0]) (impl: omni.usd.metrics.assembler.plugin)
2026-09-17T07:35:00Z [923ms] [Info] [omni.ext._impl._internal] Searching for classes derived from 'omni.ext.IExt' in 'omni.metrics.assembler.core' ('/home/xiexuhui/miniconda3/envs/instinctlab/lib/python3.11/site-packages/isaacsim/extscache/omni.usd.metrics.assembler-107.3.1+107.3.0.lx64.r.cp311.u353')
2026-09-17T07:35:00Z [923ms] [Info] [omni.ext._impl._internal] Found class `OmniUsdMetricsAssembler` derived from `omni.ext.IExt` in module: 'omni.metrics.assembler.core' in '/home/xiexuhui/miniconda3/envs/instinctlab/lib/python3.11/site-packages/isaacsim/extscache/omni.usd.metrics.assembler-107.3.1+107.3.0.lx64.r.cp311.u353'. Calling `on_startup`.
2026-09-17T07:35:00Z [923ms] [Info] [carb] Initializing plugin: omni.usd.metrics.assembler.plugin (interfaces: [omni::usd::IMetricsAssembler v1.0]) (impl: omni.usd.metrics.assembler.plugin)
2026-09-17T07:35:00Z [933ms] [Info] [omni.ext.plugin] [ext: omni.usd.metrics.assembler-107.3.1] started, startup time: 13 (ms)
2026-09-17T07:35:00Z [933ms] [Info] [omni.ext.plugin] About to startup: [ext: isaacsim.core.version-2.0.6] (order: 0) Triggered by: isaaclab.python.headless-2.3.2, isaacsim.core.api-4.8.0, isaacsim.storage.native-1.5.1 (path: /home/xiexuhui/miniconda3/envs/instinctlab/lib/python3.11/site-packages/isaacsim/exts/isaacsim.core.version)
2026-09-17T07:35:00Z [933ms] [Info] [omni.kit.app.plugin] [0.959s] [ext: isaacsim.core.version-2.0.6] startup
2026-09-17T07:35:00Z [934ms] [Info] [omni.ext._impl._internal] Searching for classes derived from 'omni.ext.IExt' in 'isaacsim.core.version' ('/home/xiexuhui/miniconda3/envs/instinctlab/lib/python3.11/site-packages/isaacsim/exts/isaacsim.core.version')
2026-09-17T07:35:00Z [934ms] [Info] [omni.ext._impl._internal] Searching for classes derived from 'omni.ext.IExt' in 'isaacsim.core.version.tests' ('/home/xiexuhui/miniconda3/envs/instinctlab/lib/python3.11/site-packages/isaacsim/exts/isaacsim.core.version')
2026-09-17T07:35:00Z [934ms] [Info] [omni.ext.plugin] [ext: isaacsim.core.version-2.0.6] started, startup time: 0 (ms)
2026-09-17T07:35:00Z [934ms] [Info] [omni.ext.plugin] About to startup: [ext: omni.warp.core-1.8.2] (order: 0) Triggered by: isaaclab.python.headless-2.3.2, isaacsim.core.api-4.8.0, isaacsim.core.prims-0.6.1, isaacsim.core.utils-3.5.1 (path: /home/xiexuhui/miniconda3/envs/instinctlab/lib/python3.11/site-packages/isaacsim/extscache/omni.warp.core-1.8.2+lx64)
2026-09-17T07:35:00Z [934ms] [Info] [omni.kit.app.plugin] [0.960s] [ext: omni.warp.core-1.8.2] startup
2026-09-17T07:35:00Z [935ms] [Info] [omni.ext._impl._internal] Searching for classes derived from 'omni.ext.IExt' in 'omni.warp.core' ('/home/xiexuhui/miniconda3/envs/instinctlab/lib/python3.11/site-packages/isaacsim/extscache/omni.warp.core-1.8.2+lx64')
2026-09-17T07:35:00Z [935ms] [Info] [omni.ext._impl._internal] Found class `OmniWarpCoreExtension` derived from `omni.ext.IExt` in module: 'omni.warp.core' in '/home/xiexuhui/miniconda3/envs/instinctlab/lib/python3.11/site-packages/isaacsim/extscache/omni.warp.core-1.8.2+lx64'. Calling `on_startup`.
2026-09-17T07:35:00Z [1,088ms] [Info] [omni.ext._impl._internal] Searching for classes derived from 'omni.ext.IExt' in 'warp' ('/home/xiexuhui/miniconda3/envs/instinctlab/lib/python3.11/site-packages/isaacsim/extscache/omni.warp.core-1.8.2+lx64')
2026-09-17T07:35:00Z [1,089ms] [Info] [omni.ext.plugin] [ext: omni.warp.core-1.8.2] started, startup time: 154 (ms)
2026-09-17T07:35:00Z [1,089ms] [Info] [omni.ext.plugin] About to startup: [ext: omni.usd.metrics.assembler.physics-107.3.26] (order: 0) Triggered by: isaacsim.core.utils-3.5.1 (path: /home/xiexuhui/miniconda3/envs/instinctlab/lib/python3.11/site-packages/isaacsim/extscache/omni.usd.metrics.assembler.physics-107.3.26+107.3.3.cp311.u353)
2026-09-17T07:35:00Z [1,089ms] [Info] [omni.kit.app.plugin] [1.115s] [ext: omni.usd.metrics.assembler.physics-107.3.26] startup
2026-09-17T07:35:00Z [1,091ms] [Info] [omni.ext._impl._internal] Searching for classes derived from 'omni.ext.IExt' in 'omni.metrics.assembler.physics' ('/home/xiexuhui/miniconda3/envs/instinctlab/lib/python3.11/site-packages/isaacsim/extscache/omni.usd.metrics.assembler.physics-107.3.26+107.3.3.cp311.u353')
2026-09-17T07:35:00Z [1,091ms] [Info] [omni.ext._impl._internal] Found class `OmniUsdMetricsAssemblerPhysics` derived from `omni.ext.IExt` in module: 'omni.metrics.assembler.physics' in '/home/xiexuhui/miniconda3/envs/instinctlab/lib/python3.11/site-packages/isaacsim/extscache/omni.usd.metrics.assembler.physics-107.3.26+107.3.3.cp311.u353'. Calling `on_startup`.
2026-09-17T07:35:00Z [1,092ms] [Info] [omni.ext.plugin] [ext: omni.usd.metrics.assembler.physics-107.3.26] started, startup time: 2 (ms)
2026-09-17T07:35:00Z [1,092ms] [Info] [omni.ext.plugin] About to startup: [ext: isaacsim.storage.native-1.5.1] (order: 0) Triggered by: isaacsim.core.api-4.8.0, isaacsim.core.utils-3.5.1 (path: /home/xiexuhui/miniconda3/envs/instinctlab/lib/python3.11/site-packages/isaacsim/exts/isaacsim.storage.native)
2026-09-17T07:35:00Z [1,092ms] [Info] [omni.kit.app.plugin] [1.118s] [ext: isaacsim.storage.native-1.5.1] startup
2026-09-17T07:35:00Z [1,093ms] [Info] [omni.ext._impl._internal] Searching for classes derived from 'omni.ext.IExt' in 'isaacsim.storage.native' ('/home/xiexuhui/miniconda3/envs/instinctlab/lib/python3.11/site-packages/isaacsim/exts/isaacsim.storage.native')
2026-09-17T07:35:00Z [1,093ms] [Info] [omni.ext._impl._internal] Found class `Extension` derived from `omni.ext.IExt` in module: 'isaacsim.storage.native' in '/home/xiexuhui/miniconda3/envs/instinctlab/lib/python3.11/site-packages/isaacsim/exts/isaacsim.storage.native'. Calling `on_startup`.
2026-09-17T07:35:00Z [1,093ms] [Info] [omni.ext._impl._internal] Searching for classes derived from 'omni.ext.IExt' in 'isaacsim.storage.native.tests' ('/home/xiexuhui/miniconda3/envs/instinctlab/lib/python3.11/site-packages/isaacsim/exts/isaacsim.storage.native')
2026-09-17T07:35:00Z [1,094ms] [Info] [omni.ext.plugin] [ext: isaacsim.storage.native-1.5.1] started, startup time: 1 (ms)
2026-09-17T07:35:00Z [1,094ms] [Info] [omni.ext.plugin] About to startup: [ext: isaacsim.core.utils-3.5.1] (order: 0) Triggered by: isaaclab.python.headless-2.3.2, isaacsim.core.api-4.8.0, isaacsim.core.prims-0.6.1, isaacsim.core.simulation_manager-1.4.4 (path: /home/xiexuhui/miniconda3/envs/instinctlab/lib/python3.11/site-packages/isaacsim/exts/isaacsim.core.utils)
2026-09-17T07:35:00Z [1,094ms] [Info] [omni.kit.app.plugin] [1.120s] [ext: isaacsim.core.utils-3.5.1] startup
2026-09-17T07:35:00Z [1,097ms] [Info] [omni.ext._impl._internal] Searching for classes derived from 'omni.ext.IExt' in 'isaacsim.core.utils' ('/home/xiexuhui/miniconda3/envs/instinctlab/lib/python3.11/site-packages/isaacsim/exts/isaacsim.core.utils')
2026-09-17T07:35:00Z [1,097ms] [Info] [omni.ext._impl._internal] Searching for classes derived from 'omni.ext.IExt' in 'isaacsim.core.utils.tests' ('/home/xiexuhui/miniconda3/envs/instinctlab/lib/python3.11/site-packages/isaacsim/exts/isaacsim.core.utils')
2026-09-17T07:35:00Z [1,097ms] [Info] [omni.ext.plugin] [ext: isaacsim.core.utils-3.5.1] started, startup time: 3 (ms)
2026-09-17T07:35:00Z [1,097ms] [Info] [omni.ext.plugin] About to startup: [ext: omni.kit.stage_template.core-1.1.22] (order: 0) Triggered by: omni.kit.stage_templates-2.0.0 (path: /home/xiexuhui/miniconda3/envs/instinctlab/lib/python3.11/site-packages/isaacsim/extscache/omni.kit.stage_template.core-1.1.22+69cbf6ad)
2026-09-17T07:35:00Z [1,097ms] [Info] [omni.kit.app.plugin] [1.123s] [ext: omni.kit.stage_template.core-1.1.22] startup
2026-09-17T07:35:00Z [1,097ms] [Info] [omni.ext._impl._internal] Searching for classes derived from 'omni.ext.IExt' in 'omni.kit.stage_template.core' ('/home/xiexuhui/miniconda3/envs/instinctlab/lib/python3.11/site-packages/isaacsim/extscache/omni.kit.stage_template.core-1.1.22+69cbf6ad')
2026-09-17T07:35:00Z [1,097ms] [Info] [omni.ext._impl._internal] Found class `CoreStageExtension` derived from `omni.ext.IExt` in module: 'omni.kit.stage_template.core' in '/home/xiexuhui/miniconda3/envs/instinctlab/lib/python3.11/site-packages/isaacsim/extscache/omni.kit.stage_template.core-1.1.22+69cbf6ad'. Calling `on_startup`.
2026-09-17T07:35:00Z [1,098ms] [Info] [omni.ext.plugin] [ext: omni.kit.stage_template.core-1.1.22] started, startup time: 0 (ms)
2026-09-17T07:35:00Z [1,098ms] [Info] [omni.ext.plugin] About to startup: [ext: omni.physx.tensors-107.3.26] (order: 0) Triggered by: isaaclab.python.headless-2.3.2, isaacsim.core.api-4.8.0, isaacsim.core.prims-0.6.1, isaacsim.core.simulation_manager-1.4.4 (path: /home/xiexuhui/miniconda3/envs/instinctlab/lib/python3.11/site-packages/isaacsim/extscache/omni.physx.tensors-107.3.26+107.3.3.lx64.r.cp311.u353)
2026-09-17T07:35:00Z [1,098ms] [Info] [omni.kit.app.plugin] [1.124s] [ext: omni.physx.tensors-107.3.26] startup
2026-09-17T07:35:00Z [1,101ms] [Info] [carb] Registered plugin: omni.physx.tensors.plugin (interfaces: [omni::ext::IExt v0.1]) (impl: omni.physx.tensors.plugin)
2026-09-17T07:35:00Z [1,101ms] [Info] [carb] Initializing plugin: omni.physx.tensors.plugin (interfaces: [omni::ext::IExt v0.1]) (impl: omni.physx.tensors.plugin)
2026-09-17T07:35:00Z [1,260ms] [Info] [omni.ext.plugin] [ext: omni.physx.tensors-107.3.26] Starting ext::IExt in '/home/xiexuhui/miniconda3/envs/instinctlab/lib/python3.11/site-packages/isaacsim/extscache/omni.physx.tensors-107.3.26+107.3.3.lx64.r.cp311.u353/bin/libomni.physx.tensors.plugin.so'
2026-09-17T07:35:00Z [1,260ms] [Info] [carb] Initializing plugin: omni.physics.tensors.plugin (interfaces: [omni::physics::tensors::BackendRegistry v0.1],[omni::physics::tensors::TensorApi v0.1]) (impl: omni.physics.tensors.plugin)
2026-09-17T07:35:00Z [1,260ms] [Info] [omni.physx.tensors.plugin] Registered simulation backend 'physx'

2026-09-17T07:35:00Z [1,260ms] [Info] [omni.ext.plugin] [ext: omni.physx.tensors-107.3.26] started, startup time: 162 (ms)
2026-09-17T07:35:00Z [1,260ms] [Info] [omni.ext.plugin] About to startup: [ext: omni.kit.primitive.mesh-1.0.17] (order: 0) Triggered by: omni.kit.stage_templates-2.0.0 (path: /home/xiexuhui/miniconda3/envs/instinctlab/lib/python3.11/site-packages/isaacsim/extscache/omni.kit.primitive.mesh-1.0.17+69cbf6ad)
2026-09-17T07:35:00Z [1,260ms] [Info] [omni.kit.app.plugin] [1.286s] [ext: omni.kit.primitive.mesh-1.0.17] startup
2026-09-17T07:35:00Z [1,264ms] [Info] [omni.ext._impl._internal] Searching for classes derived from 'omni.ext.IExt' in 'omni.kit.primitive.mesh' ('/home/xiexuhui/miniconda3/envs/instinctlab/lib/python3.11/site-packages/isaacsim/extscache/omni.kit.primitive.mesh-1.0.17+69cbf6ad')
2026-09-17T07:35:00Z [1,264ms] [Info] [omni.ext._impl._internal] Found class `PrimitiveMeshExtension` derived from `omni.ext.IExt` in module: 'omni.kit.primitive.mesh' in '/home/xiexuhui/miniconda3/envs/instinctlab/lib/python3.11/site-packages/isaacsim/extscache/omni.kit.primitive.mesh-1.0.17+69cbf6ad'. Calling `on_startup`.
2026-09-17T07:35:00Z [1,265ms] [Info] [omni.ext.plugin] [ext: omni.kit.primitive.mesh-1.0.17] started, startup time: 4 (ms)
2026-09-17T07:35:00Z [1,265ms] [Info] [omni.ext.plugin] About to startup: [ext: isaacsim.core.simulation_manager-1.4.4] (order: 0) Triggered by: isaacsim.core.api-4.8.0, isaacsim.core.cloner-1.4.10, isaacsim.core.prims-0.6.1 (path: /home/xiexuhui/miniconda3/envs/instinctlab/lib/python3.11/site-packages/isaacsim/exts/isaacsim.core.simulation_manager)
2026-09-17T07:35:00Z [1,265ms] [Info] [omni.kit.app.plugin] [1.291s] [ext: isaacsim.core.simulation_manager-1.4.4] startup
2026-09-17T07:35:00Z [1,266ms] [Info] [carb] Registered plugin: isaacsim.core.simulation_manager.plugin (interfaces: [isaacsim::core::simulation_manager::ISimulationManager v2.0],[omni::ext::IExt v0.1]) (impl: isaacsim.core.simulation_manager.plugin)
2026-09-17T07:35:00Z [1,266ms] [Info] [carb] Initializing plugin: isaacsim.core.simulation_manager.plugin (interfaces: [isaacsim::core::simulation_manager::ISimulationManager v2.0],[omni::ext::IExt v0.1]) (impl: isaacsim.core.simulation_manager.plugin)
2026-09-17T07:35:00Z [1,267ms] [Info] [omni.ext.plugin] [ext: isaacsim.core.simulation_manager-1.4.4] Starting ext::IExt in '/home/xiexuhui/miniconda3/envs/instinctlab/lib/python3.11/site-packages/isaacsim/exts/isaacsim.core.simulation_manager/bin/libisaacsim.core.simulation_manager.plugin.so'
2026-09-17T07:35:00Z [1,267ms] [Info] [carb] Plugin isaacsim.core.simulation_manager.plugin is already a dependency of omni.physx.plugin; not changing unload order
2026-09-17T07:35:02Z [2,620ms] [Info] [omni.ext._impl._internal] Searching for classes derived from 'omni.ext.IExt' in 'isaacsim.core.simulation_manager' ('/home/xiexuhui/miniconda3/envs/instinctlab/lib/python3.11/site-packages/isaacsim/exts/isaacsim.core.simulation_manager')
2026-09-17T07:35:02Z [2,620ms] [Info] [omni.ext._impl._internal] Found class `Extension` derived from `omni.ext.IExt` in module: 'isaacsim.core.simulation_manager' in '/home/xiexuhui/miniconda3/envs/instinctlab/lib/python3.11/site-packages/isaacsim/exts/isaacsim.core.simulation_manager'. Calling `on_startup`.
2026-09-17T07:35:02Z [2,620ms] [Info] [omni.ext._impl._internal] Searching for classes derived from 'omni.ext.IExt' in 'isaacsim.core.simulation_manager.tests' ('/home/xiexuhui/miniconda3/envs/instinctlab/lib/python3.11/site-packages/isaacsim/exts/isaacsim.core.simulation_manager')
2026-09-17T07:35:02Z [2,620ms] [Info] [omni.ext.plugin] [ext: isaacsim.core.simulation_manager-1.4.4] started, startup time: 1355 (ms)
2026-09-17T07:35:02Z [2,620ms] [Info] [omni.ext.plugin] About to startup: [ext: omni.kit.stage_templates-2.0.0] (order: 0) Triggered by: isaacsim.core.api-4.8.0 (path: /home/xiexuhui/miniconda3/envs/instinctlab/lib/python3.11/site-packages/isaacsim/extscache/omni.kit.stage_templates-2.0.0+69cbf6ad)
2026-09-17T07:35:02Z [2,620ms] [Info] [omni.kit.app.plugin] [2.647s] [ext: omni.kit.stage_templates-2.0.0] startup
2026-09-17T07:35:02Z [2,621ms] [Info] [omni.ext._impl._internal] Searching for classes derived from 'omni.ext.IExt' in 'omni.kit.stage_templates' ('/home/xiexuhui/miniconda3/envs/instinctlab/lib/python3.11/site-packages/isaacsim/extscache/omni.kit.stage_templates-2.0.0+69cbf6ad')
2026-09-17T07:35:02Z [2,621ms] [Info] [omni.ext._impl._internal] Found class `NewStageExtension` derived from `omni.ext.IExt` in module: 'omni.kit.stage_templates' in '/home/xiexuhui/miniconda3/envs/instinctlab/lib/python3.11/site-packages/isaacsim/extscache/omni.kit.stage_templates-2.0.0+69cbf6ad'. Calling `on_startup`.
2026-09-17T07:35:02Z [2,622ms] [Info] [omni.ext.plugin] [ext: omni.kit.stage_templates-2.0.0] started, startup time: 1 (ms)
2026-09-17T07:35:02Z [2,622ms] [Info] [omni.ext.plugin] About to startup: [ext: isaacsim.core.prims-0.6.1] (order: 0) Triggered by: isaacsim.core.api-4.8.0 (path: /home/xiexuhui/miniconda3/envs/instinctlab/lib/python3.11/site-packages/isaacsim/exts/isaacsim.core.prims)
2026-09-17T07:35:02Z [2,622ms] [Info] [omni.kit.app.plugin] [2.648s] [ext: isaacsim.core.prims-0.6.1] startup
2026-09-17T07:35:02Z [2,642ms] [Info] [omni.ext._impl._internal] Searching for classes derived from 'omni.ext.IExt' in 'isaacsim.core.prims' ('/home/xiexuhui/miniconda3/envs/instinctlab/lib/python3.11/site-packages/isaacsim/exts/isaacsim.core.prims')
2026-09-17T07:35:02Z [2,642ms] [Info] [omni.ext._impl._internal] Searching for classes derived from 'omni.ext.IExt' in 'isaacsim.core.prims.tests' ('/home/xiexuhui/miniconda3/envs/instinctlab/lib/python3.11/site-packages/isaacsim/exts/isaacsim.core.prims')
2026-09-17T07:35:02Z [2,642ms] [Info] [omni.ext.plugin] [ext: isaacsim.core.prims-0.6.1] started, startup time: 20 (ms)
2026-09-17T07:35:02Z [2,642ms] [Info] [omni.ext.plugin] About to startup: [ext: isaacsim.core.api-4.8.0] (order: 0) Triggered by: isaaclab.python.headless-2.3.2 (path: /home/xiexuhui/miniconda3/envs/instinctlab/lib/python3.11/site-packages/isaacsim/exts/isaacsim.core.api)
2026-09-17T07:35:02Z [2,642ms] [Info] [omni.kit.app.plugin] [2.668s] [ext: isaacsim.core.api-4.8.0] startup
2026-09-17T07:35:02Z [2,643ms] [Info] [carb] Registered plugin: isaacsim.core.api.plugin (interfaces: [omni::ext::IExt v0.1]) (impl: isaacsim.core.api.plugin)
2026-09-17T07:35:02Z [2,643ms] [Info] [carb] Initializing plugin: isaacsim.core.api.plugin (interfaces: [omni::ext::IExt v0.1]) (impl: isaacsim.core.api.plugin)
2026-09-17T07:35:02Z [2,643ms] [Info] [omni.ext.plugin] [ext: isaacsim.core.api-4.8.0] Starting ext::IExt in '/home/xiexuhui/miniconda3/envs/instinctlab/lib/python3.11/site-packages/isaacsim/exts/isaacsim.core.api/bin/libisaacsim.core.api.plugin.so'
2026-09-17T07:35:02Z [2,649ms] [Info] [omni.ext._impl._internal] Searching for classes derived from 'omni.ext.IExt' in 'isaacsim.core.api' ('/home/xiexuhui/miniconda3/envs/instinctlab/lib/python3.11/site-packages/isaacsim/exts/isaacsim.core.api')
2026-09-17T07:35:02Z [2,649ms] [Info] [omni.ext._impl._internal] Searching for classes derived from 'omni.ext.IExt' in 'isaacsim.core.api.tests' ('/home/xiexuhui/miniconda3/envs/instinctlab/lib/python3.11/site-packages/isaacsim/exts/isaacsim.core.api')
2026-09-17T07:35:02Z [2,649ms] [Info] [omni.ext.plugin] [ext: isaacsim.core.api-4.8.0] started, startup time: 6 (ms)
2026-09-17T07:35:02Z [2,649ms] [Info] [omni.ext.plugin] About to startup: [ext: omni.usd.metrics.assembler.ui-107.3.1] (order: 0) Triggered by: isaaclab.python.headless-2.3.2 (path: /home/xiexuhui/miniconda3/envs/instinctlab/lib/python3.11/site-packages/isaacsim/extscache/omni.usd.metrics.assembler.ui-107.3.1+107.3.0.cp311.u353)
2026-09-17T07:35:02Z [2,649ms] [Info] [omni.kit.app.plugin] [2.675s] [ext: omni.usd.metrics.assembler.ui-107.3.1] startup
2026-09-17T07:35:02Z [2,651ms] [Info] [omni.ext._impl._internal] Searching for classes derived from 'omni.ext.IExt' in 'omni.metrics.assembler.ui' ('/home/xiexuhui/miniconda3/envs/instinctlab/lib/python3.11/site-packages/isaacsim/extscache/omni.usd.metrics.assembler.ui-107.3.1+107.3.0.cp311.u353')
2026-09-17T07:35:02Z [2,651ms] [Info] [omni.ext._impl._internal] Found class `MetricsAssemblerUI` derived from `omni.ext.IExt` in module: 'omni.metrics.assembler.ui' in '/home/xiexuhui/miniconda3/envs/instinctlab/lib/python3.11/site-packages/isaacsim/extscache/omni.usd.metrics.assembler.ui-107.3.1+107.3.0.cp311.u353'. Calling `on_startup`.
2026-09-17T07:35:02Z [2,651ms] [Info] [omni.ext.plugin] [ext: omni.usd.metrics.assembler.ui-107.3.1] started, startup time: 2 (ms)
2026-09-17T07:35:02Z [2,651ms] [Info] [omni.ext.plugin] About to startup: [ext: omni.kit.loop-isaac-1.3.7] (order: 0) Triggered by: isaaclab.python.headless-2.3.2 (path: /home/xiexuhui/miniconda3/envs/instinctlab/lib/python3.11/site-packages/isaacsim/exts/omni.kit.loop-isaac)
2026-09-17T07:35:02Z [2,651ms] [Info] [omni.kit.app.plugin] [2.677s] [ext: omni.kit.loop-isaac-1.3.7] startup
2026-09-17T07:35:02Z [2,652ms] [Info] [carb] Registered plugin: omni.kit.loop-isaac.plugin (interfaces: [omni::ext::IExt v0.1],[omni::kit::IRunLoopRunnerImpl v1.1]) (impl: omni.kit.loop-isaac.plugin)
2026-09-17T07:35:02Z [2,652ms] [Info] [carb] Initializing plugin: omni.kit.loop-isaac.plugin (interfaces: [omni::ext::IExt v0.1],[omni::kit::IRunLoopRunnerImpl v1.1]) (impl: omni.kit.loop-isaac.plugin)
2026-09-17T07:35:02Z [2,652ms] [Info] [omni.ext.plugin] [ext: omni.kit.loop-isaac-1.3.7] Starting ext::IExt in '/home/xiexuhui/miniconda3/envs/instinctlab/lib/python3.11/site-packages/isaacsim/exts/omni.kit.loop-isaac/bin/libomni.kit.loop-isaac.plugin.so'
2026-09-17T07:35:02Z [2,652ms] [Info] [carb] Plugin omni.kit.loop-isaac.plugin is already a dependency of omni.kit.app.plugin; not changing unload order
2026-09-17T07:35:02Z [2,653ms] [Info] [omni.ext._impl._internal] Searching for classes derived from 'omni.ext.IExt' in 'omni.kit.loop' ('/home/xiexuhui/miniconda3/envs/instinctlab/lib/python3.11/site-packages/isaacsim/exts/omni.kit.loop-isaac')
2026-09-17T07:35:02Z [2,653ms] [Info] [omni.ext._impl._internal] Searching for classes derived from 'omni.ext.IExt' in 'omni.kit.loop.tests' ('/home/xiexuhui/miniconda3/envs/instinctlab/lib/python3.11/site-packages/isaacsim/exts/omni.kit.loop-isaac')
2026-09-17T07:35:02Z [2,653ms] [Info] [omni.ext.plugin] [ext: omni.kit.loop-isaac-1.3.7] started, startup time: 1 (ms)
2026-09-17T07:35:02Z [2,653ms] [Info] [omni.ext.plugin] About to startup: [ext: isaaclab-0.54.4] (order: 1000) Triggered by: isaaclab.python.headless-2.3.2, isaaclab_assets-0.2.4, isaaclab_contrib-0.0.2, isaaclab_mimic-1.0.16, isaaclab_rl-0.5.1, isaaclab_tasks-0.11.16 (path: /home/xiexuhui/IsaacLab-Instinct/source/isaaclab)
2026-09-17T07:35:02Z [2,653ms] [Info] [omni.kit.app.plugin] [2.679s] [ext: isaaclab-0.54.4] startup
2026-09-17T07:35:02Z [2,653ms] [Info] [omni.ext._impl._internal] Searching for classes derived from 'omni.ext.IExt' in 'isaaclab' ('/home/xiexuhui/IsaacLab-Instinct/source/isaaclab')
2026-09-17T07:35:02Z [2,653ms] [Info] [omni.ext.plugin] [ext: isaaclab-0.54.4] started, startup time: 0 (ms)
2026-09-17T07:35:02Z [2,653ms] [Info] [omni.ext.plugin] About to startup: [ext: isaaclab_contrib-0.0.2] (order: 0) Triggered by: isaaclab_assets-0.2.4 (path: /home/xiexuhui/IsaacLab-Instinct/source/isaaclab_contrib)
2026-09-17T07:35:02Z [2,653ms] [Info] [omni.kit.app.plugin] [2.680s] [ext: isaaclab_contrib-0.0.2] startup
2026-09-17T07:35:02Z [2,654ms] [Info] [omni.ext._impl._internal] Searching for classes derived from 'omni.ext.IExt' in 'isaaclab_contrib' ('/home/xiexuhui/IsaacLab-Instinct/source/isaaclab_contrib')
2026-09-17T07:35:02Z [2,654ms] [Info] [omni.ext.plugin] [ext: isaaclab_contrib-0.0.2] started, startup time: 0 (ms)
2026-09-17T07:35:02Z [2,654ms] [Info] [omni.ext.plugin] About to startup: [ext: isaacsim.simulation_app-2.12.2] (order: 0) Triggered by: isaaclab.python.headless-2.3.2 (path: /home/xiexuhui/miniconda3/envs/instinctlab/lib/python3.11/site-packages/isaacsim/exts/isaacsim.simulation_app)
2026-09-17T07:35:02Z [2,654ms] [Info] [omni.kit.app.plugin] [2.680s] [ext: isaacsim.simulation_app-2.12.2] startup
2026-09-17T07:35:02Z [2,654ms] [Info] [omni.ext._impl._internal] Searching for classes derived from 'omni.ext.IExt' in 'isaacsim.simulation_app' ('/home/xiexuhui/miniconda3/envs/instinctlab/lib/python3.11/site-packages/isaacsim/exts/isaacsim.simulation_app')
2026-09-17T07:35:02Z [2,654ms] [Info] [omni.ext.plugin] [ext: isaacsim.simulation_app-2.12.2] started, startup time: 0 (ms)
2026-09-17T07:35:02Z [2,654ms] [Info] [omni.ext.plugin] About to startup: [ext: isaacsim.core.cloner-1.4.10] (order: 0) Triggered by: isaaclab.python.headless-2.3.2 (path: /home/xiexuhui/miniconda3/envs/instinctlab/lib/python3.11/site-packages/isaacsim/exts/isaacsim.core.cloner)
2026-09-17T07:35:02Z [2,654ms] [Info] [omni.kit.app.plugin] [2.680s] [ext: isaacsim.core.cloner-1.4.10] startup
2026-09-17T07:35:02Z [2,656ms] [Info] [omni.ext._impl._internal] Searching for classes derived from 'omni.ext.IExt' in 'isaacsim.core.cloner' ('/home/xiexuhui/miniconda3/envs/instinctlab/lib/python3.11/site-packages/isaacsim/exts/isaacsim.core.cloner')
2026-09-17T07:35:02Z [2,656ms] [Info] [omni.ext.plugin] [ext: isaacsim.core.cloner-1.4.10] started, startup time: 1 (ms)
2026-09-17T07:35:02Z [2,656ms] [Info] [omni.ext.plugin] About to startup: [ext: omni.physx.fabric-107.3.26] (order: 0) Triggered by: isaaclab.python.headless-2.3.2 (path: /home/xiexuhui/miniconda3/envs/instinctlab/lib/python3.11/site-packages/isaacsim/extscache/omni.physx.fabric-107.3.26+107.3.3.lx64.r.cp311.u353)
2026-09-17T07:35:02Z [2,656ms] [Info] [omni.kit.app.plugin] [2.682s] [ext: omni.physx.fabric-107.3.26] startup
2026-09-17T07:35:02Z [2,658ms] [Info] [carb] Registered plugin: omni.physx.fabric.plugin (interfaces: [omni::physx::IPhysxFabric v1.0]) (impl: omni.physx.fabric.plugin)
2026-09-17T07:35:02Z [2,659ms] [Info] [omni.ext._impl._internal] Searching for classes derived from 'omni.ext.IExt' in 'omni.physxfabric' ('/home/xiexuhui/miniconda3/envs/instinctlab/lib/python3.11/site-packages/isaacsim/extscache/omni.physx.fabric-107.3.26+107.3.3.lx64.r.cp311.u353')
2026-09-17T07:35:02Z [2,659ms] [Info] [omni.ext._impl._internal] Found class `PhysxFabricExtension` derived from `omni.ext.IExt` in module: 'omni.physxfabric' in '/home/xiexuhui/miniconda3/envs/instinctlab/lib/python3.11/site-packages/isaacsim/extscache/omni.physx.fabric-107.3.26+107.3.3.lx64.r.cp311.u353'. Calling `on_startup`.
2026-09-17T07:35:02Z [2,659ms] [Info] [carb] Initializing plugin: omni.physx.fabric.plugin (interfaces: [omni::physx::IPhysxFabric v1.0]) (impl: omni.physx.fabric.plugin)
2026-09-17T07:35:02Z [2,660ms] [Info] [omni.ext.plugin] [ext: omni.physx.fabric-107.3.26] started, startup time: 4 (ms)
2026-09-17T07:35:02Z [2,660ms] [Info] [omni.ext.plugin] About to startup: [ext: isaaclab_assets-0.2.4] (order: 1000) Triggered by: isaaclab.python.headless-2.3.2, isaaclab_mimic-1.0.16, isaaclab_rl-0.5.1, isaaclab_tasks-0.11.16 (path: /home/xiexuhui/IsaacLab-Instinct/source/isaaclab_assets)
2026-09-17T07:35:02Z [2,660ms] [Info] [omni.kit.app.plugin] [2.687s] [ext: isaaclab_assets-0.2.4] startup
2026-09-17T07:35:03Z [3,677ms] [Info] [omni.ext._impl._internal] Searching for classes derived from 'omni.ext.IExt' in 'isaaclab_assets' ('/home/xiexuhui/IsaacLab-Instinct/source/isaaclab_assets')
2026-09-17T07:35:03Z [3,677ms] [Info] [omni.ext.plugin] [ext: isaaclab_assets-0.2.4] started, startup time: 1016 (ms)
2026-09-17T07:35:03Z [3,677ms] [Info] [omni.ext.plugin] About to startup: [ext: isaaclab_tasks-0.11.16] (order: 1000) Triggered by: isaaclab.python.headless-2.3.2, isaaclab_mimic-1.0.16, isaaclab_rl-0.5.1 (path: /home/xiexuhui/IsaacLab-Instinct/source/isaaclab_tasks)
2026-09-17T07:35:03Z [3,677ms] [Info] [omni.kit.app.plugin] [3.703s] [ext: isaaclab_tasks-0.11.16] startup
2026-09-17T07:35:03Z [3,897ms] [Info] [omni.ext._impl._internal] Searching for classes derived from 'omni.ext.IExt' in 'isaaclab_tasks' ('/home/xiexuhui/IsaacLab-Instinct/source/isaaclab_tasks')
2026-09-17T07:35:03Z [3,897ms] [Info] [omni.ext.plugin] [ext: isaaclab_tasks-0.11.16] started, startup time: 219 (ms)
2026-09-17T07:35:03Z [3,897ms] [Info] [omni.ext.plugin] About to startup: [ext: isaaclab_rl-0.5.1] (order: 1000) Triggered by: isaaclab.python.headless-2.3.2 (path: /home/xiexuhui/IsaacLab-Instinct/source/isaaclab_rl)
2026-09-17T07:35:03Z [3,897ms] [Info] [omni.kit.app.plugin] [3.923s] [ext: isaaclab_rl-0.5.1] startup
2026-09-17T07:35:03Z [3,897ms] [Info] [omni.ext._impl._internal] Searching for classes derived from 'omni.ext.IExt' in 'isaaclab_rl' ('/home/xiexuhui/IsaacLab-Instinct/source/isaaclab_rl')
2026-09-17T07:35:03Z [3,897ms] [Info] [omni.ext.plugin] [ext: isaaclab_rl-0.5.1] started, startup time: 0 (ms)
2026-09-17T07:35:03Z [3,897ms] [Info] [omni.ext.plugin] About to startup: [ext: isaaclab_mimic-1.0.16] (order: 1000) Triggered by: isaaclab.python.headless-2.3.2 (path: /home/xiexuhui/IsaacLab-Instinct/source/isaaclab_mimic)
2026-09-17T07:35:03Z [3,897ms] [Info] [omni.kit.app.plugin] [3.923s] [ext: isaaclab_mimic-1.0.16] startup
2026-09-17T07:35:03Z [3,897ms] [Info] [omni.ext._impl._internal] Searching for classes derived from 'omni.ext.IExt' in 'isaaclab_mimic' ('/home/xiexuhui/IsaacLab-Instinct/source/isaaclab_mimic')
2026-09-17T07:35:03Z [3,897ms] [Info] [omni.ext.plugin] [ext: isaaclab_mimic-1.0.16] started, startup time: 0 (ms)
2026-09-17T07:35:03Z [3,897ms] [Info] [omni.ext.plugin] About to startup: [ext: isaaclab.python.headless-2.3.2] (order: 0) Triggered by API/CLI/Config. (path: /home/xiexuhui/IsaacLab-Instinct/apps/isaaclab.python.headless.kit)
2026-09-17T07:35:03Z [3,897ms] [Info] [omni.kit.app.plugin] [3.923s] [ext: isaaclab.python.headless-2.3.2] startup
2026-09-17T07:35:03Z [3,897ms] [Info] [omni.ext.plugin] [ext: isaaclab.python.headless-2.3.2] started, startup time: 0 (ms)
2026-09-17T07:35:03Z [3,898ms] [Info] [omni.kit.app.plugin] app started
2026-09-17T07:35:03Z [3,898ms] [Info] [simulation_app.simulation_app] SimulationApp._start_app: Kit application startup completed
2026-09-17T07:35:03Z [3,898ms] [Info] [simulation_app.simulation_app] SimulationApp._set_render_settings: Completed render settings configuration
2026-09-17T07:35:03Z [3,898ms] [Info] [omni.kit.app.plugin] [3.924s] Simulation App Starting
2026-09-17T07:35:03Z [3,899ms] [Info] [carb] Initializing plugin: carb.memorytracking (interfaces: [carb::memorytracking::IGpuMemoryTracker v0.0],[carb::memorytracking::IMemoryScopeTracker v1.0],[carb::tasking::IFiberEvents v1.0]) (impl: carb.memorytracking)
2026-09-17T07:35:03Z [3,901ms] [Info] [simulation_app.simulation_app] SimulationApp.__init__: Creating new stage
2026-09-17T07:35:03Z [3,945ms] [Info] [carb] Initializing plugin: omni.gpucompute-cuda.plugin (interfaces: [omni::gpucompute::GpuCompute v0.3]) (impl: omni.gpucompute-cuda.plugin)
2026-09-17T07:35:03Z [3,947ms] [Info] [carb] Initializing plugin: omni.usd-abi.plugin (interfaces: [omni::usd::IPathAbi v0.1],[omni::usd::IRenderProductPrimFactory v1.5],[omni::usd::IRenderSettings v0.2],[omni::usd::IRenderSettingsLegacy v0.1],[omni::usd::IResolverPathAbi v0.2],[omni::usd::ITokenAbi v0.2]) (impl: omni.usd-abi.plugin)
2026-09-17T07:35:03Z [3,948ms] [Info] [isaacsim.core.simulation_manager.plugin] Initialized TimeSampleStorage with circular buffer capacity 31 for stage 9223001
2026-09-17T07:35:03Z [3,948ms] [Info] [carb.launcher.plugin] created the process object 0x74f28405ec00 for '/usr/bin/nvidia-smi'.
2026-09-17T07:35:03Z [3,948ms] [Info] [gpu.foundation.plugin] [DriverShaderCacheManager]: Setting DataStoreKey::MaxBlobSize[0] = 5242880 bytes
2026-09-17T07:35:03Z [3,948ms] [Info] [carb.launcher.plugin] launching the process '/usr/bin/nvidia-smi' from process 2009272.
2026-09-17T07:35:03Z [3,948ms] [Info] [gpu.foundation.plugin] [DriverShaderCacheManager]: Setting DataStoreKey::MaxBlobSize[1] = 47185920 bytes
2026-09-17T07:35:03Z [3,948ms] [Info] [gpu.foundation.plugin] [DriverShaderCacheManager]: Disabling shader cache redirection handler
2026-09-17T07:35:03Z [3,948ms] [Info] [gpu.foundation.plugin] [DriverShaderCacheManager]: The driver cache redirection shared library was disabled successfully
2026-09-17T07:35:03Z [3,949ms] [Info] [carb] Initializing plugin: carb.cudainterop.plugin (interfaces: [carb::cudainterop::CudaInterop v0.17]) (impl: carb.cudainterop.plugin)
2026-09-17T07:35:03Z [3,975ms] [Info] [gpu.foundation.plugin] [ShaderCache]: Limiting to 32-bit driver cache size: 4000 MB
2026-09-17T07:35:03Z [3,975ms] [Info] [gpu.foundation.plugin] Disabling Vulkan image compression
2026-09-17T07:35:03Z [3,975ms] [Info] [gpu.foundation.plugin] [ShaderCache]: driver app shader cache path = '/home/xiexuhui/miniconda3/envs/instinctlab/lib/python3.11/site-packages/isaacsim/extscache/omni.gpu_foundation.shadercache.vulkan-1.0.0+69cbf6ad.lx64.r/cache/nv_shadercache'; driver shader cache path = '/home/xiexuhui/miniconda3/envs/instinctlab/lib/python3.11/site-packages/isaacsim/kit/cache/nv_shadercache'
2026-09-17T07:35:03Z [3,975ms] [Info] [gpu.foundation.plugin] [ShaderCache]: Driver shaderCache directory: /home/xiexuhui/miniconda3/envs/instinctlab/lib/python3.11/site-packages/isaacsim/kit/cache/nv_shadercache
2026-09-17T07:35:03Z [3,976ms] [Info] [gpu.foundation.plugin] [ShaderCache]: Driver shadercache folder: /home/xiexuhui/miniconda3/envs/instinctlab/lib/python3.11/site-packages/isaacsim/kit/cache/nv_shadercache, file count: 12, size: 332.26 MB, process_0: 0.00 MB.
2026-09-17T07:35:03Z [3,976ms] [Info] [carb] Initializing plugin: carb.glinterop.plugin (interfaces: [carb::glinterop::GLInterop v0.6]) (impl: carb.glinterop.plugin)
2026-09-17T07:35:03Z [3,976ms] [Info] [carb.graphics-vulkan.plugin] loadVulkanGlobalFunctions. Loading libvulkan from /home/xiexuhui/miniconda3/envs/instinctlab/lib/python3.11/site-packages/isaacsim/extscache/omni.gpu_foundation-0.0.0+69cbf6ad.lx64.r.cp311/bin/deps/libvulkan.so.1
2026-09-17T07:35:03Z [4,072ms] [Info] [carb.launcher.plugin] [parent]: successfully launched the child process 2009896.
2026-09-17T07:35:03Z [4,072ms] [Info] [carb.launcher.plugin] [parent]: launched the child process 2009896 from the parent 2009272.
2026-09-17T07:35:03Z [4,072ms] [Info] [carb.launcher.plugin] [parent]: successfully launched the child process 2009896 {process = 0x74f28405ec00}
2026-09-17T07:35:03Z [4,072ms] [Info] [carb.launcher.plugin] waiting for the process 0x74f28405ec00 (2009896) to exit {timeout = 10000}
2026-09-17T07:35:03Z [4,072ms] [Info] [carb.launcher.plugin] starting the read thread for 'launcher stderr reader' for the child process 2009896.
2026-09-17T07:35:03Z [4,072ms] [Info] [carb.launcher.plugin] starting the read thread for 'launcher stdout reader' for the child process 2009896.
2026-09-17T07:35:03Z [4,101ms] [Info] [carb.graphics-vulkan.plugin] Instance extension VK_KHR_get_physical_device_properties2 required by NGX.
2026-09-17T07:35:03Z [4,168ms] [Info] [carb.launcher.plugin] read ended {errno = 0/Success}
2026-09-17T07:35:03Z [4,168ms] [Info] [carb.launcher.plugin] read failed.  Exiting the read thread {pid = 2009896, bytes = 0}
2026-09-17T07:35:03Z [4,168ms] [Info] [carb.launcher.plugin] done the read thread for 'launcher stderr reader' for the process 2009896.
2026-09-17T07:35:03Z [4,168ms] [Info] [carb.launcher.plugin] read ended {errno = 0/Success}
2026-09-17T07:35:03Z [4,168ms] [Info] [carb.launcher.plugin] read failed.  Exiting the read thread {pid = 2009896, bytes = 0}
2026-09-17T07:35:03Z [4,168ms] [Info] [carb.launcher.plugin] done the read thread for 'launcher stdout reader' for the process 2009896.
2026-09-17T07:35:03Z [4,169ms] [Info] [carb.launcher.plugin] wait succeeded.
2026-09-17T07:35:03Z [4,169ms] [Info] [carb.launcher.plugin] destroying the process object 0x74f28405ec00 {pid = 2009896}
2026-09-17T07:35:03Z [4,169ms] [Info] [carb.launcher.plugin] done destroying the process object 0x74f28405ec00 {pid = 2009896}
2026-09-17T07:35:03Z [4,173ms] [Info] [gpu.foundation.plugin] 
==============NVSMI LOG==============

Timestamp                                              : Thu Sep 17 15:35:03 2026
Driver Version                                         : 580.173.02
CUDA Version                                           : 13.0

Attached GPUs                                          : 1
GPU 00000000:02:00.0
    Product Name                                       : NVIDIA GeForce RTX 5070 Laptop GPU
    Product Brand                                      : GeForce
    Product Architecture                               : Blackwell
    Display Mode                                       : Requested functionality has been deprecated
    Display Attached                                   : No
    Display Active                                     : Disabled
    Persistence Mode                                   : Disabled
    Addressing Mode                                    : HMM
    MIG Mode
        Current                                        : N/A
        Pending                                        : N/A
    Accounting Mode                                    : Disabled
    Accounting Mode Buffer Size                        : 4000
    Driver Model
        Current                                        : N/A
        Pending                                        : N/A
    Serial Number                                      : N/A
    GPU UUID                                           : GPU-e21cdd6c-5033-73a1-8547-01f0ba2ceeaa
    GPU PDI                                            : 0xdb3943e65bae3903
    Minor Number                                       : 0
    VBIOS Version                                      : 98.06.2A.40.BD
    MultiGPU Board                                     : No
    Board ID                                           : 0x200
    Board Part Number                                  : N/A
    GPU Part Number                                    : 2D58-775-A1
    FRU Part Number                                    : N/A
    Platform Info
        Chassis Serial Number                          : 
        Slot Number                                    : 0
        Tray Index                                     : 0
        Host ID                                        : 1
        Peer Type                                      : Direct Connected
        Module Id                                      : 1
        GPU Fabric GUID                                : 0x0000000000000000
    Inforom Version
        Image Version                                  : G005.0000.98.01
        OEM Object                                     : 2.1
        ECC Object                                     : N/A
        Power Management Object                        : N/A
    Inforom BBX Object Flush
        Latest Timestamp                               : N/A
        Latest Duration                                : N/A
    GPU Operation Mode
        Current                                        : N/A
        Pending                                        : N/A
    GPU C2C Mode                                       : Disabled
    GPU Virtualization Mode
        Virtualization Mode                            : None
        Host VGPU Mode                                 : N/A
        vGPU Heterogeneous Mode                        : N/A
    GPU Recovery Action                                : None
    GSP Firmware Version                               : 580.173.02
    IBMNPU
        Relaxed Ordering Mode                          : N/A
    PCI
        Bus                                            : 0x02
        Device                                         : 0x00
        Domain                                         : 0x0000
        Base Classcode                                 : 0x3
        Sub Classcode                                  : 0x0
        Device Id                                      : 0x2D5810DE
        Bus Id                                         : 00000000:02:00.0
        Sub System Id                                  : 0x801317AA
        GPU Link Info
            PCIe Generation
                Max                                    : 5
                Current                                : 5
                Device Current                         : 5
                Device Max                             : 5
                Host Max                               : 5
            Link Width
                Max                                    : 16x
                Current                                : 8x
        Bridge Chip
            Type                                       : N/A
            Firmware                                   : N/A
        Replays Since Reset                            : 0
        Replay Number Rollovers                        : 0
        Tx Throughput                                  : 2134 KB/s
        Rx Throughput                                  : 15279 KB/s
        Atomic Caps Outbound                           : N/A
        Atomic Caps Inbound                            : FETCHADD_32 FETCHADD_64 SWAP_32 SWAP_64 CAS_32 CAS_64 
    Fan Speed                                          : N/A
    Performance State                                  : P4
    Clocks Event Reasons
        Idle                                           : Not Active
        Applications Clocks Setting                    : Not Active
        SW Power Cap                                   : Not Active
        HW Slowdown                                    : Not Active
            HW Thermal Slowdown                        : Not Active
            HW Power Brake Slowdown                    : Not Active
        Sync Boost                                     : Not Active
        SW Thermal Slowdown                            : Not Active
        Display Clock Setting                          : Not Active
    Clocks Event Reasons Counters
        SW Power Capping                               : 75796469610 us
        Sync Boost                                     : 0 us
        SW Thermal Slowdown                            : 75796469610 us
        HW Thermal Slowdown                            : 0 us
        HW Power Braking                               : 0 us
    Sparse Operation Mode                              : N/A
    FB Memory Usage
        Total                                          : 8151 MiB
        Reserved                                       : 446 MiB
        Used                                           : 327 MiB
        Free                                           : 7380 MiB
    BAR1 Memory Usage
        Total                                          : 8192 MiB
        Used                                           : 8 MiB
        Free                                           : 8184 MiB
    Conf Compute Protected Memory Usage
        Total                                          : 0 MiB
        Used                                           : 0 MiB
        Free                                           : 0 MiB
    Compute Mode                                       : Default
    Utilization
        GPU                                            : 0 %
        Memory                                         : 0 %
        Encoder                                        : 0 %
        Decoder                                        : 0 %
        JPEG                                           : 0 %
        OFA                                            : 0 %
    Encoder Stats
        Active Sessions                                : 0
        Average FPS                                    : 0
        Average Latency                                : 0
    FBC Stats
        Active Sessions                                : 0
        Average FPS                                    : 0
        Average Latency                                : 0
    DRAM Encryption Mode
        Current                                        : Disabled
        Pending                                        : Disabled
    ECC Mode
        Current                                        : N/A
        Pending                                        : N/A
    ECC Errors
        Volatile
            SRAM Correctable                           : N/A
            SRAM Uncorrectable Parity                  : N/A
            SRAM Uncorrectable SEC-DED                 : N/A
            DRAM Correctable                           : N/A
            DRAM Uncorrectable                         : N/A
        Aggregate
            SRAM Correctable                           : N/A
            SRAM Uncorrectable Parity                  : N/A
            SRAM Uncorrectable SEC-DED                 : N/A
            DRAM Correctable                           : N/A
            DRAM Uncorrectable                         : N/A
            SRAM Threshold Exceeded                    : N/A
        Aggregate Uncorrectable SRAM Sources
            SRAM L2                                    : N/A
            SRAM SM                                    : N/A
            SRAM Microcontroller                       : N/A
            SRAM PCIE                                  : N/A
            SRAM Other                                 : N/A
        Channel Repair Pending                         : No
        TPC Repair Pending                             : No
        Unrepairable Memory                            : N/A
    Retired Pages
        Single Bit ECC                                 : N/A
        Double Bit ECC                                 : N/A
        Pending Page Blacklist                         : N/A
    Remapped Rows                                      : N/A
    Temperature
        GPU Current Temp                               : 45 C
        GPU T.Limit Temp                               : 42 C
        GPU Shutdown T.Limit Temp                      : -5 C
        GPU Slowdown T.Limit Temp                      : -2 C
        GPU Max Operating T.Limit Temp                 : 0 C
        GPU Target Temperature                         : 87 C
        Memory Current Temp                            : N/A
        Memory Max Operating T.Limit Temp              : N/A
    GPU Power Readings
        Average Power Draw                             : 9.21 W
        Instantaneous Power Draw                       : 9.18 W
        Current Power Limit                            : 50.00 W
        Requested Power Limit                          : 50.00 W
        Default Power Limit                            : 50.00 W
        Min Power Limit                                : 5.00 W
        Max Power Limit                                : 115.00 W
    GPU Memory Power Readings 
        Average Power Draw                             : N/A
        Instantaneous Power Draw                       : N/A
    Module Power Readings
        Average Power Draw                             : N/A
        Instantaneous Power Draw                       : N/A
        Current Power Limit                            : N/A
        Requested Power Limit                          : N/A
        Default Power Limit                            : N/A
        Min Power Limit                                : N/A
        Max Power Limit                                : N/A
    Power Smoothing                                    : N/A
    Workload Power Profiles
        Requested Profiles                             : N/A
        Enforced Profiles                              : N/A
    Clocks
        Graphics                                       : 1417 MHz
        SM                                             : 1417 MHz
        Memory                                         : 9001 MHz
        Video                                          : 1350 MHz
    Applications Clocks
        Graphics                                       : N/A
        Memory                                         : N/A
    Default Applications Clocks
        Graphics                                       : N/A
        Memory                                         : N/A
    Deferred Clocks
        Memory                                         : N/A
    Max Clocks
        Graphics                                       : 3090 MHz
        SM                                             : 3090 MHz
        Memory                                         : 12001 MHz
        Video                                          : 3090 MHz
    Max Customer Boost Clocks
        Graphics                                       : N/A
    Clock Policy
        Auto Boost                                     : N/A
        Auto Boost Default                             : N/A
    Fabric
        State                                          : N/A
        Status                                         : N/A
        CliqueId                                       : N/A
        ClusterUUID                                    : N/A
        Health
            Summary                                    : N/A
            Bandwidth                                  : N/A
            Route Recovery in progress                 : N/A
            Route Unhealthy                            : N/A
            Access Timeout Recovery                    : N/A
            Incorrect Configuration                    : N/A
            Partition Assigned                         : N/A
    Processes
        GPU instance ID                   : N/A
        Compute instance ID               : N/A
        Process ID                        : 2754
            Type                          : G
            Name                          : ............./Xorg
            Used GPU Memory               : 4 MiB
        GPU instance ID                   : N/A
        Compute instance ID               : N/A
        Process ID                        : 2919
            Type                          : C+G
            Name                          : ............/gnome-remote-desktop-daemon
            Used GPU Memory               : 130 MiB
        GPU instance ID                   : N/A
        Compute instance ID               : N/A
        Process ID                        : 2009272
            Type                          : C
            Name                          : ............................................../python
            Used GPU Memory               : 160 MiB
    Capabilities
        EGM                                            : disabled


2026-09-17T07:35:03Z [4,180ms] [Info] [gpu.foundation.plugin] Skipping createScoringSurface for no-window request.
2026-09-17T07:35:03Z [4,183ms] [Warning] [gpu.foundation.plugin] Skipping unsupported non-NVIDIA GPU: Intel(R) Graphics (ARL)
2026-09-17T07:35:03Z [4,183ms] [Info] [gpu.foundation.plugin] Skipping software adapter 2: llvmpipe (LLVM 20.1.2, 256 bits)
2026-09-17T07:35:03Z [4,183ms] [Info] [gpu.foundation.plugin] NVIDIA Aftermath Status: auto-enabled
2026-09-17T07:35:03Z [4,183ms] [Warning] [gpu.foundation.plugin] Skipping unsupported non-NVIDIA GPU: Intel(R) Graphics (ARL)
2026-09-17T07:35:03Z [4,183ms] [Info] [gpu.foundation.plugin] X server version: 1.21.1.11
2026-09-17T07:35:03Z [4,184ms] [Info] [carb] Initializing plugin: carb.failureinjector (interfaces: [carb::IFailureInjector v1.0]) (impl: carb.failureinjector)
2026-09-17T07:35:03Z [4,184ms] [Info] [carb.graphics-vulkan.plugin] Active GPU: NVIDIA GeForce RTX 5070 Laptop GPU
2026-09-17T07:35:03Z [4,185ms] [Info] [carb.graphics-vulkan.plugin] Enabled NVIDIA Aftermath Version: 2024.1
2026-09-17T07:35:03Z [4,244ms] [Info] [carb.graphics-vulkan.plugin] Device extension VK_NVX_binary_import required by NGX.
2026-09-17T07:35:03Z [4,245ms] [Info] [carb.graphics-vulkan.plugin] Device extension VK_NVX_image_view_handle required by NGX.
2026-09-17T07:35:03Z [4,245ms] [Info] [carb.graphics-vulkan.plugin] Device extension VK_NVX_image_view_handle required by NGX.
2026-09-17T07:35:03Z [4,245ms] [Info] [carb.graphics-vulkan.plugin] Device extension VK_NVX_image_view_handle required by NGX.
2026-09-17T07:35:03Z [4,450ms] [Info] [gpu.foundation.plugin] 
|---------------------------------------------------------------------------------------------|
| Driver Version: 580.173.02    | Graphics API: Vulkan
|=============================================================================================|
| GPU | Name                             | Active | LDA | GPU Memory | Vendor-ID | LUID       |
|     |                                  |        |     |            | Device-ID | UUID       |
|     |                                  |        |     |            | Bus-ID    |            |
|---------------------------------------------------------------------------------------------|
| 0   | NVIDIA GeForce RTX 5070 Laptop.. | Yes: 0 |     | 8151    MB | 10de      | 0          |
|     |                                  |        |     |            | 2d58      | e21cdd6c.. |
|     |                                  |        |     |            | 2         |            |
|---------------------------------------------------------------------------------------------|
| 1   | Intel(R) Graphics (ARL)          |        |     | 23633   MB | 8086      | 0          |
|     |                                  |        |     |            | 7d67      | 8680677d.. |
|     |                                  |        |     |            | 0         |            |
|=============================================================================================|
| OS: 24.04.3 LTS (Noble Numbat) ubuntu, Version: 24.04.3, Kernel: 7.0.0-30-generic
| XServer Vendor: The X.Org Foundation, XServer Version: 12101011 (1.21.1.11)
| Processor: Intel(R) Core(TM) Ultra 9 275HX
| Cores: 24 | Logical Cores: 24
|---------------------------------------------------------------------------------------------|
| Total Memory (MB): 31511 | Free Memory: 22312
| Total Page/Swap (MB): 15624 | Free Page/Swap: 15624
|---------------------------------------------------------------------------------------------|

2026-09-17T07:35:03Z [4,465ms] [Warning] [gpu.foundation.plugin] CPU performance profile is set to powersave. This profile sets the CPU to the lowest frequency reducing performance.
2026-09-17T07:35:03Z [4,473ms] [Info] [gpu.foundation.plugin] ECC is disabled on physical device 0
2026-09-17T07:35:03Z [4,473ms] [Info] [gpu.foundation.plugin]  
2026-09-17T07:35:03Z [4,473ms] [Info] [gpu.foundation.plugin] vGPU License Report:
2026-09-17T07:35:03Z [4,473ms] [Info] [gpu.foundation.plugin]  
2026-09-17T07:35:03Z [4,473ms] [Info] [gpu.foundation.plugin]    Physical device 0
2026-09-17T07:35:03Z [4,473ms] [Info] [gpu.foundation.plugin]    GPU virtualization mode: Bare metal
2026-09-17T07:35:03Z [4,473ms] [Info] [gpu.foundation.plugin]    Grid License Supported: False
2026-09-17T07:35:03Z [4,473ms] [Info] [gpu.foundation.plugin]    Number of licenseable features: 0
2026-09-17T07:35:03Z [4,473ms] [Info] [gpu.foundation.plugin]  
2026-09-17T07:35:03Z [4,474ms] [Info] [gpu.foundation.plugin] Physical device 0:
2026-09-17T07:35:03Z [4,474ms] [Info] [gpu.foundation.plugin] 	PCIe Link Generation
2026-09-17T07:35:03Z [4,474ms] [Info] [gpu.foundation.plugin] 		Current 5
2026-09-17T07:35:03Z [4,474ms] [Info] [gpu.foundation.plugin] 		Max     5
2026-09-17T07:35:03Z [4,474ms] [Info] [gpu.foundation.plugin] 	PCIe Link Width
2026-09-17T07:35:03Z [4,474ms] [Info] [gpu.foundation.plugin] 		Current 8
2026-09-17T07:35:03Z [4,474ms] [Info] [gpu.foundation.plugin] 		Max     16
2026-09-17T07:35:03Z [4,474ms] [Warning] [gpu.foundation.plugin] PCIe link width current (8) and maximum (16) for device 0 don't match.
2026-09-17T07:35:03Z [4,474ms] [Warning] [gpu.foundation.plugin] IOMMU is enabled.
2026-09-17T07:35:03Z [4,474ms] [Warning] [gpu.foundation.plugin] Detected IOMMU is enabled. Running CUDA peer-to-peer bandwidth and latency validation.
2026-09-17T07:35:03Z [4,486ms] [Info] [omni.physx.foundation.plugin] PhysXFoundation: GpuFoundation created. Driver version is 580.173
2026-09-17T07:35:03Z [4,486ms] [Info] [omni.physx.plugin] Using CUDA device ordinal 0.
2026-09-17T07:35:04Z [4,672ms] [Info] [omni.usd] Status: in _OpenAsset at line 360 of /builds/omniverse/usd-resolver/source/library/OmniUsdResolver_Ar2.cpp -- OmniUsdResolver: Opening filesystem asset '/home/xiexuhui/miniconda3/envs/instinctlab/lib/python3.11/site-packages/isaacsim/extscache/omni.usd.schema.anim-0.0.0+69cbf6ad.lx64.r.cp311/plugins/retargetingSchema/resources/generatedSchema.usda' for read

2026-09-17T07:35:04Z [4,672ms] [Info] [omni.usd] Status (secondary thread): in _OpenAsset at line 360 of /builds/omniverse/usd-resolver/source/library/OmniUsdResolver_Ar2.cpp -- OmniUsdResolver: Opening filesystem asset '/home/xiexuhui/miniconda3/envs/instinctlab/lib/python3.11/site-packages/isaacsim/extscache/omni.usd.libs-1.0.1+69cbf6ad.lx64.r.cp311/bin/usd/usdRi/resources/generatedSchema.usda' for read

2026-09-17T07:35:04Z [4,672ms] [Info] [omni.usd] Status (secondary thread): in _OpenAsset at line 360 of /builds/omniverse/usd-resolver/source/library/OmniUsdResolver_Ar2.cpp -- OmniUsdResolver: Opening filesystem asset '/home/xiexuhui/miniconda3/envs/instinctlab/lib/python3.11/site-packages/isaacsim/extscache/omni.usd.libs-1.0.1+69cbf6ad.lx64.r.cp311/bin/usd/usdProc/resources/generatedSchema.usda' for read

2026-09-17T07:35:04Z [4,672ms] [Info] [omni.usd] Status (secondary thread): in _OpenAsset at line 360 of /builds/omniverse/usd-resolver/source/library/OmniUsdResolver_Ar2.cpp -- OmniUsdResolver: Opening filesystem asset '/home/xiexuhui/miniconda3/envs/instinctlab/lib/python3.11/site-packages/isaacsim/extscache/omni.usd.schema.semantics-0.0.0+69cbf6ad.lx64.r.cp311/plugins/semantics/resources/generatedSchema.usda' for read

2026-09-17T07:35:04Z [4,672ms] [Info] [omni.usd] Status (secondary thread): in _OpenAsset at line 360 of /builds/omniverse/usd-resolver/source/library/OmniUsdResolver_Ar2.cpp -- OmniUsdResolver: Opening filesystem asset '/home/xiexuhui/miniconda3/envs/instinctlab/lib/python3.11/site-packages/isaacsim/extscache/omni.usd.libs-1.0.1+69cbf6ad.lx64.r.cp311/bin/usd/usd/resources/generatedSchema.usda' for read

2026-09-17T07:35:04Z [4,672ms] [Info] [omni.usd] Status (secondary thread): in _OpenAsset at line 360 of /builds/omniverse/usd-resolver/source/library/OmniUsdResolver_Ar2.cpp -- OmniUsdResolver: Opening filesystem asset '/home/xiexuhui/miniconda3/envs/instinctlab/lib/python3.11/site-packages/isaacsim/extscache/omni.usd.libs-1.0.1+69cbf6ad.lx64.r.cp311/bin/usd/usdGeom/resources/generatedSchema.usda' for read

2026-09-17T07:35:04Z [4,672ms] [Info] [omni.usd] Status (secondary thread): in _OpenAsset at line 360 of /builds/omniverse/usd-resolver/source/library/OmniUsdResolver_Ar2.cpp -- OmniUsdResolver: Opening filesystem asset '/home/xiexuhui/miniconda3/envs/instinctlab/lib/python3.11/site-packages/isaacsim/extscache/omni.usd.libs-1.0.1+69cbf6ad.lx64.r.cp311/bin/usd/usdVol/resources/generatedSchema.usda' for read

2026-09-17T07:35:04Z [4,672ms] [Info] [omni.usd] Status (secondary thread): in _OpenAsset at line 360 of /builds/omniverse/usd-resolver/source/library/OmniUsdResolver_Ar2.cpp -- OmniUsdResolver: Opening filesystem asset '/home/xiexuhui/miniconda3/envs/instinctlab/lib/python3.11/site-packages/isaacsim/extscache/omni.usd.schema.physx-107.3.26+107.3.3.lx64.r.cp311.u353/plugins/OmniUsdPhysicsDeformableSchema/resources/generatedSchema.usda' for read

2026-09-17T07:35:04Z [4,672ms] [Info] [omni.usd] Status (secondary thread): in _OpenAsset at line 360 of /builds/omniverse/usd-resolver/source/library/OmniUsdResolver_Ar2.cpp -- OmniUsdResolver: Opening filesystem asset '/home/xiexuhui/miniconda3/envs/instinctlab/lib/python3.11/site-packages/isaacsim/extscache/omni.usd.schema.audio-0.0.0+69cbf6ad.lx64.r.cp311/plugins/omniAudioSchema/resources/generatedSchema.usda' for read

2026-09-17T07:35:04Z [4,672ms] [Info] [omni.usd] Status (secondary thread): in _OpenAsset at line 360 of /builds/omniverse/usd-resolver/source/library/OmniUsdResolver_Ar2.cpp -- OmniUsdResolver: Opening filesystem asset '/home/xiexuhui/miniconda3/envs/instinctlab/lib/python3.11/site-packages/isaacsim/extscache/omni.usd.schema.physx-107.3.26+107.3.3.lx64.r.cp311.u353/plugins/PhysxSchemaAddition/resources/generatedSchema.usda' for read

2026-09-17T07:35:04Z [4,672ms] [Info] [omni.usd] Status (secondary thread): in _OpenAsset at line 360 of /builds/omniverse/usd-resolver/source/library/OmniUsdResolver_Ar2.cpp -- OmniUsdResolver: Opening filesystem asset '/home/xiexuhui/miniconda3/envs/instinctlab/lib/python3.11/site-packages/isaacsim/extscache/omni.usd.libs-1.0.1+69cbf6ad.lx64.r.cp311/bin/usd/usdSkel/resources/generatedSchema.usda' for read

2026-09-17T07:35:04Z [4,672ms] [Info] [omni.usd] Status (secondary thread): in _OpenAsset at line 360 of /builds/omniverse/usd-resolver/source/library/OmniUsdResolver_Ar2.cpp -- OmniUsdResolver: Opening filesystem asset '/home/xiexuhui/miniconda3/envs/instinctlab/lib/python3.11/site-packages/isaacsim/extscache/omni.usd.libs-1.0.1+69cbf6ad.lx64.r.cp311/bin/usd/usdHydra/resources/generatedSchema.usda' for read

2026-09-17T07:35:04Z [4,672ms] [Info] [omni.usd] Status (secondary thread): in _OpenAsset at line 360 of /builds/omniverse/usd-resolver/source/library/OmniUsdResolver_Ar2.cpp -- OmniUsdResolver: Opening filesystem asset '/home/xiexuhui/miniconda3/envs/instinctlab/lib/python3.11/site-packages/isaacsim/extscache/omni.usd.libs-1.0.1+69cbf6ad.lx64.r.cp311/bin/usd/usdShade/resources/generatedSchema.usda' for read

2026-09-17T07:35:04Z [4,672ms] [Info] [omni.usd] Status (secondary thread): in _OpenAsset at line 360 of /builds/omniverse/usd-resolver/source/library/OmniUsdResolver_Ar2.cpp -- OmniUsdResolver: Opening filesystem asset '/home/xiexuhui/miniconda3/envs/instinctlab/lib/python3.11/site-packages/isaacsim/extscache/omni.usd.libs-1.0.1+69cbf6ad.lx64.r.cp311/bin/usd/usdPhysics/resources/generatedSchema.usda' for read

2026-09-17T07:35:04Z [4,672ms] [Info] [omni.usd] Status (secondary thread): in _OpenAsset at line 360 of /builds/omniverse/usd-resolver/source/library/OmniUsdResolver_Ar2.cpp -- OmniUsdResolver: Opening filesystem asset '/home/xiexuhui/miniconda3/envs/instinctlab/lib/python3.11/site-packages/isaacsim/extscache/omni.usd.libs-1.0.1+69cbf6ad.lx64.r.cp311/bin/usd/usdLux/resources/generatedSchema.usda' for read

2026-09-17T07:35:04Z [4,672ms] [Info] [omni.usd] Status (secondary thread): in _OpenAsset at line 360 of /builds/omniverse/usd-resolver/source/library/OmniUsdResolver_Ar2.cpp -- OmniUsdResolver: Opening filesystem asset '/home/xiexuhui/miniconda3/envs/instinctlab/lib/python3.11/site-packages/isaacsim/extscache/omni.usd.schema.physx-107.3.26+107.3.3.lx64.r.cp311.u353/plugins/PhysxSchema/resources/generatedSchema.usda' for read

2026-09-17T07:35:04Z [4,672ms] [Info] [omni.usd] Status (secondary thread): in _OpenAsset at line 360 of /builds/omniverse/usd-resolver/source/library/OmniUsdResolver_Ar2.cpp -- OmniUsdResolver: Opening filesystem asset '/home/xiexuhui/miniconda3/envs/instinctlab/lib/python3.11/site-packages/isaacsim/extscache/omni.usd.libs-1.0.1+69cbf6ad.lx64.r.cp311/bin/usd/usdUI/resources/generatedSchema.usda' for read

2026-09-17T07:35:04Z [4,673ms] [Info] [omni.usd] Status (secondary thread): in _OpenAsset at line 360 of /builds/omniverse/usd-resolver/source/library/OmniUsdResolver_Ar2.cpp -- OmniUsdResolver: Opening filesystem asset '/home/xiexuhui/miniconda3/envs/instinctlab/lib/python3.11/site-packages/isaacsim/extscache/omni.usd.libs-1.0.1+69cbf6ad.lx64.r.cp311/bin/usd/usdRender/resources/generatedSchema.usda' for read

2026-09-17T07:35:04Z [4,673ms] [Info] [omni.usd] Status (secondary thread): in _OpenAsset at line 360 of /builds/omniverse/usd-resolver/source/library/OmniUsdResolver_Ar2.cpp -- OmniUsdResolver: Opening filesystem asset '/home/xiexuhui/miniconda3/envs/instinctlab/lib/python3.11/site-packages/isaacsim/extscache/omni.usd.schema.anim-0.0.0+69cbf6ad.lx64.r.cp311/plugins/animationSchema/resources/generatedSchema.usda' for read

2026-09-17T07:35:04Z [4,673ms] [Info] [omni.usd] Status (secondary thread): in _OpenAsset at line 360 of /builds/omniverse/usd-resolver/source/library/OmniUsdResolver_Ar2.cpp -- OmniUsdResolver: Opening filesystem asset '/home/xiexuhui/miniconda3/envs/instinctlab/lib/python3.11/site-packages/isaacsim/extscache/omni.usd.schema.anim-0.0.0+69cbf6ad.lx64.r.cp311/plugins/omniSkelSchema/resources/generatedSchema.usda' for read

2026-09-17T07:35:04Z [4,673ms] [Info] [omni.usd] Status (secondary thread): in _OpenAsset at line 360 of /builds/omniverse/usd-resolver/source/library/OmniUsdResolver_Ar2.cpp -- OmniUsdResolver: Opening filesystem asset '/home/xiexuhui/miniconda3/envs/instinctlab/lib/python3.11/site-packages/isaacsim/extscache/omni.usd.libs-1.0.1+69cbf6ad.lx64.r.cp311/bin/usd/usdSemantics/resources/generatedSchema.usda' for read

2026-09-17T07:35:04Z [4,673ms] [Info] [omni.usd] Status (secondary thread): in _OpenAsset at line 360 of /builds/omniverse/usd-resolver/source/library/OmniUsdResolver_Ar2.cpp -- OmniUsdResolver: Opening filesystem asset '/home/xiexuhui/miniconda3/envs/instinctlab/lib/python3.11/site-packages/isaacsim/extscache/omni.usd.libs-1.0.1+69cbf6ad.lx64.r.cp311/bin/usd/usdMedia/resources/generatedSchema.usda' for read

2026-09-17T07:35:04Z [4,686ms] [Info] [omni.kit.app.plugin] kEventAppReady event was delayed by: omni.usd,omni.usd
2026-09-17T07:35:04Z [4,687ms] [Info] [simulation_app.simulation_app] SimulationApp._prepare_ui: Starting UI setup
2026-09-17T07:35:04Z [4,687ms] [Info] [omni.kit.app.plugin] [4.713s] app ready
2026-09-17T07:35:04Z [4,687ms] [Info] [omni.kit.app._impl] python GC: gc.enable()
2026-09-17T07:35:04Z [4,831ms] [Info] [simulation_app.simulation_app] SimulationApp._prepare_ui: UI setup completed
2026-09-17T07:35:04Z [4,831ms] [Info] [simulation_app.simulation_app] SimulationApp._wait_for_viewport: Starting viewport wait
2026-09-17T07:35:04Z [4,832ms] [Info] [simulation_app.simulation_app] SimulationApp._wait_for_viewport: Exception during viewport wait: No module named 'omni.kit.viewport'
2026-09-17T07:35:04Z [4,832ms] [Info] [simulation_app.simulation_app] SimulationApp._wait_for_viewport: Running final update frames for docking
2026-09-17T07:35:04Z [4,832ms] [Info] [simulation_app.simulation_app] SimulationApp._wait_for_viewport: Viewport wait completed
2026-09-17T07:35:04Z [4,832ms] [Info] [omni.kit.app.plugin] [4.858s] Simulation App Startup Complete
2026-09-17T07:35:06Z [6,667ms] [Info] [simulation_app.simulation_app] SimulationApp.close: Closing application
2026-09-17T07:35:06Z [6,667ms] [Info] [simulation_app.simulation_app] SimulationApp.close: Replicator shutdown finished
2026-09-17T07:35:06Z [6,671ms] [Info] [simulation_app.simulation_app] SimulationApp.close: Stage closed
2026-09-17T07:35:06Z [6,671ms] [Info] [omni.kit.app.plugin] [6.697s] Simulation App Shutting Down
2026-09-17T07:35:06Z [6,671ms] [Info] [simulation_app.simulation_app] SimulationApp.close: shutting down app and releasing framework
